CREATE DATABASE  IF NOT EXISTS `golf` /*!40100 DEFAULT CHARACTER SET latin1 */;
USE `golf`;
-- MySQL dump 10.13  Distrib 5.6.51, for Win64 (x86_64)
--
-- Host: localhost    Database: golf
-- ------------------------------------------------------
-- Server version	5.6.51-log

/*!40101 SET @OLD_CHARACTER_SET_CLIENT=@@CHARACTER_SET_CLIENT */;
/*!40101 SET @OLD_CHARACTER_SET_RESULTS=@@CHARACTER_SET_RESULTS */;
/*!40101 SET @OLD_COLLATION_CONNECTION=@@COLLATION_CONNECTION */;
/*!40101 SET NAMES utf8 */;
/*!40103 SET @OLD_TIME_ZONE=@@TIME_ZONE */;
/*!40103 SET TIME_ZONE='+00:00' */;
/*!40014 SET @OLD_UNIQUE_CHECKS=@@UNIQUE_CHECKS, UNIQUE_CHECKS=0 */;
/*!40014 SET @OLD_FOREIGN_KEY_CHECKS=@@FOREIGN_KEY_CHECKS, FOREIGN_KEY_CHECKS=0 */;
/*!40101 SET @OLD_SQL_MODE=@@SQL_MODE, SQL_MODE='NO_AUTO_VALUE_ON_ZERO' */;
/*!40111 SET @OLD_SQL_NOTES=@@SQL_NOTES, SQL_NOTES=0 */;

--
-- Table structure for table `course`
--

DROP TABLE IF EXISTS `course`;
/*!40101 SET @saved_cs_client     = @@character_set_client */;
/*!40101 SET character_set_client = utf8 */;
CREATE TABLE `course` (
  `courseid` bigint(20) NOT NULL,
  `Description` varchar(100) DEFAULT NULL,
  `Holes` int(11) DEFAULT '0',
  `frontpar` int(11) DEFAULT '0',
  `BackPar` int(11) DEFAULT '0',
  `Par` int(11) DEFAULT '0',
  `frontmetres` int(11) DEFAULT '0',
  `backmetres` int(11) DEFAULT '0',
  `totalmetres` int(11) DEFAULT '0',
  `frontyards` int(11) DEFAULT '0',
  `backyards` int(11) DEFAULT '0',
  `totalyards` int(11) DEFAULT '0',
  PRIMARY KEY (`courseid`)
) ENGINE=InnoDB DEFAULT CHARSET=latin1;
/*!40101 SET character_set_client = @saved_cs_client */;

--
-- Dumping data for table `course`
--

LOCK TABLES `course` WRITE;
/*!40000 ALTER TABLE `course` DISABLE KEYS */;
INSERT INTO `course` VALUES (1614697043090,'Royal JHB and Kensington Golf Club',18,37,35,72,3604,3397,7001,3941,3715,7656);
/*!40000 ALTER TABLE `course` ENABLE KEYS */;
UNLOCK TABLES;

--
-- Table structure for table `courseholes`
--

DROP TABLE IF EXISTS `courseholes`;
/*!40101 SET @saved_cs_client     = @@character_set_client */;
/*!40101 SET character_set_client = utf8 */;
CREATE TABLE `courseholes` (
  `idcourseholes` int(11) NOT NULL,
  `courseid` bigint(20) DEFAULT NULL,
  `HoleDesc` varchar(80) DEFAULT NULL,
  `HoleNumber` int(11) DEFAULT '-1',
  `par` int(11) DEFAULT NULL,
  `yards` int(11) DEFAULT NULL,
  `metres` int(11) DEFAULT NULL,
  PRIMARY KEY (`idcourseholes`)
) ENGINE=InnoDB DEFAULT CHARSET=latin1;
/*!40101 SET character_set_client = @saved_cs_client */;

--
-- Dumping data for table `courseholes`
--

LOCK TABLES `courseholes` WRITE;
/*!40000 ALTER TABLE `courseholes` DISABLE KEYS */;
INSERT INTO `courseholes` VALUES (1,1614697043090,'Hole 1',1,5,0,472),(2,1614697043090,'Hole 2',2,3,0,231),(3,1614697043090,'Hole 3',3,4,0,459),(4,1614697043090,'Hole 4',4,4,0,435),(5,1614697043090,'Hole 5',5,3,0,162),(6,1614697043090,'Hole 6',6,5,0,530),(7,1614697043090,'Hole 7',7,4,0,420),(8,1614697043090,'Hole 8',8,5,0,506),(9,1614697043090,'Hole 9',9,4,0,389),(10,1614697043090,'Hole 10',10,4,0,474),(11,1614697043090,'Hole 11',11,4,0,457),(12,1614697043090,'Hole 12',12,3,0,181),(13,1614697043090,'Hole 13',13,4,0,384),(14,1614697043090,'Hole 14',14,4,0,413),(15,1614697043090,'Hole 15',15,4,0,440),(16,1614697043090,'Hole 16',16,3,0,190),(17,1614697043090,'Hole 17',17,4,0,354),(18,1614697043090,'Hole 18',18,5,0,504);
/*!40000 ALTER TABLE `courseholes` ENABLE KEYS */;
UNLOCK TABLES;

--
-- Table structure for table `databaseversion`
--

DROP TABLE IF EXISTS `databaseversion`;
/*!40101 SET @saved_cs_client     = @@character_set_client */;
/*!40101 SET character_set_client = utf8 */;
CREATE TABLE `databaseversion` (
  `idDataBaseVersion` int(11) NOT NULL,
  `VersionDescription` varchar(300) DEFAULT NULL,
  PRIMARY KEY (`idDataBaseVersion`)
) ENGINE=InnoDB DEFAULT CHARSET=latin1;
/*!40101 SET character_set_client = @saved_cs_client */;

--
-- Dumping data for table `databaseversion`
--

LOCK TABLES `databaseversion` WRITE;
/*!40000 ALTER TABLE `databaseversion` DISABLE KEYS */;
INSERT INTO `databaseversion` VALUES (1,'Golf2021-02-24');
/*!40000 ALTER TABLE `databaseversion` ENABLE KEYS */;
UNLOCK TABLES;

--
-- Table structure for table `players`
--

DROP TABLE IF EXISTS `players`;
/*!40101 SET @saved_cs_client     = @@character_set_client */;
/*!40101 SET character_set_client = utf8 */;
CREATE TABLE `players` (
  `playerid` bigint(20) NOT NULL,
  `firstname` varchar(200) DEFAULT NULL,
  `lastname` varchar(200) DEFAULT NULL,
  `DOB` datetime DEFAULT CURRENT_TIMESTAMP,
  `webserverid` varchar(200) DEFAULT NULL,
  `city` varchar(200) DEFAULT '',
  `country` varchar(200) DEFAULT '',
  `photopath` varchar(200) DEFAULT '',
  `videopath` varchar(200) DEFAULT '',
  `Ranking` varchar(45) DEFAULT NULL,
  `Pro` int(11) DEFAULT '-1',
  `Bio1` varchar(1000) DEFAULT NULL,
  `Bio2` varchar(1000) DEFAULT NULL,
  `Bio3` varchar(1000) DEFAULT NULL,
  `Logo1` varchar(500) DEFAULT '',
  `Logo2` varchar(500) DEFAULT '',
  `countryFlag` varchar(1000) DEFAULT '',
  `GroupID` int(11) DEFAULT '0',
  PRIMARY KEY (`playerid`)
) ENGINE=InnoDB DEFAULT CHARSET=latin1;
/*!40101 SET character_set_client = @saved_cs_client */;

--
-- Dumping data for table `players`
--

LOCK TABLES `players` WRITE;
/*!40000 ALTER TABLE `players` DISABLE KEYS */;
INSERT INTO `players` VALUES (-1,' ',' ','2021-03-03 21:30:00','0000','','','','',NULL,-1,NULL,NULL,NULL,'','','',0),(1614872890756,'ADRIEL','POONAN','1995-10-11 00:00:00','POO004','','RSA','','',NULL,0,'Year Turned Pro: 2017','Stroke Average: 76.46','Year Turned Pro: 2017','','','IMAGE*Seb4_Projects/Supersport_2018/_Images/Logos/Golf/Golf_Flags/South_Africa',0),(1614872890758,'CHRIS','SWANEPOEL','1984-11-22 00:00:00','SWA010','','RSA','','',NULL,0,'Year Turned Pro: 2003','Stroke Average: 72.09','4 TOURNAMENT WINS','','','IMAGE*Seb4_Projects/Supersport_2018/_Images/Logos/Golf/Golf_Flags/South_Africa',0),(1614872890760,'DESNE','VAN DEN BERGH','1989-10-20 00:00:00','VAN186','','RSA','','',NULL,0,'Year Turned Pro: 2013','Stroke Average: 73.45','AVERAGES 3 BIRDIES PER ROUND','','','IMAGE*Seb4_Projects/Supersport_2018/_Images/Logos/Golf/Golf_Flags/South_Africa',0),(1614872890763,'PIETER','MOOLMAN','1991-02-26 00:00:00','MOO018','','RSA','','',NULL,0,'Year Turned Pro: 2011','Stroke Average: 72.61','Year Turned Pro: 2011','','','IMAGE*Seb4_Projects/Supersport_2018/_Images/Logos/Golf/Golf_Flags/South_Africa',0),(1614872890764,'JARED','HARVEY','1988-08-06 00:00:00','HAR040','','RSA','','',NULL,0,'Year Turned Pro: 2011','Stroke Average: 71.52','1 TOURNAMENT WIN','','','IMAGE*Seb4_Projects/Supersport_2018/_Images/Logos/Golf/Golf_Flags/South_Africa',0),(1614872890765,'MUSIWALO','NETHUNZWI','1989-04-24 00:00:00','NET003','','RSA','','',NULL,0,'Year Turned Pro: 2013','Stroke Average: 73.72','Year Turned Pro: 2013','','','IMAGE*Seb4_Projects/Supersport_2018/_Images/Logos/Golf/Golf_Flags/South_Africa',0),(1614872890766,'JACQUES','KRUYSWIJK','1992-10-16 00:00:00','KRU019','','RSA','','',NULL,0,'Year Turned Pro: 2013','Stroke Average: 71.14','62 LOWEST ROUND SCORE','','','IMAGE*Seb4_Projects/Supersport_2018/_Images/Logos/Golf/Golf_Flags/South_Africa',0),(1614872890767,'JAKE','ROOS','1980-10-20 00:00:00','ROO003','','RSA','','',NULL,0,'Year Turned Pro: 2005','Stroke Average: 71.13','6 SUNSHINE TOUR WINS','','','IMAGE*Seb4_Projects/Supersport_2018/_Images/Logos/Golf/Golf_Flags/South_Africa',0),(1614872890768,'RUAN','KORB','1993-12-03 00:00:00','KOR003','','RSA','','',NULL,0,'Year Turned Pro: 2017','Stroke Average: 72.78','AVERAGES 3 BIRDIES PER ROUND','','','IMAGE*Seb4_Projects/Supersport_2018/_Images/Logos/Golf/Golf_Flags/South_Africa',3),(1614872890769,'JACO','PRINSLOO','1989-08-23 00:00:00','PRI022','','RSA','','',NULL,0,'Year Turned Pro: 2012','Stroke Average: 71.65','1 TOURNAMENT WIN','','','IMAGE*Seb4_Projects/Supersport_2018/_Images/Logos/Golf/Golf_Flags/South_Africa',3),(1614872890770,'JAKE','REDMAN','1987-04-26 00:00:00','RED004','','RSA','','',NULL,0,'Year Turned Pro: 2010','Stroke Average: 72.25','63 LOWEST ROUND SCORE','','','IMAGE*Seb4_Projects/Supersport_2018/_Images/Logos/Golf/Golf_Flags/South_Africa',3),(1614872890771,'ALEX','HAINDL','1983-02-03 00:00:00','HAI002','','RSA','','',NULL,0,'Year Turned Pro: 2000','Stroke Average: 71.72','3 TOURNAMENT WINS','','','IMAGE*Seb4_Projects/Supersport_2018/_Images/Logos/Golf/Golf_Flags/South_Africa',3),(1614872890772,'THRISTON','LAWRENCE','1996-12-03 00:00:00','LAW008','','RSA','','',NULL,0,'Year Turned Pro: 2014','Stroke Average: 70.72','AVERAGES 4 BIRDIES PER ROUND','','','IMAGE*Seb4_Projects/Supersport_2018/_Images/Logos/Golf/Golf_Flags/South_Africa',2),(1614872890773,'OCKIE','STRYDOM','1985-01-08 00:00:00','STR011','','RSA','','',NULL,0,'Year Turned Pro: 2009','Stroke Average: 71.71','AVERAGES 4 BIRDIES PER ROUND','','','IMAGE*Seb4_Projects/Supersport_2018/_Images/Logos/Golf/Golf_Flags/South_Africa',2),(1614872890774,'JACQUES','BLAAUW','1986-02-12 00:00:00','BLA019','','RSA','','',NULL,0,'Year Turned Pro: 2008','RANKED 411 IN THE OFFICIAL WORLD GOLF RANKINGS','4 TOURNAMENT WINS','','','IMAGE*Seb4_Projects/Supersport_2018/_Images/Logos/Golf/Golf_Flags/South_Africa',2),(1614872890776,'JEAN','HUGO','1975-12-03 00:00:00','HUG004','','RSA','','',NULL,0,'Year Turned Pro: 1999','Stroke Average: 70.77','18 WINS IN THE SUNSHINE TOUR','','','IMAGE*Seb4_Projects/Supersport_2018/_Images/Logos/Golf/Golf_Flags/South_Africa',2),(1614872890777,'ADILSON','DA SILVA','1972-01-24 00:00:00','DAS001','','BRA','','',NULL,0,'Year Turned Pro: 1994','Stroke Average: 70.61','RANKED 367 IN THE OFFICIAL WORLD GOLF RANKINGS','','','IMAGE*Seb4_Projects/Supersport_2018/_Images/Logos/Golf/Golf_Flags/Brazil',1),(1614872890778,'JJ','SENEKAL','1988-01-25 00:00:00','SEN004','','RSA','','',NULL,0,'Amateur','Stroke Average: 72.42','2 TOURNAMENT WINS','','','IMAGE*Seb4_Projects/Supersport_2018/_Images/Logos/Golf/Golf_Flags/South_Africa',1),(1614872890779,'JAMES','KINGSTON','1965-11-30 00:00:00','KIN001','','RSA','','',NULL,0,'Year Turned Pro: 1988','2007 SUNSHINE TOUR WINNER','12 TOURNAMENT WNS','','','IMAGE*Seb4_Projects/Supersport_2018/_Images/Logos/Golf/Golf_Flags/South_Africa',1),(1614872890780,'RHYS','ENOCH','1988-06-16 00:00:00','ENO002','','WAL','','',NULL,0,'Year Turned Pro: 2012','Stroke Average: 71.47','1 TOURNAMENT WIN','','','IMAGE*Seb4_Projects/Supersport_2018/_Images/Logos/Golf/Golf_Flags/Wales',1),(1614872890781,'HENNIE','O\'KENNEDY','1996-09-02 00:00:00','OKE004','','RSA','','',NULL,0,'Amateur','Stroke Average: 73.82','63 LOWEST ROUND SCORE ','','','IMAGE*Seb4_Projects/Supersport_2018/_Images/Logos/Golf/Golf_Flags/South_Africa',0),(1614872890782,'LUKE','BROWN','1998-06-02 00:00:00','BRO037','','RSA','','',NULL,0,'Year Turned Pro: 2018','Stroke Average: 72.63','AVERAGES 3 BIRDIES PER ROUND','','','IMAGE*Seb4_Projects/Supersport_2018/_Images/Logos/Golf/Golf_Flags/South_Africa',0),(1614872890783,'MALCOLM','MITCHELL','1994-12-11 00:00:00','MIT007','','RSA','','',NULL,0,'Year Turned Pro: 2019','Stroke Average: 71.06','118 BIRDIES IN 31 ROUNDS','','','IMAGE*Seb4_Projects/Supersport_2018/_Images/Logos/Golf/Golf_Flags/South_Africa',0),(1614872890784,'TRISTEN','STRYDOM','1997-02-21 00:00:00','STR026','','RSA','','',NULL,0,'Year Turned Pro: 2017','Stroke Average: 72.64','15 EAGLES IN 61 ROUNDS','','','IMAGE*Seb4_Projects/Supersport_2018/_Images/Logos/Golf/Golf_Flags/South_Africa',0),(1614872890785,'HEINRICH','BRUINERS','1987-10-07 00:00:00','BRU006','','RSA','','',NULL,0,'Year Turned Pro: 2006','Stroke Average: 72.71','1 TOURNAMENT WIN','','','IMAGE*Seb4_Projects/Supersport_2018/_Images/Logos/Golf/Golf_Flags/South_Africa',0),(1614872890786,'LYLE','ROWE','1987-06-13 00:00:00','ROW005','','RSA','','',NULL,0,'Year Turned Pro: 2009','Stroke Average: 72.13','2 TOURNAMENT WINS','','','IMAGE*Seb4_Projects/Supersport_2018/_Images/Logos/Golf/Golf_Flags/South_Africa',0),(1614872890787,'DEAN','BURMESTER','1989-06-02 00:00:00','BUR025','','RSA','','',NULL,0,'Year Turned Pro: 2010','7 TOURNAMENT WINS','RANKED 183 IN THE OFFICIAL WORLD GOLF RANKINGS','','','IMAGE*Seb4_Projects/Supersport_2018/_Images/Logos/Golf/Golf_Flags/South_Africa',0),(1614872890788,'ZANDER','LOMBARD','1995-01-18 00:00:00','LOM010','','RSA','','',NULL,0,'Year Turned Pro: 2014','RANKED 371 IN THE OFFICIAL WORLD GOLF RANKINGS','2018/19 SUNSHINE TOUR WINNER','','','IMAGE*Seb4_Projects/Supersport_2018/_Images/Logos/Golf/Golf_Flags/South_Africa',0),(1614872890789,'JACO','AHLERS','1982-11-19 00:00:00','AHL001','','RSA','','',NULL,0,'Year Turned Pro: 2006','RANKED 274 IN THE OFFICIAL WORLD GOLF RANKINGS','9 TOURNAMENT WINS','','','IMAGE*Seb4_Projects/Supersport_2018/_Images/Logos/Golf/Golf_Flags/South_Africa',0),(1614872890790,'DARREN','FICHARDT','1975-05-13 00:00:00','FIC002','','RSA','','',NULL,0,'Year Turned Pro: 1994','18 TOURNAMENT WINS','RANKED 236 IN THE OFFICIAL WORLD GOLF RANKINGS','','','IMAGE*Seb4_Projects/Supersport_2018/_Images/Logos/Golf/Golf_Flags/South_Africa',0),(1614872890791,'KEENAN','DAVIDSE','1989-05-10 00:00:00','DAV019','','RSA','','',NULL,0,'Year Turned Pro: 2009','Stroke Average: 71.99','Year Turned Pro: 2009','','','IMAGE*Seb4_Projects/Supersport_2018/_Images/Logos/Golf/Golf_Flags/South_Africa',0),(1614872890792,'LOUIS','DE JAGER','1987-03-30 00:00:00','DEJ006','','RSA','','',NULL,0,'Year Turned Pro: 2008','5 TOURNAMENT WINS','RANKED 322 IN THE OFFICIAL WORLD GOLF RANKINGS','','','IMAGE*Seb4_Projects/Supersport_2018/_Images/Logos/Golf/Golf_Flags/South_Africa',0),(1614872890794,'NEIL','SCHIETEKAT','1984-01-31 00:00:00','SCH044','','RSA','','',NULL,0,'Year Turned Pro: 2006','3 TOURNAMENT WINS','RANKED 366 IN THE OFFICIAL WORLD GOLF RANKINGS','','','IMAGE*Seb4_Projects/Supersport_2018/_Images/Logos/Golf/Golf_Flags/South_Africa',0),(1614872890795,'WILCO','NIENABER','2000-04-07 00:00:00','NIE008','','RSA','','',NULL,0,'Amateur','Stroke Average: 70.06','AVERAGES 5 BIRDIES PER ROUND','','','IMAGE*Seb4_Projects/Supersport_2018/_Images/Logos/Golf/Golf_Flags/South_Africa',0),(1614872890796,'DYLAN','NAIDOO','1992-02-21 00:00:00','NAI013','','RSA','','',NULL,0,'Year Turned Pro: 2019','Stroke Average: 71.91','65 LOWEST ROUND SCORE','','','IMAGE*Seb4_Projects/Supersport_2018/_Images/Logos/Golf/Golf_Flags/South_Africa',0),(1614872890798,'MERRICK','BREMNER','1986-03-26 00:00:00','BRE005','','RSA','','',NULL,0,'Year Turned Pro: 2005','Stroke Average: 71.62','7 TOURNAMENT WINS','','','IMAGE*Seb4_Projects/Supersport_2018/_Images/Logos/Golf/Golf_Flags/South_Africa',0),(1614872890799,'SHAUN','NORRIS','1982-05-14 00:00:00','NOR008','','RSA','','',NULL,0,'Year Turned Pro: 2002','2 TOURNAMENT WINS','RANKED 111 IN THE OFFICIAL WORLD GOLF RANKINGS','','','IMAGE*Seb4_Projects/Supersport_2018/_Images/Logos/Golf/Golf_Flags/South_Africa',0),(1614872890800,'JAYDEN','SCHAPER','2001-03-15 00:00:00','SCH079','','RSA','','',NULL,0,'Amateur','Stroke Average: 70.43','8 EAGLES IN 35 ROUNDS','','','IMAGE*Seb4_Projects/Supersport_2018/_Images/Logos/Golf/Golf_Flags/South_Africa',0),(1614872890801,'GARRICK','HIGGO','1999-05-12 00:00:00','HIG006','','RSA','','',NULL,0,'Year Turned Pro: 2019','Stroke Average: 70.10','10 EAGLES IN 63 ROUNDS','','','IMAGE*Seb4_Projects/Supersport_2018/_Images/Logos/Golf/Golf_Flags/South_Africa',0),(1614872890802,'TOTO','THIMBA JNR','1986-02-10 00:00:00','THI001','','RSA','','',NULL,0,'Year Turned Pro: 2007','Stroke Average: 72.83','63 LOWEST ROUND SCORE','','','IMAGE*Seb4_Projects/Supersport_2018/_Images/Logos/Golf/Golf_Flags/South_Africa',0),(1614872890803,'MATIAS','CALDERON','1991-12-18 00:00:00','CAL012','','CHL','','',NULL,0,'Year Turned Pro: 2016','Stroke Average: 72.38','Residence: Region Metropolitana (Chile)','','','IMAGE*Seb4_Projects/Supersport_2018/_Images/Logos/Golf/Golf_Flags/Chile',0),(1614872890804,'ANDRE','NEL','1995-05-31 00:00:00','NEL019','','RSA','','',NULL,0,'Year Turned Pro: 2017','Stroke Average: 71.88','26 EAGLES IN 180 ROUNDS','','','IMAGE*Seb4_Projects/Supersport_2018/_Images/Logos/Golf/Golf_Flags/South_Africa',0),(1614872890808,'MJ','VILJOEN','1995-05-08 00:00:00','VIL011','','RSA','','',NULL,0,'Year Turned Pro: 2014','Stroke Average: 71.97','Year Turned Pro: 2014','','','IMAGE*Seb4_Projects/Supersport_2018/_Images/Logos/Golf/Golf_Flags/South_Africa',0),(1614872890810,'HENNIE','DU PLESSIS','1996-10-14 00:00:00','DUP029','','RSA','','',NULL,0,'Year Turned Pro: 2015','Stroke Average: 71.37','1 WIN IN THE SUNSHINE TOUR','','','IMAGE*Seb4_Projects/Supersport_2018/_Images/Logos/Golf/Golf_Flags/South_Africa',0),(1614872890812,'CHRISTIAAN','BASSON','1984-04-30 00:00:00','BAS007','','RSA','','',NULL,0,'Year Turned Pro: 2007','4 TOURNAMENT WINS','AVERAGE 3 BIRDIES PER ROUND ','','','IMAGE*Seb4_Projects/Supersport_2018/_Images/Logos/Golf/Golf_Flags/South_Africa',0),(1614872890813,'LUKE','JERLING','1992-07-10 00:00:00','JER001','','RSA','','',NULL,0,'Year Turned Pro: 2017','Stroke Average: 71.58','30 EAGLES IN 209 ROUNDS','','','IMAGE*Seb4_Projects/Supersport_2018/_Images/Logos/Golf/Golf_Flags/South_Africa',0),(1614872890814,'STEVE','SURRY','1982-02-11 00:00:00','SUR001','','ENG','','',NULL,0,'Year Turned Pro: 2003','RANKED 418 IN THE OFFICIAL WORLD GOLF RANKINGS','AVERAGES 4 BIRDIES PER ROUND','','','IMAGE*Seb4_Projects/Supersport_2018/_Images/Logos/Golf/Golf_Flags/England',0),(1614872890815,'DANIEL','GREENE','1985-08-05 00:00:00','GRE022','','RSA','','',NULL,0,'Year Turned Pro: 2010','Stroke Average: 71.73','AVERAGES 4 BIRDIES PER ROUND','','','IMAGE*Seb4_Projects/Supersport_2018/_Images/Logos/Golf/Golf_Flags/South_Africa',0),(1614872890816,'JAMES','DU PREEZ','1995-10-13 00:00:00','DUP028','','RSA','','',NULL,0,'Year Turned Pro: 2018','Stroke Average: 71.71','Year Turned Pro: 2018','','','IMAGE*Seb4_Projects/Supersport_2018/_Images/Logos/Golf/Golf_Flags/South_Africa',0),(1614872890817,'RUAN','DE SMIDT','1989-10-25 00:00:00','DES005','','RSA','','',NULL,0,'Year Turned Pro: 2011','4 TOURNAMENT WINS','60 LOWEST ROUND SCORE','','','IMAGE*Seb4_Projects/Supersport_2018/_Images/Logos/Golf/Golf_Flags/South_Africa',0),(1614872890818,'STEPHEN','FERREIRA','1991-12-06 00:00:00','FER028','','POR','','',NULL,0,'Year Turned Pro: 2011','Stroke Average: 72.36','Residence: Harare Zimbabwe','','','IMAGE*Seb4_Projects/Supersport_2018/_Images/Logos/Golf/Golf_Flags/Portugal',0),(1614872890819,'DEON','GERMISHUYS','1999-10-22 00:00:00','GER017','','RSA','','',NULL,0,'Year Turned Pro: 2019','AVERAGES 4 BIRDIES PER ROUND','11 EAGLES IN 92 ROUNDS','','','IMAGE*Seb4_Projects/Supersport_2018/_Images/Logos/Golf/Golf_Flags/South_Africa',0),(1614872890820,'ANTHONY','MICHAEL','1985-08-22 00:00:00','MIC009','','RSA','','',NULL,0,'Year Turned Pro: 2009','Stroke Average: 71.65','62 LOWEST ROUND SCORE','','','IMAGE*Seb4_Projects/Supersport_2018/_Images/Logos/Golf/Golf_Flags/South_Africa',0),(1614872890821,'KYLE','BARKER','1998-02-11 00:00:00','BAR054','','RSA','','',NULL,0,'Year Turned Pro: 2017','Stroke Average: 72.06','6 EAGLES IN 90 ROUNDS','','','IMAGE*Seb4_Projects/Supersport_2018/_Images/Logos/Golf/Golf_Flags/South_Africa',0),(1614872890822,'DOUG','MCGUIGAN','1970-08-07 00:00:00','MCG001','','SCO','','',NULL,0,'Year Turned Pro: 1989','9 TOURNAMENT WINS','Nationality: SCOTLAND','','','IMAGE*Seb4_Projects/Supersport_2018/_Images/Logos/Golf/Golf_Flags/Scotland',0),(1614872890823,'CALLUM','MOWAT','1992-02-11 00:00:00','MOW001','','RSA','','',NULL,0,'Year Turned Pro: 2014','Stroke Average: 72.41','61 LOWEST ROUND SCORE','','','IMAGE*Seb4_Projects/Supersport_2018/_Images/Logos/Golf/Golf_Flags/South_Africa',0),(1614872890824,'CJ','DU PLESSIS','1992-02-04 00:00:00','DUP022','','RSA','','',NULL,0,'Year Turned Pro: 2013','Stroke Average: 72.41','Year Turned Pro: 2013','','','IMAGE*Seb4_Projects/Supersport_2018/_Images/Logos/Golf/Golf_Flags/South_Africa',0),(1614872890825,'ESTIAAN','CONRADIE','1997-10-12 00:00:00','CON007','','RSA','','',NULL,0,'Amateur','Stroke Average: 71.75','AVERAGES 4 BIRDIES PER ROUND','','','IMAGE*Seb4_Projects/Supersport_2018/_Images/Logos/Golf/Golf_Flags/South_Africa',0),(1614872890826,'FREDRIK','FROM','1989-02-08 00:00:00','FRO006','','SWE','','',NULL,0,'Year Turned Pro: 2016','Stroke Average: 71.26','Year Turned Pro: 2016','','','IMAGE*Seb4_Projects/Supersport_2018/_Images/Logos/Golf/Golf_Flags/Sweden',0),(1614872890828,'CLINTON','GROBLER','1995-05-09 00:00:00','GRO026','','RSA','','',NULL,0,'Amateur','Stroke Average: 72.52','7 EAGLES IN 68 ROUNDS','','','IMAGE*Seb4_Projects/Supersport_2018/_Images/Logos/Golf/Golf_Flags/South_Africa',0),(1614872890830,'ROURKE','VAN DER SPUY','1990-01-11 00:00:00','VAN178','','RSA','','',NULL,0,'Year Turned Pro: 2012','Stroke Average: 72.01','2 TOURNAMENT WINS','','','IMAGE*Seb4_Projects/Supersport_2018/_Images/Logos/Golf/Golf_Flags/South_Africa',0),(1614872890831,'ULRICH','VAN DEN BERG','1975-01-13 00:00:00','VAN060','','RSA','','',NULL,0,'Year Turned Pro: 1999','Stroke Average: 70.98','7 TOURNAMENT WINS','','','IMAGE*Seb4_Projects/Supersport_2018/_Images/Logos/Golf/Golf_Flags/South_Africa',0),(1614872890832,'MARTIN','ROHWER','1993-08-24 00:00:00','ROH001','','RSA','','',NULL,0,'Year Turned Pro: 2016','Stroke Average: 70.63','Year Turned Pro: 2016','','','IMAGE*Seb4_Projects/Supersport_2018/_Images/Logos/Golf/Golf_Flags/South_Africa',0),(1614872890833,'HENNIE','OTTO','1976-06-25 00:00:00','OTT002','','RSA','','',NULL,0,'Year Turned Pro: 1997','Stroke Average: 70.56','13 TOURNAMENT WINS','','','IMAGE*Seb4_Projects/Supersport_2018/_Images/Logos/Golf/Golf_Flags/South_Africa',0),(1614872890835,'MICHAEL','PALMER','1989-11-17 00:00:00','PAL008','','RSA','','',NULL,0,'Year Turned Pro: 2015','Stroke Average: 72.02','1 TOURNAMENT WIN','','','IMAGE*Seb4_Projects/Supersport_2018/_Images/Logos/Golf/Golf_Flags/South_Africa',0),(1614872890836,'RUAN','CONRADIE','1995-08-08 00:00:00','CON004','','RSA','','',NULL,0,'Amateur','Stroke Average: 71.56','1 TOURNAMENT WIN','','','IMAGE*Seb4_Projects/Supersport_2018/_Images/Logos/Golf/Golf_Flags/South_Africa',0),(1614872890837,'KEITH','HORNE','1971-06-09 00:00:00','HOR002','','RSA','','',NULL,0,'Year Turned Pro: 1996','Stroke Average: 71.10','RANKED 522 IN THE OFFICIAL WORLD GOLF RANKINGS','','','IMAGE*Seb4_Projects/Supersport_2018/_Images/Logos/Golf/Golf_Flags/South_Africa',0),(1614872890838,'JACO','VAN ZYL','1979-02-23 00:00:00','VAN062','','RSA','','',NULL,0,'Year Turned Pro: 2001','57 LOWEST ROUND SCORE','14 TOURNAMENT WINS','','','IMAGE*Seb4_Projects/Supersport_2018/_Images/Logos/Golf/Golf_Flags/South_Africa',0),(1614872890839,'TREVOR','FISHER JNR','1979-06-08 00:00:00','FIS005','','RSA','','',NULL,0,'Year Turned Pro: 2002','AVERAGES 4 BIRDIES PER ROUND','9 TOURNAMENT WINS','','','IMAGE*Seb4_Projects/Supersport_2018/_Images/Logos/Golf/Golf_Flags/South_Africa ',0),(1614872890840,'OLIVER','BEKKER','1984-12-11 00:00:00','BEK004','','RSA','','',NULL,0,'Year Turned Pro: 2008','Stroke Average: 71.21','7 TOURNAMENT WINS','','','IMAGE*Seb4_Projects/Supersport_2018/_Images/Logos/Golf/Golf_Flags/South_Africa',0),(1614872890841,'JC','RITCHIE','1994-02-24 00:00:00','RIT004','','RSA','','',NULL,0,'Year Turned Pro: 2013','Stroke Average: 71.27','2019/20 SUNSHINE TOUR ORDER OF MERIT WINNER','','','IMAGE*Seb4_Projects/Supersport_2018/_Images/Logos/Golf/Golf_Flags/South_Africa',0),(1614872890842,'JBE\'','KRUGER','1986-06-23 00:00:00','KRU013','','RSA','','',NULL,0,'Year Turned Pro: 2007','Stroke Average: 70.80','RANKED 479 IN THE OFFICIAL WORLD GOLF RANKINGS','','','IMAGE*Seb4_Projects/Supersport_2018/_Images/Logos/Golf/Golf_Flags/South_Africa',0);
/*!40000 ALTER TABLE `players` ENABLE KEYS */;
UNLOCK TABLES;

--
-- Table structure for table `playgroup`
--

DROP TABLE IF EXISTS `playgroup`;
/*!40101 SET @saved_cs_client     = @@character_set_client */;
/*!40101 SET character_set_client = utf8 */;
CREATE TABLE `playgroup` (
  `groupid` int(11) NOT NULL,
  `Description` varchar(45) DEFAULT NULL,
  PRIMARY KEY (`groupid`)
) ENGINE=InnoDB DEFAULT CHARSET=latin1;
/*!40101 SET character_set_client = @saved_cs_client */;

--
-- Dumping data for table `playgroup`
--

LOCK TABLES `playgroup` WRITE;
/*!40000 ALTER TABLE `playgroup` DISABLE KEYS */;
INSERT INTO `playgroup` VALUES (0,'None'),(1,'A'),(2,'B'),(3,'C'),(4,'D');
/*!40000 ALTER TABLE `playgroup` ENABLE KEYS */;
UNLOCK TABLES;

--
-- Table structure for table `progresstatus`
--

DROP TABLE IF EXISTS `progresstatus`;
/*!40101 SET @saved_cs_client     = @@character_set_client */;
/*!40101 SET character_set_client = utf8 */;
CREATE TABLE `progresstatus` (
  `statusid` int(11) NOT NULL,
  `Description` varchar(45) DEFAULT NULL,
  PRIMARY KEY (`statusid`)
) ENGINE=InnoDB DEFAULT CHARSET=latin1;
/*!40101 SET character_set_client = @saved_cs_client */;

--
-- Dumping data for table `progresstatus`
--

LOCK TABLES `progresstatus` WRITE;
/*!40000 ALTER TABLE `progresstatus` DISABLE KEYS */;
INSERT INTO `progresstatus` VALUES (0,''),(1,'In Progress'),(2,'Completed');
/*!40000 ALTER TABLE `progresstatus` ENABLE KEYS */;
UNLOCK TABLES;

--
-- Table structure for table `queries`
--

DROP TABLE IF EXISTS `queries`;
/*!40101 SET @saved_cs_client     = @@character_set_client */;
/*!40101 SET character_set_client = utf8 */;
CREATE TABLE `queries` (
  `QueriesID` int(11) NOT NULL,
  `Description` varchar(200) DEFAULT NULL,
  `Query` varchar(20000) DEFAULT NULL,
  PRIMARY KEY (`QueriesID`)
) ENGINE=InnoDB DEFAULT CHARSET=latin1;
/*!40101 SET character_set_client = @saved_cs_client */;

--
-- Dumping data for table `queries`
--

LOCK TABLES `queries` WRITE;
/*!40000 ALTER TABLE `queries` DISABLE KEYS */;
INSERT INTO `queries` VALUES (1,'SPName','SELECT GetPlayerNameFromID(s.playerid) FirstName FROM golf.score s,golf.uiselected u WHERE s.idscore = u.SelectedScoreEntry;'),(2,'SPSurname','SELECT GetPlayerSurNameFromID(s.playerid) LastName FROM golf.score s,golf.uiselected u WHERE s.idscore = u.SelectedScoreEntry;'),(3,'SPNameANDSurname','SELECT GetPlayerNameAndSurnameFromID(s.playerid) NameAndSurname FROM golf.score s,golf.uiselected u WHERE s.idscore = u.SelectedScoreEntry;'),(4,'SPInitialAndSurname','SELECT GetPlayerInitialAndSurnameFromID(s.playerid) InitAndSurname FROM golf.score s,golf.uiselected u WHERE s.idscore = u.SelectedScoreEntry;'),(5,'SPCountry','SELECT GetPlayerCountryFromID(s.playerid) PlayerCountry FROM golf.score s,golf.uiselected u WHERE s.idscore = u.SelectedScoreEntry;'),(6,'SHNumber','SELECT HoleNumber FROM golf.courseholes sc,golf.shots s ,golf.uiselected u where sc.idcourseholes=s.holeid   and s.shotsid=u.SelectedHole;'),(7,'SHPar','SELECT Par FROM golf.courseholes sc,golf.shots s ,golf.uiselected u where sc.idcourseholes=s.holeid   and s.shotsid=u.SelectedHole;'),(8,'SHYards','SELECT yards FROM golf.courseholes sc,golf.shots s ,golf.uiselected u where sc.idcourseholes=s.holeid   and s.shotsid=u.SelectedHole;'),(9,'SHMetres','SELECT metres FROM golf.courseholes sc,golf.shots s ,golf.uiselected u where sc.idcourseholes=s.holeid   and s.shotsid=u.SelectedHole;'),(10,'SPHolesPlayed','SELECT Count(*) holesPlayed FROM golf.shots s,golf.uiselected u where s.idscore = u.SelectedScoreEntry and HoleStatus=2;'),(11,'SPTournamentScore','SELECT GetPlayerSelectedTournamentScore(s.playerid) TournamentScore FROM golf.score s,golf.uiselected u WHERE s.idscore=u.SelectedScoreEntry ;'),(12,'SPCurrentHoleNumber','SELECT sc.HoleNumber  CurrentHole FROM golf.courseholes sc,golf.shots s,golf.uiselected u where sc.idcourseholes=s.holeid and s.idscore = u.SelectedScoreEntry and HoleStatus=1;'),(13,'SPRoundScore','SELECT GetPlayerSelectedRoundScore(u.SelectedScoreEntry) RoundScore FROM golf.uiselected u;'),(14,'SPHoles1to9CoursePar','SELECT sc.Par CourseHolesPar FROM golf.courseholes sc,golf.tournament t,golf.uiselected u where sc.courseid=t.courseid and t.tournamentid= u.SelectedTournament limit 0,9;'),(15,'SPHoles10to18CoursePar','SELECT sc.Par CourseHolesPar FROM golf.courseholes sc,golf.tournament t,golf.uiselected u where sc.courseid=t.courseid and t.tournamentid= u.SelectedTournament limit 9,18;'),(16,'SPRoundTotalParOrLastCompletedHole','SELECT if(GetTournamentSelectedCourseHolesNumber(t.courseid)=GetPlayerSelectedRoundHolesPlayed(u.SelectedScoreEntry) ,GetPlayerSelectedRoundHolesPlayedStrokes(u.SelectedScoreEntry),GetPlayerSelectedRoundLastCompletedHole(u.SelectedScoreEntry)) TotalParORCompletedHole FROM golf.tournament t,golf.uiselected u WHERE t.tournamentid=u.SelectedTournament;'),(17,'SPHoles1to9Strokes','select * from (SELECT strokes FROM golf.shots s,golf.uiselected u where s.idscore = u.SelectedScoreEntry and HoleStatus=2 limit 0,9) as t union all select \'\' union all select \'\' union all select \'\' union all select \'\' union all select \'\' union all select \'\' union all select \'\' union all select \'\' union all select \'\' limit 9;'),(18,'SPHoles10to18Strokes','select * from (SELECT strokes FROM golf.shots s,golf.uiselected u where s.idscore = u.SelectedScoreEntry and HoleStatus=2 limit 9,18) as t union all select \'\' union all select \'\' union all select \'\' union all select \'\' union all select \'\' union all select \'\' union all select \'\' union all select \'\' union all select \'\' limit 9;'),(19,'SPHoles1to9StrokesTotal','SELECT if(GetPlayerSelectedRoundHolesPlayedFront9Total(SelectedScoreEntry)=0,\'\',GetPlayerSelectedRoundHolesPlayedFront9Total(SelectedScoreEntry)) ScoreTotal  FROM golf.uiselected;'),(20,'SPHoles10to18StrokesTotal','SELECT if(GetPlayerSelectedRoundHolesPlayedBack9Total(SelectedScoreEntry)=0,\'\',GetPlayerSelectedRoundHolesPlayedBack9Total(SelectedScoreEntry)) ScoreTotal  FROM golf.uiselected;'),(21,'SPCourseFrontPar','SELECT sc.frontpar FROM golf.course sc,golf.tournament t,golf.uiselected u where sc.courseid=t.courseid and t.tournamentid= u.SelectedTournament;'),(22,'SPCourseBackPar','SELECT sc.backpar FROM golf.course sc,golf.tournament t,golf.uiselected u where sc.courseid=t.courseid and t.tournamentid= u.SelectedTournament;'),(23,'STCoursePar','SELECT sc.Par FROM golf.course sc,golf.tournament t,golf.uiselected u where sc.courseid=t.courseid and t.tournamentid= u.SelectedTournament;'),(32,'SPPosition','SELECT GetPlayerSelectedTournamentPosition(u.SelectedScoreEntry) FROM golf.uiselected u;'),(33,'SPCurrentHoleShot','SELECT s.strokes  CurrentShooting FROM golf.shots s,golf.uiselected u where s.idscore = u.SelectedScoreEntry and HoleStatus=1;'),(34,'SRDescription','SELECT r.Description FROM golf.rounds r,golf.uiselected u where r.roundid= u.SelectedRound;'),(35,'STDescription','SELECT t.description FROM golf.tournament t,golf.uiselected u where  t.tournamentid= u.SelectedTournament;'),(36,'STLogo1','SELECT t.logo1 FROM golf.tournament t,golf.uiselected u where  t.tournamentid= u.SelectedTournament;'),(37,'STLogo2','SELECT t.logo2 FROM golf.tournament t,golf.uiselected u where  t.tournamentid= u.SelectedTournament;'),(38,'STLogo3','SELECT t.logo3 FROM golf.tournament t,golf.uiselected u where  t.tournamentid= u.SelectedTournament;'),(39,'SPStrokesSelectedHole','SELECT s.strokes FROM golf.shots s,golf.uiselected u where s.shotsid = u.SelectedHole;'),(40,'SPStrokeSelectedHoleDescription','SELECT GetPlayerSelectedStrokesFromHoleParDescription(u.SelectedHole) StrokeDescription FROM golf.uiselected u;'),(41,'SPStrokeSelectedHoleFlag','SELECT if(f.shotsflagid=s.strokes,GetPlayerSelectedStrokesFromHoleParFlag(s.shotsid),0) flag   FROM golf.shots s,golf.shotsflag f,golf.uiselected u where  s.shotsid = u.SelectedHole;'),(42,'SPHoles1to9StrokesFlag','select * from (SELECT GetPlayerSelectedStrokesFromHoleParFlag(s.shotsid) flag FROM golf.courseholes sc,golf.shots s ,golf.uiselected u  where sc.idcourseholes=s.holeid and   s.idscore = u.SelectedScoreEntry and HoleStatus=2   and sc.HoleNumber between 1 and 9) as t union all select 0 union all select 0 union all select 0 union all select 0 union all select 0 union all select 0 union all select 0 union all select 0 union all select 0 union all select 0 union all select 0 limit 9;'),(43,'SPHoles10to18StrokesFlag','select * from (SELECT GetPlayerSelectedStrokesFromHoleParFlag(s.shotsid) flag FROM golf.courseholes sc,golf.shots s ,golf.uiselected u  where sc.idcourseholes=s.holeid and   s.idscore = u.SelectedScoreEntry and HoleStatus=2   and sc.HoleNumber between 10 and 18) as t union all select 0 union all select 0 union all select 0 union all select 0 union all select 0 union all select 0 union all select 0 union all select 0 union all select 0 union all select 0 union all select 0 limit 9;'),(44,'STCourseDescription','SELECT sc.Description FROM golf.course sc,golf.tournament t,golf.uiselected u where sc.courseid=t.courseid and t.tournamentid= u.SelectedTournament;'),(159,'STLeadersScore','call GetTournamentSelectedLeaderBoard(6,0,1);'),(160,'SPTournamentScoreAtSelectedHole','SELECT 	GetPlayerSelectedTournamentScoreFromSelectedHole(s.playerid) ScoreAtHole FROM golf.uiselected u,golf.score s where s.idscore=u.SelectedScoreEntry;'),(161,'SPCountryFlag','SELECT GetPlayerCountryFlagFromID(s.playerid) PlayerCountry FROM golf.score s,golf.uiselected u WHERE s.idscore = u.SelectedScoreEntry;'),(177,'SPBio1','select c.Bio1 from players c where PlayerID = (select playerid from golf.score s ,golf.uiselected u where s.idscore=u.SelectedScoreEntry);'),(178,'SPBio2','select c.Bio2 from players c where PlayerID = (select playerid from golf.score s ,golf.uiselected u where s.idscore=u.SelectedScoreEntry);'),(179,'SPBio3','select c.Bio3 from players c where PlayerID = (select playerid from golf.score s ,golf.uiselected u where s.idscore=u.SelectedScoreEntry);'),(180,'SPRoundTotalPar','SELECT if(GetTournamentSelectedCourseHolesNumber(t.courseid)=GetPlayerSelectedRoundHolesPlayed(u.SelectedScoreEntry) ,GetPlayerSelectedRoundHolesPlayedStrokes(u.SelectedScoreEntry),\'\') TotalPar FROM golf.tournament t,golf.uiselected u WHERE t.tournamentid=u.SelectedTournament;'),(181,'STLeaderBoardPage1ColumnsPosNameSurnameScoreHoleFlag','call GetTournamentSelectedLeaderBoard(0,0,10);'),(182,'STLeaderBoardPage2Line1ColumnsPosNameSurnameScoreHoleFlag','call GetTournamentSelectedLeaderBoard(12,10,1);'),(183,'STLeaderBoardPage2ColumnsPosNameSurnameScoreHoleFlag','call GetTournamentSelectedLeaderBoard(0,11,9);'),(184,'STLeaderBoardPage3Line1ColumnsPosNameSurnameScoreHoleFlag','call GetTournamentSelectedLeaderBoard(12,20,1);'),(185,'STLeaderBoardPage3ColumnsPosNameSurnameScoreHoleFlag','call GetTournamentSelectedLeaderBoard(0,21,9);'),(186,'STLeaderBoardPage4Line1ColumnsPosNameSurnameScoreHoleFlag','call GetTournamentSelectedLeaderBoard(12,30,1);'),(187,'STLeaderBoardPage4ColumnsPosNameSurnameScoreHoleFlag','call GetTournamentSelectedLeaderBoard(0,31,9);'),(188,'STLeaderBoardPage5Line1ColumnsPosNameSurnameScoreHoleFlag','call GetTournamentSelectedLeaderBoard(12,40,1);'),(189,'STLeaderBoardPage5ColumnsPosNameSurnameScoreHoleFlag','call GetTournamentSelectedLeaderBoard(0,41,9);'),(190,'STLeaderBoardPage6Line1ColumnsPosNameSurnameScoreHoleFlag','call GetTournamentSelectedLeaderBoard(12,50,1);'),(191,'STLeaderBoardPage6ColumnsPosNameSurnameScoreHoleFlag','call GetTournamentSelectedLeaderBoard(0,51,9);'),(192,'STLeaderBoardPage7Line1ColumnsPosNameSurnameScoreHoleFlag','call GetTournamentSelectedLeaderBoard(12,60,1);'),(193,'STLeaderBoardPage7ColumnsPosNameSurnameScoreHoleFlag','call GetTournamentSelectedLeaderBoard(0,61,9);'),(194,'STLeaderBoardPage8Line1ColumnsPosNameSurnameScoreHoleFlag','call GetTournamentSelectedLeaderBoard(12,70,1);'),(195,'STLeaderBoardPage8ColumnsPosNameSurnameScoreHoleFlag','call GetTournamentSelectedLeaderBoard(0,71,9);'),(196,'STLeaderBoardPage1ColumnsPosNameSurnameRoundScoreTournamentScoreHoleFlag','call GetTournamentSelectedLeaderBoard(13,0,10);'),(197,'STLeaderBoardPage2Line1ColumnsPosNameSurnameRoundScoreTournamentScoreHoleFlag','call GetTournamentSelectedLeaderBoard(14,10,1);'),(198,'STLeaderBoardPage2ColumnsPosNameSurnameRoundScoreTournamentScoreHoleFlag','call GetTournamentSelectedLeaderBoard(13,11,9);'),(199,'STLeaderBoardPage3Line1ColumnsPosNameSurnameRoundScoreTournamentScoreHoleFlag','call GetTournamentSelectedLeaderBoard(14,20,1);'),(200,'STLeaderBoardPage3ColumnsPosNameSurnameRoundScoreTournamentScoreHoleFlag','call GetTournamentSelectedLeaderBoard(13,21,9);'),(201,'STLeaderBoardPage4Line1ColumnsPosNameSurnameRoundScoreTournamentScoreHoleFlag','call GetTournamentSelectedLeaderBoard(14,30,1);'),(202,'STLeaderBoardPage4ColumnsPosNameSurnameRoundScoreTournamentScoreHoleFlag','call GetTournamentSelectedLeaderBoard(13,31,9);'),(203,'STLeaderBoardPage5Line1ColumnsPosNameSurnameRoundScoreTournamentScoreHoleFlag','call GetTournamentSelectedLeaderBoard(14,40,1);'),(204,'STLeaderBoardPage5ColumnsPosNameSurnameRoundScoreTournamentScoreHoleFlag','call GetTournamentSelectedLeaderBoard(13,41,9);'),(205,'STLeaderBoardPage6Line1ColumnsPosNameSurnameRoundScoreTournamentScoreHoleFlag','call GetTournamentSelectedLeaderBoard(14,50,1);'),(206,'STLeaderBoardPage6ColumnsPosNameSurnameRoundScoreTournamentScoreHoleFlag','call GetTournamentSelectedLeaderBoard(13,51,9);'),(207,'STLeaderBoardPage7Line1ColumnsPosNameSurnameRoundScoreTournamentScoreHoleFlag','call GetTournamentSelectedLeaderBoard(14,60,1);'),(208,'STLeaderBoardPage7ColumnsPosNameSurnameRoundScoreTournamentScoreHoleFlag','call GetTournamentSelectedLeaderBoard(13,61,9);'),(209,'STLeaderBoardPage8Line1ColumnsPosNameSurnameRoundScoreTournamentScoreHoleFlag','call GetTournamentSelectedLeaderBoard(14,70,1);'),(210,'STLeaderBoardPage8ColumnsPosNameSurnameRoundScoreTournamentScoreHoleFlag','call GetTournamentSelectedLeaderBoard(13,71,9);'),(211,'SPRound1TotalParStrokes','SELECT if(GetTournamentSelectedCourseHolesNumber(t.courseid)=GetPlayerSelectedRoundHolesPlayed(idscore) ,GetPlayerSelectedRoundHolesPlayedStrokes(idscore),\'\') Round1 FROM golf.score s,golf.tournament t,golf.uiselected u where playerid=(SELECT playerid FROM golf.score s  WHERE s.idscore=u.SelectedScoreEntry) and t.tournamentid=u.SelectedTournament  and roundid=1;'),(212,'SPRound2TotalParStrokes','SELECT if(GetTournamentSelectedCourseHolesNumber(t.courseid)=GetPlayerSelectedRoundHolesPlayed(idscore) ,GetPlayerSelectedRoundHolesPlayedStrokes(idscore),\'\') Round1 FROM golf.score s,golf.tournament t,golf.uiselected u where playerid=(SELECT playerid FROM golf.score s  WHERE s.idscore=u.SelectedScoreEntry) and t.tournamentid=u.SelectedTournament  and roundid=2;'),(213,'SPRound3TotalParStrokes','SELECT if(GetTournamentSelectedCourseHolesNumber(t.courseid)=GetPlayerSelectedRoundHolesPlayed(idscore) ,GetPlayerSelectedRoundHolesPlayedStrokes(idscore),\'\') Round1 FROM golf.score s,golf.tournament t,golf.uiselected u where playerid=(SELECT playerid FROM golf.score s  WHERE s.idscore=u.SelectedScoreEntry) and t.tournamentid=u.SelectedTournament  and roundid=3;'),(214,'SPRound4TotalParStrokes','SELECT if(GetTournamentSelectedCourseHolesNumber(t.courseid)=GetPlayerSelectedRoundHolesPlayed(idscore) ,GetPlayerSelectedRoundHolesPlayedStrokes(idscore),\'\') Round1 FROM golf.score s,golf.tournament t,golf.uiselected u where playerid=(SELECT playerid FROM golf.score s  WHERE s.idscore=u.SelectedScoreEntry) and t.tournamentid=u.SelectedTournament  and roundid=4;'),(215,'STLeadersPage1Position','SELECT s.GraphicPos FROM golf.score s,golf.uiselected u where tournamentid = u.SelectedTournament  group by playerid order by sum((GetPlayerSelectedRoundHolesPlayedStrokes(idscore)-GetPlayerSelectedRoundHolesPlayedPar(idscore))),  cast(if(GetPlayerSelectedRoundScore(s.idscore)=\'E\',0,GetPlayerSelectedRoundScore(s.idscore)) as signed) asc,  GetPlayerSelectedRoundHolesPlayed(s.idscore) desc,(`GetPlayerNameAndSurnameFromID`(s.Playerid)) asc limit 10;');
/*!40000 ALTER TABLE `queries` ENABLE KEYS */;
UNLOCK TABLES;

--
-- Table structure for table `rounds`
--

DROP TABLE IF EXISTS `rounds`;
/*!40101 SET @saved_cs_client     = @@character_set_client */;
/*!40101 SET character_set_client = utf8 */;
CREATE TABLE `rounds` (
  `roundid` bigint(20) NOT NULL,
  `Description` varchar(45) DEFAULT NULL,
  `statusid` int(11) DEFAULT '0',
  PRIMARY KEY (`roundid`)
) ENGINE=InnoDB DEFAULT CHARSET=latin1;
/*!40101 SET character_set_client = @saved_cs_client */;

--
-- Dumping data for table `rounds`
--

LOCK TABLES `rounds` WRITE;
/*!40000 ALTER TABLE `rounds` DISABLE KEYS */;
INSERT INTO `rounds` VALUES (1,'ROUND 1',2),(2,'ROUND 2',0),(3,'ROUND 3',0),(4,'FINAL ROUND',0),(1612735804051,'PlayOffs',0);
/*!40000 ALTER TABLE `rounds` ENABLE KEYS */;
UNLOCK TABLES;

--
-- Table structure for table `score`
--

DROP TABLE IF EXISTS `score`;
/*!40101 SET @saved_cs_client     = @@character_set_client */;
/*!40101 SET character_set_client = utf8 */;
CREATE TABLE `score` (
  `idscore` bigint(20) NOT NULL,
  `playerid` bigint(20) DEFAULT '-1',
  `courseid` bigint(20) NOT NULL,
  `roundid` bigint(20) NOT NULL,
  `Tournamentid` bigint(20) NOT NULL,
  `position` int(11) DEFAULT '-1',
  `TeeTime` varchar(45) DEFAULT NULL,
  `startingtee` int(11) DEFAULT NULL,
  `holesplayed` varchar(45) DEFAULT '-1',
  `GraphicPos` varchar(45) DEFAULT ' ',
  `Ranking` varchar(45) DEFAULT '',
  `Tied` int(11) DEFAULT '-1',
  `Back9Start` int(11) DEFAULT '0',
  PRIMARY KEY (`idscore`),
  KEY `fk_playerid_idx` (`playerid`),
  CONSTRAINT `fk_playerid` FOREIGN KEY (`playerid`) REFERENCES `players` (`playerid`) ON DELETE CASCADE ON UPDATE NO ACTION
) ENGINE=InnoDB DEFAULT CHARSET=latin1;
/*!40101 SET character_set_client = @saved_cs_client */;

--
-- Dumping data for table `score`
--

LOCK TABLES `score` WRITE;
/*!40000 ALTER TABLE `score` DISABLE KEYS */;
INSERT INTO `score` VALUES (1614874188278,1614872890756,1614697043090,1,1,10,'06:40',NULL,'18','','55',1,0),(1614874188604,1614872890758,1614697043090,1,1,12,'06:40',NULL,'18','68','68',1,0),(1614874188853,1614872890760,1614697043090,1,1,9,'06:40',NULL,'18','50','50',1,0),(1614874189101,1614872890763,1614697043090,1,1,10,'06:50',NULL,'18','','55',1,0),(1614874189355,1614872890764,1614697043090,1,1,8,'06:50',NULL,'18','','41',1,0),(1614874189613,1614872890765,1614697043090,1,1,11,'06:50',NULL,'18','','62',1,0),(1614874189883,1614872890766,1614697043090,1,1,3,'07:00',NULL,'18','6','6',1,0),(1614874190145,1614872890767,1614697043090,1,1,3,'07:00',NULL,'18','','6',1,0),(1614874190397,1614872890768,1614697043090,1,1,3,'07:10',NULL,'18','','6',1,0),(1614874190664,1614872890769,1614697043090,1,1,7,'07:10',NULL,'18','','34',1,0),(1614874190936,1614872890770,1614697043090,1,1,2,'07:20',NULL,'18','','3',1,0),(1614874191171,1614872890771,1614697043090,1,1,4,'07:20',NULL,'18','','13',1,0),(1614874191391,1614872890772,1614697043090,1,1,4,'07:30',NULL,'18','','13',1,0),(1614874191657,1614872890773,1614697043090,1,1,1,'07:30',NULL,'18','','1',1,0),(1614874191901,1614872890774,1614697043090,1,1,10,'07:40',NULL,'18','','55',1,0),(1614874192147,1614872890776,1614697043090,1,1,5,'07:40',NULL,'18','','21',1,0),(1614874192394,1614872890777,1614697043090,1,1,5,'07:50',NULL,'18','','21',1,0),(1614874192637,1614872890778,1614697043090,1,1,14,'07:50',NULL,'18','72','72',0,0),(1614874192877,1614872890779,1614697043090,1,1,11,'08:00',NULL,'18','','62',1,0),(1614874193122,1614872890780,1614697043090,1,1,2,'08:00',NULL,'18','','3',1,0),(1614874193367,1614872890781,1614697043090,1,1,6,'06:40',NULL,'18','','28',1,1),(1614874193610,1614872890782,1614697043090,1,1,5,'06:40',NULL,'18','21','21',1,1),(1614874193882,1614872890783,1614697043090,1,1,2,'06:40',NULL,'18','3','3',1,1),(1614874194152,1614872890784,1614697043090,1,1,5,'06:50',NULL,'18','','21',1,1),(1614874194418,1614872890785,1614697043090,1,1,8,'06:50',NULL,'18','','41',1,1),(1614874194678,1614872890786,1614697043090,1,1,10,'06:50',NULL,'18','','55',1,1),(1614874194946,1614872890787,1614697043090,1,1,1,'07:00',NULL,'18','1','1',1,1),(1614874195199,1614872890788,1614697043090,1,1,12,'07:00',NULL,'18','','68',1,0),(1614874195429,1614872890789,1614697043090,1,1,9,'07:10',NULL,'18','','50',1,0),(1614874195678,1614872890790,1614697043090,1,1,6,'07:10',NULL,'18','','28',1,0),(1614874195940,1614872890791,1614697043090,1,1,10,'07:20',NULL,'18','','55',1,0),(1614874196204,1614872890792,1614697043090,1,1,8,'07:20',NULL,'18','','41',1,0),(1614874196426,1614872890794,1614697043090,1,1,7,'07:30',NULL,'18','','34',1,0),(1614874196617,1614872890795,1614697043090,1,1,5,'07:30',NULL,'18','','21',1,1),(1614874196867,1614872890796,1614697043090,1,1,6,'07:40',NULL,'18','','28',1,0),(1614874197114,1614872890798,1614697043090,1,1,9,'07:40',NULL,'18','','50',1,0),(1614874197358,1614872890799,1614697043090,1,1,7,'07:50',NULL,'18','','34',1,0),(1614874197603,1614872890800,1614697043090,1,1,4,'07:50',NULL,'18','','13',1,1),(1614874197846,1614872890801,1614697043090,1,1,3,'08:00',NULL,'18','','6',1,1),(1614874198107,1614872890802,1614697043090,1,1,7,'08:00',NULL,'18','','34',1,0),(1614874198363,1614872890803,1614697043090,1,1,3,'10:50',NULL,'18','','6',1,0),(1614874198609,1614872890804,1614697043090,1,1,8,'10:50',NULL,'18','','41',1,0),(1614874198863,1614872890808,1614697043090,1,1,6,'11:00',NULL,'18','28','28',1,0),(1614874199134,1614872890810,1614697043090,1,1,3,'11:00',NULL,'18','','6',1,0),(1614874199383,1614872890812,1614697043090,1,1,8,'11:10',NULL,'18','','41',1,0),(1614874199570,1614872890813,1614697043090,1,1,4,'11:10',NULL,'18','','13',1,0),(1614874199779,1614872890814,1614697043090,1,1,11,'11:20',NULL,'18','','62',1,0),(1614874199997,1614872890815,1614697043090,1,1,11,'11:20',NULL,'18','','62',1,0),(1614874200205,1614872890816,1614697043090,1,1,8,'11:30',NULL,'18','41','41',1,0),(1614874200417,1614872890817,1614697043090,1,1,6,'11:30',NULL,'18','','28',1,0),(1614874200627,1614872890818,1614697043090,1,1,7,'11:40',NULL,'18','','34',1,0),(1614874200833,1614872890819,1614697043090,1,1,11,'11:40',NULL,'18','62','62',1,0),(1614874201047,1614872890820,1614697043090,1,1,4,'11:50',NULL,'18','','13',1,0),(1614874201245,1614872890821,1614697043090,1,1,9,'11:50',NULL,'18','','50',1,0),(1614874201444,1614872890822,1614697043090,1,1,11,'12:00',NULL,'18','','62',1,0),(1614874201642,1614872890823,1614697043090,1,1,3,'12:00',NULL,'18','','6',1,0),(1614874201826,1614872890824,1614697043090,1,1,5,'10:50',NULL,'18','','21',1,0),(1614874202022,1614872890825,1614697043090,1,1,10,'10:50',NULL,'18','55','55',1,0),(1614874202216,1614872890826,1614697043090,1,1,8,'11:00',NULL,'18','','41',1,0),(1614874202405,1614872890828,1614697043090,1,1,8,'11:00',NULL,'18','','41',1,0),(1614874202585,1614872890830,1614697043090,1,1,13,'11:10',NULL,'18','70','70',1,0),(1614874202776,1614872890831,1614697043090,1,1,7,'11:10',NULL,'18','34','34',1,0),(1614874202969,1614872890832,1614697043090,1,1,6,'11:20',NULL,'18','','28',1,0),(1614874203218,1614872890833,1614697043090,1,1,4,'11:20',NULL,'18','','13',1,0),(1614874203474,1614872890835,1614697043090,1,1,13,'11:30',NULL,'18','','70',1,0),(1614874203722,1614872890836,1614697043090,1,1,7,'11:30',NULL,'18','','34',1,0),(1614874203974,1614872890837,1614697043090,1,1,4,'11:40',NULL,'18','13','13',1,0),(1614874204259,1614872890838,1614697043090,1,1,10,'11:40',NULL,'18','','55',1,0),(1614874204530,1614872890839,1614697043090,1,1,9,'11:50',NULL,'18','','50',1,0),(1614874204784,1614872890840,1614697043090,1,1,4,'11:50',NULL,'18','','13',1,0),(1614874205041,1614872890841,1614697043090,1,1,8,'12:00',NULL,'18','','41',1,0),(1614874205293,1614872890842,1614697043090,1,1,5,'12:00',NULL,'18','','21',1,0),(1615015610215,1614872890756,1614697043090,2,1,10,'10:40',NULL,'0','','55',1,0),(1615015610629,1614872890758,1614697043090,2,1,12,'10:40',NULL,'0','68','68',1,0),(1615015611069,1614872890760,1614697043090,2,1,9,'10:40',NULL,'0','','50',1,0),(1615015611518,1614872890763,1614697043090,2,1,10,'10:50',NULL,'0','','55',1,0),(1615015611947,1614872890764,1614697043090,2,1,8,'10:50',NULL,'0','','41',1,0),(1615015612378,1614872890765,1614697043090,2,1,11,'10:50',NULL,'0','','62',1,0),(1615015612815,1614872890766,1614697043090,2,1,3,'11:00',NULL,'0','','6',1,0),(1615015613238,1614872890767,1614697043090,2,1,3,'11:00',NULL,'0','','6',1,0),(1615015613636,1614872890768,1614697043090,2,1,3,'11:10',NULL,'0','','6',1,0),(1615015614003,1614872890769,1614697043090,2,1,7,'11:10',NULL,'0','','34',1,0),(1615015614429,1614872890770,1614697043090,2,1,2,'11:20',NULL,'0','','3',1,0),(1615015614865,1614872890771,1614697043090,2,1,4,'11:20',NULL,'0','','13',1,0),(1615015615303,1614872890772,1614697043090,2,1,4,'11:30',NULL,'0','','13',1,0),(1615015615710,1614872890773,1614697043090,2,1,1,'11:30',NULL,'0','','1',1,0),(1615015616138,1614872890774,1614697043090,2,1,10,'11:40',NULL,'0','','55',1,0),(1615015616579,1614872890776,1614697043090,2,1,5,'11:40',NULL,'0','','21',1,0),(1615015617008,1614872890777,1614697043090,2,1,5,'11:50',NULL,'0','','21',1,0),(1615015617442,1614872890778,1614697043090,2,1,14,'11:50',NULL,'0','72','72',0,0),(1615015617839,1614872890779,1614697043090,2,1,11,'12:00',NULL,'0','','62',1,0),(1615015618227,1614872890780,1614697043090,2,1,2,'12:00',NULL,'0','','3',1,0),(1615015618660,1614872890781,1614697043090,2,1,6,'10:40',NULL,'0','','28',1,0),(1615015619019,1614872890782,1614697043090,2,1,5,'10:40',NULL,'0','','21',1,0),(1615015619400,1614872890783,1614697043090,2,1,2,'10:40',NULL,'0','3','3',1,0),(1615015619815,1614872890784,1614697043090,2,1,5,'10:50',NULL,'0','','21',1,0),(1615015620218,1614872890785,1614697043090,2,1,8,'10:50',NULL,'0','','41',1,0),(1615015620619,1614872890786,1614697043090,2,1,10,'10:50',NULL,'0','','55',1,0),(1615015621012,1614872890787,1614697043090,2,1,1,'11:00',NULL,'0','1','1',1,0),(1615015621412,1614872890788,1614697043090,2,1,12,'11:00',NULL,'0','','68',1,0),(1615015621817,1614872890789,1614697043090,2,1,9,'11:10',NULL,'0','','50',1,0),(1615015622201,1614872890790,1614697043090,2,1,6,'11:10',NULL,'0','','28',1,0),(1615015622595,1614872890791,1614697043090,2,1,10,'11:20',NULL,'0','','55',1,0),(1615015622967,1614872890792,1614697043090,2,1,8,'11:20',NULL,'0','','41',1,0),(1615015623312,1614872890794,1614697043090,2,1,7,'11:30',NULL,'0','','34',1,0),(1615015623654,1614872890795,1614697043090,2,1,5,'11:30',NULL,'0','','21',1,0),(1615015623998,1614872890796,1614697043090,2,1,6,'11:40',NULL,'0','','28',1,0),(1615015624347,1614872890798,1614697043090,2,1,9,'11:40',NULL,'0','','50',1,0),(1615015624693,1614872890799,1614697043090,2,1,7,'11:50',NULL,'0','','34',1,0),(1615015625036,1614872890800,1614697043090,2,1,4,'11:50',NULL,'0','','13',1,0),(1615015625379,1614872890801,1614697043090,2,1,3,'12:00',NULL,'0','','6',1,0),(1615015625722,1614872890802,1614697043090,2,1,7,'12:00',NULL,'0','','34',1,0),(1615015626092,1614872890803,1614697043090,2,1,3,'06:40',NULL,'7','','6',1,1),(1615015626540,1614872890804,1614697043090,2,1,8,'06:40',NULL,'7','','41',1,1),(1615015626971,1614872890808,1614697043090,2,1,6,'06:50',NULL,'7','','28',1,1),(1615015627397,1614872890810,1614697043090,2,1,3,'06:50',NULL,'7','','6',1,1),(1615015627831,1614872890812,1614697043090,2,1,8,'07:00',NULL,'6','','41',1,1),(1615015628268,1614872890813,1614697043090,2,1,4,'07:00',NULL,'6','','13',1,1),(1615015628703,1614872890814,1614697043090,2,1,11,'07:10',NULL,'5','','62',1,1),(1615015629152,1614872890815,1614697043090,2,1,11,'07:10',NULL,'5','','62',1,0),(1615015629562,1614872890816,1614697043090,2,1,8,'07:20',NULL,'4','','41',1,1),(1615015629967,1614872890817,1614697043090,2,1,6,'07:20',NULL,'4','28','28',1,1),(1615015630418,1614872890818,1614697043090,2,1,7,'07:30',NULL,'3','','34',1,1),(1615015630847,1614872890819,1614697043090,2,1,11,'07:30',NULL,'3','','62',1,0),(1615015631266,1614872890820,1614697043090,2,1,4,'07:40',NULL,'3','','13',1,1),(1615015631707,1614872890821,1614697043090,2,1,9,'07:40',NULL,'3','50','50',1,1),(1615015632146,1614872890822,1614697043090,2,1,11,'07:50',NULL,'2','62','62',1,0),(1615015632600,1614872890823,1614697043090,2,1,3,'07:50',NULL,'2','6','6',1,1),(1615015633030,1614872890824,1614697043090,2,1,5,'06:40',NULL,'7','21','21',1,0),(1615015633475,1614872890825,1614697043090,2,1,10,'06:40',NULL,'7','','55',1,0),(1615015633894,1614872890826,1614697043090,2,1,8,'06:50',NULL,'6','','41',1,0),(1615015634346,1614872890828,1614697043090,2,1,8,'06:50',NULL,'6','','41',1,0),(1615015634776,1614872890830,1614697043090,2,1,13,'07:00',NULL,'6','','70',1,0),(1615015635148,1614872890831,1614697043090,2,1,7,'07:00',NULL,'6','','34',1,0),(1615015635586,1614872890832,1614697043090,2,1,6,'07:10',NULL,'5','','28',1,0),(1615015636017,1614872890833,1614697043090,2,1,4,'07:10',NULL,'5','13','13',1,0),(1615015636419,1614872890835,1614697043090,2,1,13,'07:20',NULL,'4','70','70',1,0),(1615015636876,1614872890836,1614697043090,2,1,7,'07:20',NULL,'4','34','34',1,0),(1615015637314,1614872890837,1614697043090,2,1,4,'07:30',NULL,'3','','13',1,0),(1615015637719,1614872890838,1614697043090,2,1,10,'07:30',NULL,'3','55','55',1,0),(1615015638112,1614872890839,1614697043090,2,1,9,'07:40',NULL,'2','','50',1,0),(1615015638530,1614872890840,1614697043090,2,1,4,'07:40',NULL,'2','','13',1,0),(1615015638994,1614872890841,1614697043090,2,1,8,'07:50',NULL,'2','41','41',1,0),(1615015639431,1614872890842,1614697043090,2,1,5,'07:50',NULL,'2','','21',1,0);
/*!40000 ALTER TABLE `score` ENABLE KEYS */;
UNLOCK TABLES;

--
-- Table structure for table `shots`
--

DROP TABLE IF EXISTS `shots`;
/*!40101 SET @saved_cs_client     = @@character_set_client */;
/*!40101 SET character_set_client = utf8 */;
CREATE TABLE `shots` (
  `shotsid` bigint(20) NOT NULL,
  `idscore` bigint(20) DEFAULT '0',
  `holeid` varchar(45) DEFAULT '0',
  `strokes` varchar(45) DEFAULT NULL,
  `LiveStroke` varchar(45) DEFAULT NULL,
  `Putts` varchar(45) DEFAULT NULL,
  `Bunkers` varchar(45) DEFAULT '',
  `Fairway` varchar(45) DEFAULT '',
  `Gir` varchar(45) DEFAULT '',
  `Drive` int(11) DEFAULT NULL,
  `Chips` int(11) DEFAULT NULL,
  `Sand` int(11) DEFAULT NULL,
  `Penalties` int(11) DEFAULT NULL,
  `HoleStatus` int(11) DEFAULT '0',
  PRIMARY KEY (`shotsid`),
  KEY `fkidScore_idx` (`idscore`),
  CONSTRAINT `fk_Score` FOREIGN KEY (`idscore`) REFERENCES `score` (`idscore`) ON DELETE CASCADE ON UPDATE NO ACTION
) ENGINE=InnoDB DEFAULT CHARSET=latin1;
/*!40101 SET character_set_client = @saved_cs_client */;

--
-- Dumping data for table `shots`
--

LOCK TABLES `shots` WRITE;
/*!40000 ALTER TABLE `shots` DISABLE KEYS */;
INSERT INTO `shots` VALUES (1614874188367,1614874188278,'1','3',NULL,'1','','','',NULL,NULL,NULL,NULL,2),(1614874188378,1614874188278,'2','4',NULL,'2','','','',NULL,NULL,NULL,NULL,2),(1614874188387,1614874188278,'3','5',NULL,'2','','','',NULL,NULL,NULL,NULL,2),(1614874188397,1614874188278,'4','4',NULL,'1','','','',NULL,NULL,NULL,NULL,2),(1614874188407,1614874188278,'5','3',NULL,'2','','','',NULL,NULL,NULL,NULL,2),(1614874188417,1614874188278,'6','5',NULL,'2','','','',NULL,NULL,NULL,NULL,2),(1614874188428,1614874188278,'7','4',NULL,'1','','','',NULL,NULL,NULL,NULL,2),(1614874188438,1614874188278,'8','5',NULL,'2','','','',NULL,NULL,NULL,NULL,2),(1614874188448,1614874188278,'9','4',NULL,'2','','','',NULL,NULL,NULL,NULL,2),(1614874188458,1614874188278,'10','4',NULL,'2','','','',NULL,NULL,NULL,NULL,2),(1614874188467,1614874188278,'11','4',NULL,'2','','','',NULL,NULL,NULL,NULL,2),(1614874188478,1614874188278,'12','4',NULL,'2','','','',NULL,NULL,NULL,NULL,2),(1614874188488,1614874188278,'13','5',NULL,'2','','','',NULL,NULL,NULL,NULL,2),(1614874188499,1614874188278,'14','4',NULL,'2','','','',NULL,NULL,NULL,NULL,2),(1614874188511,1614874188278,'15','5',NULL,'1','','','',NULL,NULL,NULL,NULL,2),(1614874188521,1614874188278,'16','3',NULL,'1','','','',NULL,NULL,NULL,NULL,2),(1614874188532,1614874188278,'17','3',NULL,'1','','','',NULL,NULL,NULL,NULL,2),(1614874188543,1614874188278,'18','5',NULL,'2','','','',NULL,NULL,NULL,NULL,2),(1614874188611,1614874188604,'1','5',NULL,'2','','','',NULL,NULL,NULL,NULL,2),(1614874188623,1614874188604,'2','5',NULL,'2','','','',NULL,NULL,NULL,NULL,2),(1614874188633,1614874188604,'3','5',NULL,'2','','','',NULL,NULL,NULL,NULL,2),(1614874188643,1614874188604,'4','4',NULL,'2','','','',NULL,NULL,NULL,NULL,2),(1614874188654,1614874188604,'5','3',NULL,'2','','','',NULL,NULL,NULL,NULL,2),(1614874188666,1614874188604,'6','5',NULL,'1','','','',NULL,NULL,NULL,NULL,2),(1614874188676,1614874188604,'7','4',NULL,'2','','','',NULL,NULL,NULL,NULL,2),(1614874188687,1614874188604,'8','5',NULL,'2','','','',NULL,NULL,NULL,NULL,2),(1614874188697,1614874188604,'9','4',NULL,'2','','','',NULL,NULL,NULL,NULL,2),(1614874188707,1614874188604,'10','5',NULL,'2','','','',NULL,NULL,NULL,NULL,2),(1614874188717,1614874188604,'11','5',NULL,'2','','','',NULL,NULL,NULL,NULL,2),(1614874188728,1614874188604,'12','4',NULL,'3','','','',NULL,NULL,NULL,NULL,2),(1614874188738,1614874188604,'13','4',NULL,'2','','','',NULL,NULL,NULL,NULL,2),(1614874188749,1614874188604,'14','5',NULL,'2','','','',NULL,NULL,NULL,NULL,2),(1614874188760,1614874188604,'15','4',NULL,'2','','','',NULL,NULL,NULL,NULL,2),(1614874188770,1614874188604,'16','2',NULL,'1','','','',NULL,NULL,NULL,NULL,2),(1614874188781,1614874188604,'17','4',NULL,'1','','','',NULL,NULL,NULL,NULL,2),(1614874188792,1614874188604,'18','3',NULL,'0','','','',NULL,NULL,NULL,NULL,2),(1614874188860,1614874188853,'1','4',NULL,'2','','','',NULL,NULL,NULL,NULL,2),(1614874188873,1614874188853,'2','4',NULL,'3','','','',NULL,NULL,NULL,NULL,2),(1614874188885,1614874188853,'3','6',NULL,'2','','','',NULL,NULL,NULL,NULL,2),(1614874188896,1614874188853,'4','5',NULL,'2','','','',NULL,NULL,NULL,NULL,2),(1614874188907,1614874188853,'5','3',NULL,'2','','','',NULL,NULL,NULL,NULL,2),(1614874188918,1614874188853,'6','4',NULL,'1','','','',NULL,NULL,NULL,NULL,2),(1614874188929,1614874188853,'7','5',NULL,'1','','','',NULL,NULL,NULL,NULL,2),(1614874188940,1614874188853,'8','4',NULL,'1','','','',NULL,NULL,NULL,NULL,2),(1614874188951,1614874188853,'9','4',NULL,'2','','','',NULL,NULL,NULL,NULL,2),(1614874188963,1614874188853,'10','3',NULL,'1','','','',NULL,NULL,NULL,NULL,2),(1614874188973,1614874188853,'11','4',NULL,'2','','','',NULL,NULL,NULL,NULL,2),(1614874188982,1614874188853,'12','3',NULL,'2','','','',NULL,NULL,NULL,NULL,2),(1614874188991,1614874188853,'13','4',NULL,'2','','','',NULL,NULL,NULL,NULL,2),(1614874189000,1614874188853,'14','4',NULL,'2','','','',NULL,NULL,NULL,NULL,2),(1614874189010,1614874188853,'15','5',NULL,'2','','','',NULL,NULL,NULL,NULL,2),(1614874189020,1614874188853,'16','3',NULL,'2','','','',NULL,NULL,NULL,NULL,2),(1614874189030,1614874188853,'17','4',NULL,'2','','','',NULL,NULL,NULL,NULL,2),(1614874189041,1614874188853,'18','4',NULL,'1','','','',NULL,NULL,NULL,NULL,2),(1614874189109,1614874189101,'1','4',NULL,'2','','','',NULL,NULL,NULL,NULL,2),(1614874189121,1614874189101,'2','4',NULL,'2','','','',NULL,NULL,NULL,NULL,2),(1614874189132,1614874189101,'3','4',NULL,'2','','','',NULL,NULL,NULL,NULL,2),(1614874189143,1614874189101,'4','5',NULL,'2','','','',NULL,NULL,NULL,NULL,2),(1614874189154,1614874189101,'5','2',NULL,'1','','','',NULL,NULL,NULL,NULL,2),(1614874189165,1614874189101,'6','5',NULL,'1','','','',NULL,NULL,NULL,NULL,2),(1614874189176,1614874189101,'7','4',NULL,'1','','','',NULL,NULL,NULL,NULL,2),(1614874189186,1614874189101,'8','7',NULL,'3','','','',NULL,NULL,NULL,NULL,2),(1614874189197,1614874189101,'9','4',NULL,'2','','','',NULL,NULL,NULL,NULL,2),(1614874189208,1614874189101,'10','4',NULL,'1','','','',NULL,NULL,NULL,NULL,2),(1614874189218,1614874189101,'11','4',NULL,'2','','','',NULL,NULL,NULL,NULL,2),(1614874189229,1614874189101,'12','3',NULL,'2','','','',NULL,NULL,NULL,NULL,2),(1614874189239,1614874189101,'13','5',NULL,'2','','','',NULL,NULL,NULL,NULL,2),(1614874189250,1614874189101,'14','4',NULL,'2','','','',NULL,NULL,NULL,NULL,2),(1614874189261,1614874189101,'15','4',NULL,'1','','','',NULL,NULL,NULL,NULL,2),(1614874189272,1614874189101,'16','3',NULL,'1','','','',NULL,NULL,NULL,NULL,2),(1614874189282,1614874189101,'17','4',NULL,'2','','','',NULL,NULL,NULL,NULL,2),(1614874189293,1614874189101,'18','4',NULL,'1','','','',NULL,NULL,NULL,NULL,2),(1614874189363,1614874189355,'1','4',NULL,'2','','','',NULL,NULL,NULL,NULL,2),(1614874189375,1614874189355,'2','3',NULL,'2','','','',NULL,NULL,NULL,NULL,2),(1614874189387,1614874189355,'3','3',NULL,'1','','','',NULL,NULL,NULL,NULL,2),(1614874189397,1614874189355,'4','4',NULL,'2','','','',NULL,NULL,NULL,NULL,2),(1614874189407,1614874189355,'5','4',NULL,'2','','','',NULL,NULL,NULL,NULL,2),(1614874189417,1614874189355,'6','5',NULL,'1','','','',NULL,NULL,NULL,NULL,2),(1614874189427,1614874189355,'7','5',NULL,'2','','','',NULL,NULL,NULL,NULL,2),(1614874189437,1614874189355,'8','5',NULL,'2','','','',NULL,NULL,NULL,NULL,2),(1614874189447,1614874189355,'9','4',NULL,'2','','','',NULL,NULL,NULL,NULL,2),(1614874189457,1614874189355,'10','5',NULL,'3','','','',NULL,NULL,NULL,NULL,2),(1614874189469,1614874189355,'11','4',NULL,'2','','','',NULL,NULL,NULL,NULL,2),(1614874189481,1614874189355,'12','3',NULL,'2','','','',NULL,NULL,NULL,NULL,2),(1614874189492,1614874189355,'13','4',NULL,'2','','','',NULL,NULL,NULL,NULL,2),(1614874189504,1614874189355,'14','4',NULL,'2','','','',NULL,NULL,NULL,NULL,2),(1614874189516,1614874189355,'15','3',NULL,'1','','','',NULL,NULL,NULL,NULL,2),(1614874189528,1614874189355,'16','3',NULL,'1','','','',NULL,NULL,NULL,NULL,2),(1614874189540,1614874189355,'17','4',NULL,'2','','','',NULL,NULL,NULL,NULL,2),(1614874189552,1614874189355,'18','5',NULL,'0','','','',NULL,NULL,NULL,NULL,2),(1614874189620,1614874189613,'1','5',NULL,'2','','','',NULL,NULL,NULL,NULL,2),(1614874189633,1614874189613,'2','3',NULL,'1','','','',NULL,NULL,NULL,NULL,2),(1614874189644,1614874189613,'3','4',NULL,'1','','','',NULL,NULL,NULL,NULL,2),(1614874189656,1614874189613,'4','4',NULL,'1','','','',NULL,NULL,NULL,NULL,2),(1614874189668,1614874189613,'5','4',NULL,'2','','','',NULL,NULL,NULL,NULL,2),(1614874189680,1614874189613,'6','4',NULL,'1','','','',NULL,NULL,NULL,NULL,2),(1614874189692,1614874189613,'7','4',NULL,'2','','','',NULL,NULL,NULL,NULL,2),(1614874189704,1614874189613,'8','5',NULL,'2','','','',NULL,NULL,NULL,NULL,2),(1614874189716,1614874189613,'9','4',NULL,'2','','','',NULL,NULL,NULL,NULL,2),(1614874189728,1614874189613,'10','5',NULL,'2','','','',NULL,NULL,NULL,NULL,2),(1614874189741,1614874189613,'11','4',NULL,'2','','','',NULL,NULL,NULL,NULL,2),(1614874189753,1614874189613,'12','4',NULL,'1','','','',NULL,NULL,NULL,NULL,2),(1614874189764,1614874189613,'13','4',NULL,'2','','','',NULL,NULL,NULL,NULL,2),(1614874189775,1614874189613,'14','4',NULL,'2','','','',NULL,NULL,NULL,NULL,2),(1614874189786,1614874189613,'15','4',NULL,'2','','','',NULL,NULL,NULL,NULL,2),(1614874189797,1614874189613,'16','4',NULL,'2','','','',NULL,NULL,NULL,NULL,2),(1614874189808,1614874189613,'17','4',NULL,'2','','','',NULL,NULL,NULL,NULL,2),(1614874189820,1614874189613,'18','5',NULL,'2','','','',NULL,NULL,NULL,NULL,2),(1614874189891,1614874189883,'1','4',NULL,'1','','','',NULL,NULL,NULL,NULL,2),(1614874189903,1614874189883,'2','3',NULL,'2','','','',NULL,NULL,NULL,NULL,2),(1614874189915,1614874189883,'3','4',NULL,'1','','','',NULL,NULL,NULL,NULL,2),(1614874189926,1614874189883,'4','4',NULL,'2','','','',NULL,NULL,NULL,NULL,2),(1614874189937,1614874189883,'5','3',NULL,'2','','','',NULL,NULL,NULL,NULL,2),(1614874189949,1614874189883,'6','4',NULL,'1','','','',NULL,NULL,NULL,NULL,2),(1614874189961,1614874189883,'7','4',NULL,'2','','','',NULL,NULL,NULL,NULL,2),(1614874189972,1614874189883,'8','4',NULL,'2','','','',NULL,NULL,NULL,NULL,2),(1614874189984,1614874189883,'9','4',NULL,'1','','','',NULL,NULL,NULL,NULL,2),(1614874189996,1614874189883,'10','4',NULL,'1','','','',NULL,NULL,NULL,NULL,2),(1614874190008,1614874189883,'11','4',NULL,'2','','','',NULL,NULL,NULL,NULL,2),(1614874190019,1614874189883,'12','3',NULL,'1','','','',NULL,NULL,NULL,NULL,2),(1614874190029,1614874189883,'13','4',NULL,'2','','','',NULL,NULL,NULL,NULL,2),(1614874190039,1614874189883,'14','4',NULL,'2','','','',NULL,NULL,NULL,NULL,2),(1614874190049,1614874189883,'15','3',NULL,'1','','','',NULL,NULL,NULL,NULL,2),(1614874190060,1614874189883,'16','3',NULL,'2','','','',NULL,NULL,NULL,NULL,2),(1614874190071,1614874189883,'17','4',NULL,'1','','','',NULL,NULL,NULL,NULL,2),(1614874190082,1614874189883,'18','4',NULL,'1','','','',NULL,NULL,NULL,NULL,2),(1614874190154,1614874190145,'1','4',NULL,'2','','','',NULL,NULL,NULL,NULL,2),(1614874190166,1614874190145,'2','3',NULL,'2','','','',NULL,NULL,NULL,NULL,2),(1614874190178,1614874190145,'3','4',NULL,'2','','','',NULL,NULL,NULL,NULL,2),(1614874190189,1614874190145,'4','4',NULL,'2','','','',NULL,NULL,NULL,NULL,2),(1614874190201,1614874190145,'5','2',NULL,'1','','','',NULL,NULL,NULL,NULL,2),(1614874190212,1614874190145,'6','4',NULL,'2','','','',NULL,NULL,NULL,NULL,2),(1614874190222,1614874190145,'7','4',NULL,'2','','','',NULL,NULL,NULL,NULL,2),(1614874190233,1614874190145,'8','5',NULL,'1','','','',NULL,NULL,NULL,NULL,2),(1614874190243,1614874190145,'9','4',NULL,'2','','','',NULL,NULL,NULL,NULL,2),(1614874190253,1614874190145,'10','3',NULL,'1','','','',NULL,NULL,NULL,NULL,2),(1614874190263,1614874190145,'11','4',NULL,'2','','','',NULL,NULL,NULL,NULL,2),(1614874190274,1614874190145,'12','3',NULL,'1','','','',NULL,NULL,NULL,NULL,2),(1614874190284,1614874190145,'13','4',NULL,'2','','','',NULL,NULL,NULL,NULL,2),(1614874190294,1614874190145,'14','4',NULL,'1','','','',NULL,NULL,NULL,NULL,2),(1614874190304,1614874190145,'15','4',NULL,'1','','','',NULL,NULL,NULL,NULL,2),(1614874190314,1614874190145,'16','2',NULL,'1','','','',NULL,NULL,NULL,NULL,2),(1614874190325,1614874190145,'17','4',NULL,'1','','','',NULL,NULL,NULL,NULL,2),(1614874190336,1614874190145,'18','5',NULL,'1','','','',NULL,NULL,NULL,NULL,2),(1614874190405,1614874190397,'1','5',NULL,'2','','','',NULL,NULL,NULL,NULL,2),(1614874190416,1614874190397,'2','3',NULL,'0','','','',NULL,NULL,NULL,NULL,2),(1614874190426,1614874190397,'3','4',NULL,'2','','','',NULL,NULL,NULL,NULL,2),(1614874190437,1614874190397,'4','4',NULL,'2','','','',NULL,NULL,NULL,NULL,2),(1614874190448,1614874190397,'5','3',NULL,'1','','','',NULL,NULL,NULL,NULL,2),(1614874190459,1614874190397,'6','4',NULL,'1','','','',NULL,NULL,NULL,NULL,2),(1614874190470,1614874190397,'7','4',NULL,'2','','','',NULL,NULL,NULL,NULL,2),(1614874190482,1614874190397,'8','4',NULL,'1','','','',NULL,NULL,NULL,NULL,2),(1614874190494,1614874190397,'9','3',NULL,'1','','','',NULL,NULL,NULL,NULL,2),(1614874190507,1614874190397,'10','4',NULL,'2','','','',NULL,NULL,NULL,NULL,2),(1614874190518,1614874190397,'11','4',NULL,'1','','','',NULL,NULL,NULL,NULL,2),(1614874190530,1614874190397,'12','2',NULL,'1','','','',NULL,NULL,NULL,NULL,2),(1614874190542,1614874190397,'13','4',NULL,'1','','','',NULL,NULL,NULL,NULL,2),(1614874190554,1614874190397,'14','4',NULL,'1','','','',NULL,NULL,NULL,NULL,2),(1614874190565,1614874190397,'15','3',NULL,'1','','','',NULL,NULL,NULL,NULL,2),(1614874190577,1614874190397,'16','3',NULL,'2','','','',NULL,NULL,NULL,NULL,2),(1614874190589,1614874190397,'17','4',NULL,'2','','','',NULL,NULL,NULL,NULL,2),(1614874190601,1614874190397,'18','5',NULL,'2','','','',NULL,NULL,NULL,NULL,2),(1614874190672,1614874190664,'1','4',NULL,'2','','','',NULL,NULL,NULL,NULL,2),(1614874190685,1614874190664,'2','3',NULL,'1','','','',NULL,NULL,NULL,NULL,2),(1614874190697,1614874190664,'3','5',NULL,'2','','','',NULL,NULL,NULL,NULL,2),(1614874190708,1614874190664,'4','4',NULL,'2','','','',NULL,NULL,NULL,NULL,2),(1614874190719,1614874190664,'5','3',NULL,'2','','','',NULL,NULL,NULL,NULL,2),(1614874190731,1614874190664,'6','4',NULL,'2','','','',NULL,NULL,NULL,NULL,2),(1614874190743,1614874190664,'7','4',NULL,'1','','','',NULL,NULL,NULL,NULL,2),(1614874190755,1614874190664,'8','6',NULL,'3','','','',NULL,NULL,NULL,NULL,2),(1614874190769,1614874190664,'9','4',NULL,'2','','','',NULL,NULL,NULL,NULL,2),(1614874190781,1614874190664,'10','4',NULL,'2','','','',NULL,NULL,NULL,NULL,2),(1614874190793,1614874190664,'11','4',NULL,'2','','','',NULL,NULL,NULL,NULL,2),(1614874190805,1614874190664,'12','3',NULL,'1','','','',NULL,NULL,NULL,NULL,2),(1614874190817,1614874190664,'13','4',NULL,'2','','','',NULL,NULL,NULL,NULL,2),(1614874190828,1614874190664,'14','3',NULL,'1','','','',NULL,NULL,NULL,NULL,2),(1614874190839,1614874190664,'15','4',NULL,'2','','','',NULL,NULL,NULL,NULL,2),(1614874190851,1614874190664,'16','3',NULL,'2','','','',NULL,NULL,NULL,NULL,2),(1614874190863,1614874190664,'17','4',NULL,'2','','','',NULL,NULL,NULL,NULL,2),(1614874190874,1614874190664,'18','5',NULL,'2','','','',NULL,NULL,NULL,NULL,2),(1614874190944,1614874190936,'1','3',NULL,'1','','','',NULL,NULL,NULL,NULL,2),(1614874190957,1614874190936,'2','4',NULL,'2','','','',NULL,NULL,NULL,NULL,2),(1614874190968,1614874190936,'3','4',NULL,'2','','','',NULL,NULL,NULL,NULL,2),(1614874190980,1614874190936,'4','4',NULL,'1','','','',NULL,NULL,NULL,NULL,2),(1614874190992,1614874190936,'5','3',NULL,'2','','','',NULL,NULL,NULL,NULL,2),(1614874191004,1614874190936,'6','3',NULL,'1','','','',NULL,NULL,NULL,NULL,2),(1614874191014,1614874190936,'7','4',NULL,'1','','','',NULL,NULL,NULL,NULL,2),(1614874191023,1614874190936,'8','5',NULL,'2','','','',NULL,NULL,NULL,NULL,2),(1614874191032,1614874190936,'9','4',NULL,'2','','','',NULL,NULL,NULL,NULL,2),(1614874191041,1614874190936,'10','4',NULL,'1','','','',NULL,NULL,NULL,NULL,2),(1614874191050,1614874190936,'11','4',NULL,'2','','','',NULL,NULL,NULL,NULL,2),(1614874191058,1614874190936,'12','2',NULL,'1','','','',NULL,NULL,NULL,NULL,2),(1614874191069,1614874190936,'13','4',NULL,'2','','','',NULL,NULL,NULL,NULL,2),(1614874191077,1614874190936,'14','3',NULL,'0','','','',NULL,NULL,NULL,NULL,2),(1614874191087,1614874190936,'15','4',NULL,'2','','','',NULL,NULL,NULL,NULL,2),(1614874191096,1614874190936,'16','3',NULL,'2','','','',NULL,NULL,NULL,NULL,2),(1614874191105,1614874190936,'17','4',NULL,'2','','','',NULL,NULL,NULL,NULL,2),(1614874191113,1614874190936,'18','4',NULL,'1','','','',NULL,NULL,NULL,NULL,2),(1614874191174,1614874191171,'1','4',NULL,'2','','','',NULL,NULL,NULL,NULL,2),(1614874191184,1614874191171,'2','3',NULL,'2','','','',NULL,NULL,NULL,NULL,2),(1614874191193,1614874191171,'3','4',NULL,'2','','','',NULL,NULL,NULL,NULL,2),(1614874191202,1614874191171,'4','4',NULL,'2','','','',NULL,NULL,NULL,NULL,2),(1614874191210,1614874191171,'5','4',NULL,'1','','','',NULL,NULL,NULL,NULL,2),(1614874191218,1614874191171,'6','6',NULL,'2','','','',NULL,NULL,NULL,NULL,2),(1614874191227,1614874191171,'7','4',NULL,'2','','','',NULL,NULL,NULL,NULL,2),(1614874191236,1614874191171,'8','4',NULL,'1','','','',NULL,NULL,NULL,NULL,2),(1614874191245,1614874191171,'9','3',NULL,'1','','','',NULL,NULL,NULL,NULL,2),(1614874191254,1614874191171,'10','4',NULL,'2','','','',NULL,NULL,NULL,NULL,2),(1614874191263,1614874191171,'11','4',NULL,'2','','','',NULL,NULL,NULL,NULL,2),(1614874191272,1614874191171,'12','3',NULL,'2','','','',NULL,NULL,NULL,NULL,2),(1614874191282,1614874191171,'13','4',NULL,'1','','','',NULL,NULL,NULL,NULL,2),(1614874191292,1614874191171,'14','4',NULL,'2','','','',NULL,NULL,NULL,NULL,2),(1614874191302,1614874191171,'15','3',NULL,'0','','','',NULL,NULL,NULL,NULL,2),(1614874191312,1614874191171,'16','3',NULL,'2','','','',NULL,NULL,NULL,NULL,2),(1614874191322,1614874191171,'17','3',NULL,'1','','','',NULL,NULL,NULL,NULL,2),(1614874191331,1614874191171,'18','4',NULL,'2','','','',NULL,NULL,NULL,NULL,2),(1614874191399,1614874191391,'1','4',NULL,'2','','','',NULL,NULL,NULL,NULL,2),(1614874191413,1614874191391,'2','3',NULL,'1','','','',NULL,NULL,NULL,NULL,2),(1614874191427,1614874191391,'3','4',NULL,'1','','','',NULL,NULL,NULL,NULL,2),(1614874191438,1614874191391,'4','5',NULL,'2','','','',NULL,NULL,NULL,NULL,2),(1614874191450,1614874191391,'5','3',NULL,'2','','','',NULL,NULL,NULL,NULL,2),(1614874191461,1614874191391,'6','4',NULL,'2','','','',NULL,NULL,NULL,NULL,2),(1614874191473,1614874191391,'7','3',NULL,'1','','','',NULL,NULL,NULL,NULL,2),(1614874191484,1614874191391,'8','4',NULL,'2','','','',NULL,NULL,NULL,NULL,2),(1614874191496,1614874191391,'9','3',NULL,'1','','','',NULL,NULL,NULL,NULL,2),(1614874191506,1614874191391,'10','4',NULL,'1','','','',NULL,NULL,NULL,NULL,2),(1614874191517,1614874191391,'11','4',NULL,'2','','','',NULL,NULL,NULL,NULL,2),(1614874191529,1614874191391,'12','4',NULL,'2','','','',NULL,NULL,NULL,NULL,2),(1614874191540,1614874191391,'13','4',NULL,'1','','','',NULL,NULL,NULL,NULL,2),(1614874191553,1614874191391,'14','4',NULL,'2','','','',NULL,NULL,NULL,NULL,2),(1614874191564,1614874191391,'15','4',NULL,'2','','','',NULL,NULL,NULL,NULL,2),(1614874191575,1614874191391,'16','3',NULL,'1','','','',NULL,NULL,NULL,NULL,2),(1614874191585,1614874191391,'17','3',NULL,'1','','','',NULL,NULL,NULL,NULL,2),(1614874191595,1614874191391,'18','5',NULL,'2','','','',NULL,NULL,NULL,NULL,2),(1614874191663,1614874191657,'1','4',NULL,'2','','','',NULL,NULL,NULL,NULL,2),(1614874191674,1614874191657,'2','4',NULL,'3','','','',NULL,NULL,NULL,NULL,2),(1614874191684,1614874191657,'3','4',NULL,'1','','','',NULL,NULL,NULL,NULL,2),(1614874191694,1614874191657,'4','3',NULL,'1','','','',NULL,NULL,NULL,NULL,2),(1614874191704,1614874191657,'5','4',NULL,'1','','','',NULL,NULL,NULL,NULL,2),(1614874191715,1614874191657,'6','3',NULL,'0','','','',NULL,NULL,NULL,NULL,2),(1614874191725,1614874191657,'7','4',NULL,'1','','','',NULL,NULL,NULL,NULL,2),(1614874191735,1614874191657,'8','4',NULL,'1','','','',NULL,NULL,NULL,NULL,2),(1614874191746,1614874191657,'9','4',NULL,'2','','','',NULL,NULL,NULL,NULL,2),(1614874191757,1614874191657,'10','3',NULL,'1','','','',NULL,NULL,NULL,NULL,2),(1614874191767,1614874191657,'11','5',NULL,'2','','','',NULL,NULL,NULL,NULL,2),(1614874191777,1614874191657,'12','2',NULL,'1','','','',NULL,NULL,NULL,NULL,2),(1614874191787,1614874191657,'13','4',NULL,'1','','','',NULL,NULL,NULL,NULL,2),(1614874191797,1614874191657,'14','4',NULL,'2','','','',NULL,NULL,NULL,NULL,2),(1614874191808,1614874191657,'15','4',NULL,'1','','','',NULL,NULL,NULL,NULL,2),(1614874191818,1614874191657,'16','2',NULL,'1','','','',NULL,NULL,NULL,NULL,2),(1614874191829,1614874191657,'17','3',NULL,'1','','','',NULL,NULL,NULL,NULL,2),(1614874191839,1614874191657,'18','4',NULL,'1','','','',NULL,NULL,NULL,NULL,2),(1614874191908,1614874191901,'1','5',NULL,'1','','','',NULL,NULL,NULL,NULL,2),(1614874191919,1614874191901,'2','3',NULL,'2','','','',NULL,NULL,NULL,NULL,2),(1614874191930,1614874191901,'3','4',NULL,'1','','','',NULL,NULL,NULL,NULL,2),(1614874191941,1614874191901,'4','4',NULL,'2','','','',NULL,NULL,NULL,NULL,2),(1614874191951,1614874191901,'5','2',NULL,'1','','','',NULL,NULL,NULL,NULL,2),(1614874191962,1614874191901,'6','5',NULL,'1','','','',NULL,NULL,NULL,NULL,2),(1614874191972,1614874191901,'7','5',NULL,'2','','','',NULL,NULL,NULL,NULL,2),(1614874191983,1614874191901,'8','5',NULL,'1','','','',NULL,NULL,NULL,NULL,2),(1614874191994,1614874191901,'9','4',NULL,'1','','','',NULL,NULL,NULL,NULL,2),(1614874192004,1614874191901,'10','4',NULL,'2','','','',NULL,NULL,NULL,NULL,2),(1614874192014,1614874191901,'11','4',NULL,'1','','','',NULL,NULL,NULL,NULL,2),(1614874192025,1614874191901,'12','2',NULL,'1','','','',NULL,NULL,NULL,NULL,2),(1614874192036,1614874191901,'13','6',NULL,'2','','','',NULL,NULL,NULL,NULL,2),(1614874192047,1614874191901,'14','7',NULL,'2','','','',NULL,NULL,NULL,NULL,2),(1614874192058,1614874191901,'15','3',NULL,'0','','','',NULL,NULL,NULL,NULL,2),(1614874192068,1614874191901,'16','3',NULL,'2','','','',NULL,NULL,NULL,NULL,2),(1614874192078,1614874191901,'17','4',NULL,'2','','','',NULL,NULL,NULL,NULL,2),(1614874192088,1614874191901,'18','4',NULL,'1','','','',NULL,NULL,NULL,NULL,2),(1614874192152,1614874192147,'1','4',NULL,'2','','','',NULL,NULL,NULL,NULL,2),(1614874192164,1614874192147,'2','3',NULL,'1','','','',NULL,NULL,NULL,NULL,2),(1614874192176,1614874192147,'3','4',NULL,'1','','','',NULL,NULL,NULL,NULL,2),(1614874192187,1614874192147,'4','4',NULL,'1','','','',NULL,NULL,NULL,NULL,2),(1614874192198,1614874192147,'5','3',NULL,'2','','','',NULL,NULL,NULL,NULL,2),(1614874192208,1614874192147,'6','4',NULL,'1','','','',NULL,NULL,NULL,NULL,2),(1614874192218,1614874192147,'7','4',NULL,'1','','','',NULL,NULL,NULL,NULL,2),(1614874192228,1614874192147,'8','5',NULL,'2','','','',NULL,NULL,NULL,NULL,2),(1614874192238,1614874192147,'9','4',NULL,'2','','','',NULL,NULL,NULL,NULL,2),(1614874192248,1614874192147,'10','4',NULL,'2','','','',NULL,NULL,NULL,NULL,2),(1614874192259,1614874192147,'11','4',NULL,'2','','','',NULL,NULL,NULL,NULL,2),(1614874192269,1614874192147,'12','3',NULL,'1','','','',NULL,NULL,NULL,NULL,2),(1614874192280,1614874192147,'13','4',NULL,'1','','','',NULL,NULL,NULL,NULL,2),(1614874192291,1614874192147,'14','3',NULL,'1','','','',NULL,NULL,NULL,NULL,2),(1614874192302,1614874192147,'15','4',NULL,'2','','','',NULL,NULL,NULL,NULL,2),(1614874192312,1614874192147,'16','3',NULL,'2','','','',NULL,NULL,NULL,NULL,2),(1614874192322,1614874192147,'17','4',NULL,'2','','','',NULL,NULL,NULL,NULL,2),(1614874192332,1614874192147,'18','5',NULL,'2','','','',NULL,NULL,NULL,NULL,2),(1614874192400,1614874192394,'1','5',NULL,'','','','',NULL,NULL,NULL,NULL,2),(1614874192412,1614874192394,'2','3',NULL,'','','','',NULL,NULL,NULL,NULL,2),(1614874192423,1614874192394,'3','4',NULL,'','','','',NULL,NULL,NULL,NULL,2),(1614874192434,1614874192394,'4','5',NULL,'','','','',NULL,NULL,NULL,NULL,2),(1614874192444,1614874192394,'5','3',NULL,'','','','',NULL,NULL,NULL,NULL,2),(1614874192456,1614874192394,'6','5',NULL,'','','','',NULL,NULL,NULL,NULL,2),(1614874192465,1614874192394,'7','3',NULL,'','','','',NULL,NULL,NULL,NULL,2),(1614874192476,1614874192394,'8','4',NULL,'','','','',NULL,NULL,NULL,NULL,2),(1614874192486,1614874192394,'9','3',NULL,'','','','',NULL,NULL,NULL,NULL,2),(1614874192496,1614874192394,'10','4',NULL,'','','','',NULL,NULL,NULL,NULL,2),(1614874192507,1614874192394,'11','4',NULL,'','','','',NULL,NULL,NULL,NULL,2),(1614874192518,1614874192394,'12','3',NULL,'','','','',NULL,NULL,NULL,NULL,2),(1614874192528,1614874192394,'13','4',NULL,'','','','',NULL,NULL,NULL,NULL,2),(1614874192537,1614874192394,'14','4',NULL,'','','','',NULL,NULL,NULL,NULL,2),(1614874192547,1614874192394,'15','4',NULL,'','','','',NULL,NULL,NULL,NULL,2),(1614874192557,1614874192394,'16','3',NULL,'','','','',NULL,NULL,NULL,NULL,2),(1614874192567,1614874192394,'17','4',NULL,'','','','',NULL,NULL,NULL,NULL,2),(1614874192577,1614874192394,'18','4',NULL,'','','','',NULL,NULL,NULL,NULL,2),(1614874192644,1614874192637,'1','5',NULL,'','','','',NULL,NULL,NULL,NULL,2),(1614874192655,1614874192637,'2','4',NULL,'','','','',NULL,NULL,NULL,NULL,2),(1614874192666,1614874192637,'3','6',NULL,'','','','',NULL,NULL,NULL,NULL,2),(1614874192676,1614874192637,'4','4',NULL,'','','','',NULL,NULL,NULL,NULL,2),(1614874192686,1614874192637,'5','3',NULL,'','','','',NULL,NULL,NULL,NULL,2),(1614874192696,1614874192637,'6','5',NULL,'','','','',NULL,NULL,NULL,NULL,2),(1614874192705,1614874192637,'7','4',NULL,'','','','',NULL,NULL,NULL,NULL,2),(1614874192715,1614874192637,'8','5',NULL,'','','','',NULL,NULL,NULL,NULL,2),(1614874192726,1614874192637,'9','5',NULL,'','','','',NULL,NULL,NULL,NULL,2),(1614874192736,1614874192637,'10','4',NULL,'','','','',NULL,NULL,NULL,NULL,2),(1614874192745,1614874192637,'11','4',NULL,'','','','',NULL,NULL,NULL,NULL,2),(1614874192756,1614874192637,'12','3',NULL,'','','','',NULL,NULL,NULL,NULL,2),(1614874192766,1614874192637,'13','4',NULL,'','','','',NULL,NULL,NULL,NULL,2),(1614874192776,1614874192637,'14','4',NULL,'','','','',NULL,NULL,NULL,NULL,2),(1614874192787,1614874192637,'15','6',NULL,'','','','',NULL,NULL,NULL,NULL,2),(1614874192799,1614874192637,'16','4',NULL,'','','','',NULL,NULL,NULL,NULL,2),(1614874192809,1614874192637,'17','5',NULL,'','','','',NULL,NULL,NULL,NULL,2),(1614874192818,1614874192637,'18','5',NULL,'','','','',NULL,NULL,NULL,NULL,2),(1614874192884,1614874192877,'1','4',NULL,'','','','',NULL,NULL,NULL,NULL,2),(1614874192894,1614874192877,'2','4',NULL,'','','','',NULL,NULL,NULL,NULL,2),(1614874192904,1614874192877,'3','6',NULL,'','','','',NULL,NULL,NULL,NULL,2),(1614874192914,1614874192877,'4','4',NULL,'','','','',NULL,NULL,NULL,NULL,2),(1614874192924,1614874192877,'5','3',NULL,'','','','',NULL,NULL,NULL,NULL,2),(1614874192934,1614874192877,'6','4',NULL,'','','','',NULL,NULL,NULL,NULL,2),(1614874192945,1614874192877,'7','4',NULL,'','','','',NULL,NULL,NULL,NULL,2),(1614874192955,1614874192877,'8','4',NULL,'','','','',NULL,NULL,NULL,NULL,2),(1614874192965,1614874192877,'9','5',NULL,'','','','',NULL,NULL,NULL,NULL,2),(1614874192977,1614874192877,'10','3',NULL,'','','','',NULL,NULL,NULL,NULL,2),(1614874192987,1614874192877,'11','5',NULL,'','','','',NULL,NULL,NULL,NULL,2),(1614874192997,1614874192877,'12','5',NULL,'','','','',NULL,NULL,NULL,NULL,2),(1614874193008,1614874192877,'13','4',NULL,'','','','',NULL,NULL,NULL,NULL,2),(1614874193018,1614874192877,'14','3',NULL,'','','','',NULL,NULL,NULL,NULL,2),(1614874193029,1614874192877,'15','5',NULL,'','','','',NULL,NULL,NULL,NULL,2),(1614874193040,1614874192877,'16','3',NULL,'','','','',NULL,NULL,NULL,NULL,2),(1614874193051,1614874192877,'17','4',NULL,'','','','',NULL,NULL,NULL,NULL,2),(1614874193061,1614874192877,'18','5',NULL,'','','','',NULL,NULL,NULL,NULL,2),(1614874193128,1614874193122,'1','4',NULL,'2','','','',NULL,NULL,NULL,NULL,2),(1614874193140,1614874193122,'2','3',NULL,'2','','','',NULL,NULL,NULL,NULL,2),(1614874193149,1614874193122,'3','5',NULL,'2','','','',NULL,NULL,NULL,NULL,2),(1614874193158,1614874193122,'4','3',NULL,'1','','','',NULL,NULL,NULL,NULL,2),(1614874193167,1614874193122,'5','2',NULL,'1','','','',NULL,NULL,NULL,NULL,2),(1614874193177,1614874193122,'6','5',NULL,'1','','','',NULL,NULL,NULL,NULL,2),(1614874193187,1614874193122,'7','4',NULL,'1','','','',NULL,NULL,NULL,NULL,2),(1614874193197,1614874193122,'8','4',NULL,'1','','','',NULL,NULL,NULL,NULL,2),(1614874193207,1614874193122,'9','4',NULL,'2','','','',NULL,NULL,NULL,NULL,2),(1614874193218,1614874193122,'10','4',NULL,'1','','','',NULL,NULL,NULL,NULL,2),(1614874193229,1614874193122,'11','4',NULL,'1','','','',NULL,NULL,NULL,NULL,2),(1614874193239,1614874193122,'12','2',NULL,'0','','','',NULL,NULL,NULL,NULL,2),(1614874193249,1614874193122,'13','3',NULL,'0','','','',NULL,NULL,NULL,NULL,2),(1614874193259,1614874193122,'14','4',NULL,'2','','','',NULL,NULL,NULL,NULL,2),(1614874193269,1614874193122,'15','4',NULL,'1','','','',NULL,NULL,NULL,NULL,2),(1614874193280,1614874193122,'16','3',NULL,'1','','','',NULL,NULL,NULL,NULL,2),(1614874193294,1614874193122,'17','4',NULL,'2','','','',NULL,NULL,NULL,NULL,2),(1614874193305,1614874193122,'18','4',NULL,'1','','','',NULL,NULL,NULL,NULL,2),(1614874193374,1614874193367,'1','4',NULL,'2','','','',NULL,NULL,NULL,NULL,2),(1614874193385,1614874193367,'2','3',NULL,'1','','','',NULL,NULL,NULL,NULL,2),(1614874193395,1614874193367,'3','4',NULL,'2','','','',NULL,NULL,NULL,NULL,2),(1614874193405,1614874193367,'4','4',NULL,'1','','','',NULL,NULL,NULL,NULL,2),(1614874193416,1614874193367,'5','3',NULL,'1','','','',NULL,NULL,NULL,NULL,2),(1614874193426,1614874193367,'6','5',NULL,'2','','','',NULL,NULL,NULL,NULL,2),(1614874193435,1614874193367,'7','4',NULL,'2','','','',NULL,NULL,NULL,NULL,2),(1614874193445,1614874193367,'8','5',NULL,'2','','','',NULL,NULL,NULL,NULL,2),(1614874193455,1614874193367,'9','4',NULL,'1','','','',NULL,NULL,NULL,NULL,2),(1614874193465,1614874193367,'10','4',NULL,'2','','','',NULL,NULL,NULL,NULL,2),(1614874193475,1614874193367,'11','5',NULL,'2','','','',NULL,NULL,NULL,NULL,2),(1614874193485,1614874193367,'12','4',NULL,'2','','','',NULL,NULL,NULL,NULL,2),(1614874193495,1614874193367,'13','4',NULL,'1','','','',NULL,NULL,NULL,NULL,2),(1614874193505,1614874193367,'14','3',NULL,'1','','','',NULL,NULL,NULL,NULL,2),(1614874193515,1614874193367,'15','3',NULL,'1','','','',NULL,NULL,NULL,NULL,2),(1614874193526,1614874193367,'16','3',NULL,'2','','','',NULL,NULL,NULL,NULL,2),(1614874193536,1614874193367,'17','3',NULL,'1','','','',NULL,NULL,NULL,NULL,2),(1614874193547,1614874193367,'18','5',NULL,'0','','','',NULL,NULL,NULL,NULL,2),(1614874193618,1614874193610,'1','5',NULL,'2','','','',NULL,NULL,NULL,NULL,2),(1614874193631,1614874193610,'2','2',NULL,'1','','','',NULL,NULL,NULL,NULL,2),(1614874193643,1614874193610,'3','4',NULL,'2','','','',NULL,NULL,NULL,NULL,2),(1614874193655,1614874193610,'4','4',NULL,'2','','','',NULL,NULL,NULL,NULL,2),(1614874193667,1614874193610,'5','3',NULL,'2','','','',NULL,NULL,NULL,NULL,2),(1614874193679,1614874193610,'6','6',NULL,'2','','','',NULL,NULL,NULL,NULL,2),(1614874193691,1614874193610,'7','3',NULL,'1','','','',NULL,NULL,NULL,NULL,2),(1614874193703,1614874193610,'8','6',NULL,'3','','','',NULL,NULL,NULL,NULL,2),(1614874193715,1614874193610,'9','3',NULL,'1','','','',NULL,NULL,NULL,NULL,2),(1614874193727,1614874193610,'10','5',NULL,'2','','','',NULL,NULL,NULL,NULL,2),(1614874193738,1614874193610,'11','4',NULL,'2','','','',NULL,NULL,NULL,NULL,2),(1614874193750,1614874193610,'12','2',NULL,'1','','','',NULL,NULL,NULL,NULL,2),(1614874193762,1614874193610,'13','3',NULL,'0','','','',NULL,NULL,NULL,NULL,2),(1614874193773,1614874193610,'14','5',NULL,'1','','','',NULL,NULL,NULL,NULL,2),(1614874193785,1614874193610,'15','4',NULL,'1','','','',NULL,NULL,NULL,NULL,2),(1614874193796,1614874193610,'16','2',NULL,'1','','','',NULL,NULL,NULL,NULL,2),(1614874193808,1614874193610,'17','4',NULL,'2','','','',NULL,NULL,NULL,NULL,2),(1614874193820,1614874193610,'18','4',NULL,'1','','','',NULL,NULL,NULL,NULL,2),(1614874193890,1614874193882,'1','4',NULL,'2','','','',NULL,NULL,NULL,NULL,2),(1614874193903,1614874193882,'2','3',NULL,'2','','','',NULL,NULL,NULL,NULL,2),(1614874193914,1614874193882,'3','4',NULL,'2','','','',NULL,NULL,NULL,NULL,2),(1614874193926,1614874193882,'4','4',NULL,'2','','','',NULL,NULL,NULL,NULL,2),(1614874193938,1614874193882,'5','2',NULL,'1','','','',NULL,NULL,NULL,NULL,2),(1614874193950,1614874193882,'6','5',NULL,'1','','','',NULL,NULL,NULL,NULL,2),(1614874193962,1614874193882,'7','4',NULL,'2','','','',NULL,NULL,NULL,NULL,2),(1614874193974,1614874193882,'8','5',NULL,'2','','','',NULL,NULL,NULL,NULL,2),(1614874193986,1614874193882,'9','4',NULL,'2','','','',NULL,NULL,NULL,NULL,2),(1614874193998,1614874193882,'10','3',NULL,'1','','','',NULL,NULL,NULL,NULL,2),(1614874194010,1614874193882,'11','3',NULL,'1','','','',NULL,NULL,NULL,NULL,2),(1614874194022,1614874193882,'12','4',NULL,'2','','','',NULL,NULL,NULL,NULL,2),(1614874194033,1614874193882,'13','3',NULL,'1','','','',NULL,NULL,NULL,NULL,2),(1614874194045,1614874193882,'14','3',NULL,'1','','','',NULL,NULL,NULL,NULL,2),(1614874194056,1614874193882,'15','5',NULL,'2','','','',NULL,NULL,NULL,NULL,2),(1614874194068,1614874193882,'16','2',NULL,'1','','','',NULL,NULL,NULL,NULL,2),(1614874194079,1614874193882,'17','4',NULL,'2','','','',NULL,NULL,NULL,NULL,2),(1614874194090,1614874193882,'18','4',NULL,'2','','','',NULL,NULL,NULL,NULL,2),(1614874194159,1614874194152,'1','5',NULL,'','','','',NULL,NULL,NULL,NULL,2),(1614874194172,1614874194152,'2','3',NULL,'','','','',NULL,NULL,NULL,NULL,2),(1614874194182,1614874194152,'3','4',NULL,'','','','',NULL,NULL,NULL,NULL,2),(1614874194192,1614874194152,'4','4',NULL,'','','','',NULL,NULL,NULL,NULL,2),(1614874194204,1614874194152,'5','3',NULL,'','','','',NULL,NULL,NULL,NULL,2),(1614874194216,1614874194152,'6','4',NULL,'','','','',NULL,NULL,NULL,NULL,2),(1614874194228,1614874194152,'7','4',NULL,'','','','',NULL,NULL,NULL,NULL,2),(1614874194239,1614874194152,'8','5',NULL,'','','','',NULL,NULL,NULL,NULL,2),(1614874194251,1614874194152,'9','4',NULL,'','','','',NULL,NULL,NULL,NULL,2),(1614874194263,1614874194152,'10','4',NULL,'','','','',NULL,NULL,NULL,NULL,2),(1614874194275,1614874194152,'11','4',NULL,'','','','',NULL,NULL,NULL,NULL,2),(1614874194287,1614874194152,'12','3',NULL,'','','','',NULL,NULL,NULL,NULL,2),(1614874194298,1614874194152,'13','4',NULL,'','','','',NULL,NULL,NULL,NULL,2),(1614874194309,1614874194152,'14','3',NULL,'','','','',NULL,NULL,NULL,NULL,2),(1614874194320,1614874194152,'15','4',NULL,'','','','',NULL,NULL,NULL,NULL,2),(1614874194332,1614874194152,'16','3',NULL,'','','','',NULL,NULL,NULL,NULL,2),(1614874194344,1614874194152,'17','4',NULL,'','','','',NULL,NULL,NULL,NULL,2),(1614874194355,1614874194152,'18','4',NULL,'','','','',NULL,NULL,NULL,NULL,2),(1614874194425,1614874194418,'1','4',NULL,'2','','','',NULL,NULL,NULL,NULL,2),(1614874194437,1614874194418,'2','3',NULL,'1','','','',NULL,NULL,NULL,NULL,2),(1614874194449,1614874194418,'3','4',NULL,'2','','','',NULL,NULL,NULL,NULL,2),(1614874194461,1614874194418,'4','4',NULL,'2','','','',NULL,NULL,NULL,NULL,2),(1614874194472,1614874194418,'5','3',NULL,'1','','','',NULL,NULL,NULL,NULL,2),(1614874194484,1614874194418,'6','4',NULL,'1','','','',NULL,NULL,NULL,NULL,2),(1614874194496,1614874194418,'7','5',NULL,'2','','','',NULL,NULL,NULL,NULL,2),(1614874194508,1614874194418,'8','5',NULL,'2','','','',NULL,NULL,NULL,NULL,2),(1614874194520,1614874194418,'9','4',NULL,'2','','','',NULL,NULL,NULL,NULL,2),(1614874194532,1614874194418,'10','5',NULL,'2','','','',NULL,NULL,NULL,NULL,2),(1614874194544,1614874194418,'11','3',NULL,'1','','','',NULL,NULL,NULL,NULL,2),(1614874194556,1614874194418,'12','3',NULL,'1','','','',NULL,NULL,NULL,NULL,2),(1614874194567,1614874194418,'13','5',NULL,'3','','','',NULL,NULL,NULL,NULL,2),(1614874194577,1614874194418,'14','5',NULL,'3','','','',NULL,NULL,NULL,NULL,2),(1614874194587,1614874194418,'15','3',NULL,'1','','','',NULL,NULL,NULL,NULL,2),(1614874194597,1614874194418,'16','4',NULL,'2','','','',NULL,NULL,NULL,NULL,2),(1614874194607,1614874194418,'17','4',NULL,'2','','','',NULL,NULL,NULL,NULL,2),(1614874194617,1614874194418,'18','4',NULL,'2','','','',NULL,NULL,NULL,NULL,2),(1614874194685,1614874194678,'1','4',NULL,'','','','',NULL,NULL,NULL,NULL,2),(1614874194697,1614874194678,'2','4',NULL,'','','','',NULL,NULL,NULL,NULL,2),(1614874194709,1614874194678,'3','4',NULL,'','','','',NULL,NULL,NULL,NULL,2),(1614874194721,1614874194678,'4','4',NULL,'','','','',NULL,NULL,NULL,NULL,2),(1614874194732,1614874194678,'5','3',NULL,'','','','',NULL,NULL,NULL,NULL,2),(1614874194743,1614874194678,'6','4',NULL,'','','','',NULL,NULL,NULL,NULL,2),(1614874194755,1614874194678,'7','5',NULL,'','','','',NULL,NULL,NULL,NULL,2),(1614874194766,1614874194678,'8','4',NULL,'','','','',NULL,NULL,NULL,NULL,2),(1614874194778,1614874194678,'9','4',NULL,'','','','',NULL,NULL,NULL,NULL,2),(1614874194790,1614874194678,'10','4',NULL,'','','','',NULL,NULL,NULL,NULL,2),(1614874194801,1614874194678,'11','5',NULL,'','','','',NULL,NULL,NULL,NULL,2),(1614874194814,1614874194678,'12','4',NULL,'','','','',NULL,NULL,NULL,NULL,2),(1614874194826,1614874194678,'13','4',NULL,'','','','',NULL,NULL,NULL,NULL,2),(1614874194837,1614874194678,'14','5',NULL,'','','','',NULL,NULL,NULL,NULL,2),(1614874194850,1614874194678,'15','5',NULL,'','','','',NULL,NULL,NULL,NULL,2),(1614874194862,1614874194678,'16','3',NULL,'','','','',NULL,NULL,NULL,NULL,2),(1614874194873,1614874194678,'17','4',NULL,'','','','',NULL,NULL,NULL,NULL,2),(1614874194884,1614874194678,'18','4',NULL,'','','','',NULL,NULL,NULL,NULL,2),(1614874194954,1614874194946,'1','5',NULL,'2','','','',NULL,NULL,NULL,NULL,2),(1614874194967,1614874194946,'2','3',NULL,'1','','','',NULL,NULL,NULL,NULL,2),(1614874194978,1614874194946,'3','3',NULL,'1','','','',NULL,NULL,NULL,NULL,2),(1614874194990,1614874194946,'4','4',NULL,'2','','','',NULL,NULL,NULL,NULL,2),(1614874195002,1614874194946,'5','3',NULL,'2','','','',NULL,NULL,NULL,NULL,2),(1614874195014,1614874194946,'6','4',NULL,'1','','','',NULL,NULL,NULL,NULL,2),(1614874195026,1614874194946,'7','4',NULL,'2','','','',NULL,NULL,NULL,NULL,2),(1614874195038,1614874194946,'8','4',NULL,'1','','','',NULL,NULL,NULL,NULL,2),(1614874195048,1614874194946,'9','3',NULL,'1','','','',NULL,NULL,NULL,NULL,2),(1614874195059,1614874194946,'10','3',NULL,'1','','','',NULL,NULL,NULL,NULL,2),(1614874195069,1614874194946,'11','3',NULL,'1','','','',NULL,NULL,NULL,NULL,2),(1614874195079,1614874194946,'12','3',NULL,'1','','','',NULL,NULL,NULL,NULL,2),(1614874195089,1614874194946,'13','4',NULL,'2','','','',NULL,NULL,NULL,NULL,2),(1614874195099,1614874194946,'14','4',NULL,'1','','','',NULL,NULL,NULL,NULL,2),(1614874195109,1614874194946,'15','4',NULL,'2','','','',NULL,NULL,NULL,NULL,2),(1614874195119,1614874194946,'16','2',NULL,'1','','','',NULL,NULL,NULL,NULL,2),(1614874195129,1614874194946,'17','4',NULL,'2','','','',NULL,NULL,NULL,NULL,2),(1614874195139,1614874194946,'18','5',NULL,'0','','','',NULL,NULL,NULL,NULL,2),(1614874195202,1614874195199,'1','3',NULL,'','','','',NULL,NULL,NULL,NULL,2),(1614874195211,1614874195199,'2','4',NULL,'','','','',NULL,NULL,NULL,NULL,2),(1614874195219,1614874195199,'3','4',NULL,'','','','',NULL,NULL,NULL,NULL,2),(1614874195227,1614874195199,'4','5',NULL,'','','','',NULL,NULL,NULL,NULL,2),(1614874195236,1614874195199,'5','2',NULL,'','','','',NULL,NULL,NULL,NULL,2),(1614874195245,1614874195199,'6','5',NULL,'','','','',NULL,NULL,NULL,NULL,2),(1614874195255,1614874195199,'7','4',NULL,'','','','',NULL,NULL,NULL,NULL,2),(1614874195265,1614874195199,'8','4',NULL,'','','','',NULL,NULL,NULL,NULL,2),(1614874195276,1614874195199,'9','4',NULL,'','','','',NULL,NULL,NULL,NULL,2),(1614874195286,1614874195199,'10','5',NULL,'','','','',NULL,NULL,NULL,NULL,2),(1614874195297,1614874195199,'11','6',NULL,'','','','',NULL,NULL,NULL,NULL,2),(1614874195307,1614874195199,'12','3',NULL,'','','','',NULL,NULL,NULL,NULL,2),(1614874195317,1614874195199,'13','4',NULL,'','','','',NULL,NULL,NULL,NULL,2),(1614874195327,1614874195199,'14','4',NULL,'','','','',NULL,NULL,NULL,NULL,2),(1614874195338,1614874195199,'15','5',NULL,'','','','',NULL,NULL,NULL,NULL,2),(1614874195348,1614874195199,'16','4',NULL,'','','','',NULL,NULL,NULL,NULL,2),(1614874195359,1614874195199,'17','4',NULL,'','','','',NULL,NULL,NULL,NULL,2),(1614874195369,1614874195199,'18','6',NULL,'','','','',NULL,NULL,NULL,NULL,2),(1614874195435,1614874195429,'1','4',NULL,'2','','','',NULL,NULL,NULL,NULL,2),(1614874195447,1614874195429,'2','3',NULL,'1','','','',NULL,NULL,NULL,NULL,2),(1614874195458,1614874195429,'3','4',NULL,'1','','','',NULL,NULL,NULL,NULL,2),(1614874195468,1614874195429,'4','4',NULL,'2','','','',NULL,NULL,NULL,NULL,2),(1614874195479,1614874195429,'5','3',NULL,'2','','','',NULL,NULL,NULL,NULL,2),(1614874195489,1614874195429,'6','5',NULL,'2','','','',NULL,NULL,NULL,NULL,2),(1614874195500,1614874195429,'7','5',NULL,'2','','','',NULL,NULL,NULL,NULL,2),(1614874195511,1614874195429,'8','4',NULL,'2','','','',NULL,NULL,NULL,NULL,2),(1614874195521,1614874195429,'9','4',NULL,'1','','','',NULL,NULL,NULL,NULL,2),(1614874195533,1614874195429,'10','4',NULL,'2','','','',NULL,NULL,NULL,NULL,2),(1614874195543,1614874195429,'11','5',NULL,'2','','','',NULL,NULL,NULL,NULL,2),(1614874195554,1614874195429,'12','3',NULL,'1','','','',NULL,NULL,NULL,NULL,2),(1614874195564,1614874195429,'13','5',NULL,'2','','','',NULL,NULL,NULL,NULL,2),(1614874195574,1614874195429,'14','3',NULL,'1','','','',NULL,NULL,NULL,NULL,2),(1614874195584,1614874195429,'15','4',NULL,'2','','','',NULL,NULL,NULL,NULL,2),(1614874195594,1614874195429,'16','4',NULL,'2','','','',NULL,NULL,NULL,NULL,2),(1614874195605,1614874195429,'17','4',NULL,'2','','','',NULL,NULL,NULL,NULL,2),(1614874195616,1614874195429,'18','5',NULL,'2','','','',NULL,NULL,NULL,NULL,2),(1614874195685,1614874195678,'1','4',NULL,'','','','',NULL,NULL,NULL,NULL,2),(1614874195697,1614874195678,'2','3',NULL,'','','','',NULL,NULL,NULL,NULL,2),(1614874195708,1614874195678,'3','4',NULL,'','','','',NULL,NULL,NULL,NULL,2),(1614874195719,1614874195678,'4','4',NULL,'','','','',NULL,NULL,NULL,NULL,2),(1614874195730,1614874195678,'5','3',NULL,'','','','',NULL,NULL,NULL,NULL,2),(1614874195741,1614874195678,'6','4',NULL,'','','','',NULL,NULL,NULL,NULL,2),(1614874195753,1614874195678,'7','4',NULL,'','','','',NULL,NULL,NULL,NULL,2),(1614874195765,1614874195678,'8','4',NULL,'','','','',NULL,NULL,NULL,NULL,2),(1614874195777,1614874195678,'9','3',NULL,'','','','',NULL,NULL,NULL,NULL,2),(1614874195788,1614874195678,'10','4',NULL,'','','','',NULL,NULL,NULL,NULL,2),(1614874195800,1614874195678,'11','4',NULL,'','','','',NULL,NULL,NULL,NULL,2),(1614874195812,1614874195678,'12','4',NULL,'','','','',NULL,NULL,NULL,NULL,2),(1614874195823,1614874195678,'13','5',NULL,'','','','',NULL,NULL,NULL,NULL,2),(1614874195835,1614874195678,'14','4',NULL,'','','','',NULL,NULL,NULL,NULL,2),(1614874195847,1614874195678,'15','4',NULL,'','','','',NULL,NULL,NULL,NULL,2),(1614874195858,1614874195678,'16','3',NULL,'','','','',NULL,NULL,NULL,NULL,2),(1614874195868,1614874195678,'17','4',NULL,'','','','',NULL,NULL,NULL,NULL,2),(1614874195878,1614874195678,'18','5',NULL,'','','','',NULL,NULL,NULL,NULL,2),(1614874195948,1614874195940,'1','4',NULL,'2','','','',NULL,NULL,NULL,NULL,2),(1614874195960,1614874195940,'2','3',NULL,'1','','','',NULL,NULL,NULL,NULL,2),(1614874195972,1614874195940,'3','4',NULL,'1','','','',NULL,NULL,NULL,NULL,2),(1614874195983,1614874195940,'4','3',NULL,'1','','','',NULL,NULL,NULL,NULL,2),(1614874195994,1614874195940,'5','2',NULL,'1','','','',NULL,NULL,NULL,NULL,2),(1614874196006,1614874195940,'6','5',NULL,'2','','','',NULL,NULL,NULL,NULL,2),(1614874196017,1614874195940,'7','5',NULL,'2','','','',NULL,NULL,NULL,NULL,2),(1614874196029,1614874195940,'8','4',NULL,'1','','','',NULL,NULL,NULL,NULL,2),(1614874196040,1614874195940,'9','4',NULL,'2','','','',NULL,NULL,NULL,NULL,2),(1614874196051,1614874195940,'10','4',NULL,'2','','','',NULL,NULL,NULL,NULL,2),(1614874196062,1614874195940,'11','5',NULL,'2','','','',NULL,NULL,NULL,NULL,2),(1614874196074,1614874195940,'12','4',NULL,'2','','','',NULL,NULL,NULL,NULL,2),(1614874196085,1614874195940,'13','5',NULL,'2','','','',NULL,NULL,NULL,NULL,2),(1614874196096,1614874195940,'14','4',NULL,'2','','','',NULL,NULL,NULL,NULL,2),(1614874196107,1614874195940,'15','5',NULL,'2','','','',NULL,NULL,NULL,NULL,2),(1614874196119,1614874195940,'16','3',NULL,'2','','','',NULL,NULL,NULL,NULL,2),(1614874196131,1614874195940,'17','5',NULL,'2','','','',NULL,NULL,NULL,NULL,2),(1614874196142,1614874195940,'18','5',NULL,'2','','','',NULL,NULL,NULL,NULL,2),(1614874196213,1614874196204,'1','6',NULL,'','','','',NULL,NULL,NULL,NULL,2),(1614874196226,1614874196204,'2','2',NULL,'','','','',NULL,NULL,NULL,NULL,2),(1614874196238,1614874196204,'3','4',NULL,'','','','',NULL,NULL,NULL,NULL,2),(1614874196249,1614874196204,'4','4',NULL,'','','','',NULL,NULL,NULL,NULL,2),(1614874196259,1614874196204,'5','3',NULL,'','','','',NULL,NULL,NULL,NULL,2),(1614874196269,1614874196204,'6','4',NULL,'','','','',NULL,NULL,NULL,NULL,2),(1614874196279,1614874196204,'7','3',NULL,'','','','',NULL,NULL,NULL,NULL,2),(1614874196290,1614874196204,'8','4',NULL,'','','','',NULL,NULL,NULL,NULL,2),(1614874196300,1614874196204,'9','5',NULL,'','','','',NULL,NULL,NULL,NULL,2),(1614874196308,1614874196204,'10','5',NULL,'','','','',NULL,NULL,NULL,NULL,2),(1614874196316,1614874196204,'11','4',NULL,'','','','',NULL,NULL,NULL,NULL,2),(1614874196323,1614874196204,'12','3',NULL,'','','','',NULL,NULL,NULL,NULL,2),(1614874196331,1614874196204,'13','4',NULL,'','','','',NULL,NULL,NULL,NULL,2),(1614874196339,1614874196204,'14','4',NULL,'','','','',NULL,NULL,NULL,NULL,2),(1614874196346,1614874196204,'15','4',NULL,'','','','',NULL,NULL,NULL,NULL,2),(1614874196354,1614874196204,'16','4',NULL,'','','','',NULL,NULL,NULL,NULL,2),(1614874196361,1614874196204,'17','4',NULL,'','','','',NULL,NULL,NULL,NULL,2),(1614874196369,1614874196204,'18','5',NULL,'','','','',NULL,NULL,NULL,NULL,2),(1614874196429,1614874196426,'1','4',NULL,'1','','','',NULL,NULL,NULL,NULL,2),(1614874196437,1614874196426,'2','3',NULL,'2','','','',NULL,NULL,NULL,NULL,2),(1614874196445,1614874196426,'3','4',NULL,'1','','','',NULL,NULL,NULL,NULL,2),(1614874196452,1614874196426,'4','4',NULL,'2','','','',NULL,NULL,NULL,NULL,2),(1614874196459,1614874196426,'5','3',NULL,'1','','','',NULL,NULL,NULL,NULL,2),(1614874196466,1614874196426,'6','4',NULL,'2','','','',NULL,NULL,NULL,NULL,2),(1614874196473,1614874196426,'7','4',NULL,'2','','','',NULL,NULL,NULL,NULL,2),(1614874196480,1614874196426,'8','6',NULL,'3','','','',NULL,NULL,NULL,NULL,2),(1614874196488,1614874196426,'9','3',NULL,'1','','','',NULL,NULL,NULL,NULL,2),(1614874196495,1614874196426,'10','5',NULL,'2','','','',NULL,NULL,NULL,NULL,2),(1614874196503,1614874196426,'11','4',NULL,'2','','','',NULL,NULL,NULL,NULL,2),(1614874196511,1614874196426,'12','3',NULL,'1','','','',NULL,NULL,NULL,NULL,2),(1614874196518,1614874196426,'13','4',NULL,'2','','','',NULL,NULL,NULL,NULL,2),(1614874196526,1614874196426,'14','4',NULL,'2','','','',NULL,NULL,NULL,NULL,2),(1614874196534,1614874196426,'15','4',NULL,'1','','','',NULL,NULL,NULL,NULL,2),(1614874196542,1614874196426,'16','3',NULL,'1','','','',NULL,NULL,NULL,NULL,2),(1614874196550,1614874196426,'17','5',NULL,'2','','','',NULL,NULL,NULL,NULL,2),(1614874196558,1614874196426,'18','4',NULL,'1','','','',NULL,NULL,NULL,NULL,2),(1614874196623,1614874196617,'1','3',NULL,'1','','','',NULL,NULL,NULL,NULL,2),(1614874196634,1614874196617,'2','4',NULL,'3','','','',NULL,NULL,NULL,NULL,2),(1614874196644,1614874196617,'3','5',NULL,'2','','','',NULL,NULL,NULL,NULL,2),(1614874196655,1614874196617,'4','4',NULL,'2','','','',NULL,NULL,NULL,NULL,2),(1614874196665,1614874196617,'5','3',NULL,'1','','','',NULL,NULL,NULL,NULL,2),(1614874196676,1614874196617,'6','4',NULL,'2','','','',NULL,NULL,NULL,NULL,2),(1614874196687,1614874196617,'7','3',NULL,'1','','','',NULL,NULL,NULL,NULL,2),(1614874196697,1614874196617,'8','4',NULL,'2','','','',NULL,NULL,NULL,NULL,2),(1614874196707,1614874196617,'9','4',NULL,'2','','','',NULL,NULL,NULL,NULL,2),(1614874196717,1614874196617,'10','3',NULL,'1','','','',NULL,NULL,NULL,NULL,2),(1614874196728,1614874196617,'11','4',NULL,'1','','','',NULL,NULL,NULL,NULL,2),(1614874196739,1614874196617,'12','3',NULL,'1','','','',NULL,NULL,NULL,NULL,2),(1614874196749,1614874196617,'13','5',NULL,'2','','','',NULL,NULL,NULL,NULL,2),(1614874196759,1614874196617,'14','4',NULL,'2','','','',NULL,NULL,NULL,NULL,2),(1614874196770,1614874196617,'15','4',NULL,'2','','','',NULL,NULL,NULL,NULL,2),(1614874196782,1614874196617,'16','4',NULL,'1','','','',NULL,NULL,NULL,NULL,2),(1614874196793,1614874196617,'17','3',NULL,'1','','','',NULL,NULL,NULL,NULL,2),(1614874196804,1614874196617,'18','5',NULL,'2','','','',NULL,NULL,NULL,NULL,2),(1614874196875,1614874196867,'1','4',NULL,'2','','','',NULL,NULL,NULL,NULL,2),(1614874196886,1614874196867,'2','3',NULL,'2','','','',NULL,NULL,NULL,NULL,2),(1614874196896,1614874196867,'3','4',NULL,'1','','','',NULL,NULL,NULL,NULL,2),(1614874196905,1614874196867,'4','4',NULL,'2','','','',NULL,NULL,NULL,NULL,2),(1614874196914,1614874196867,'5','3',NULL,'2','','','',NULL,NULL,NULL,NULL,2),(1614874196925,1614874196867,'6','5',NULL,'2','','','',NULL,NULL,NULL,NULL,2),(1614874196935,1614874196867,'7','3',NULL,'0','','','',NULL,NULL,NULL,NULL,2),(1614874196945,1614874196867,'8','4',NULL,'1','','','',NULL,NULL,NULL,NULL,2),(1614874196956,1614874196867,'9','3',NULL,'1','','','',NULL,NULL,NULL,NULL,2),(1614874196966,1614874196867,'10','4',NULL,'1','','','',NULL,NULL,NULL,NULL,2),(1614874196977,1614874196867,'11','6',NULL,'2','','','',NULL,NULL,NULL,NULL,2),(1614874196988,1614874196867,'12','2',NULL,'1','','','',NULL,NULL,NULL,NULL,2),(1614874196999,1614874196867,'13','5',NULL,'2','','','',NULL,NULL,NULL,NULL,2),(1614874197009,1614874196867,'14','4',NULL,'2','','','',NULL,NULL,NULL,NULL,2),(1614874197019,1614874196867,'15','4',NULL,'2','','','',NULL,NULL,NULL,NULL,2),(1614874197030,1614874196867,'16','3',NULL,'2','','','',NULL,NULL,NULL,NULL,2),(1614874197041,1614874196867,'17','4',NULL,'2','','','',NULL,NULL,NULL,NULL,2),(1614874197052,1614874196867,'18','5',NULL,'2','','','',NULL,NULL,NULL,NULL,2),(1614874197121,1614874197114,'1','4',NULL,'2','','','',NULL,NULL,NULL,NULL,2),(1614874197132,1614874197114,'2','4',NULL,'2','','','',NULL,NULL,NULL,NULL,2),(1614874197142,1614874197114,'3','4',NULL,'1','','','',NULL,NULL,NULL,NULL,2),(1614874197152,1614874197114,'4','5',NULL,'2','','','',NULL,NULL,NULL,NULL,2),(1614874197162,1614874197114,'5','5',NULL,'2','','','',NULL,NULL,NULL,NULL,2),(1614874197172,1614874197114,'6','4',NULL,'1','','','',NULL,NULL,NULL,NULL,2),(1614874197183,1614874197114,'7','4',NULL,'2','','','',NULL,NULL,NULL,NULL,2),(1614874197195,1614874197114,'8','4',NULL,'2','','','',NULL,NULL,NULL,NULL,2),(1614874197206,1614874197114,'9','4',NULL,'2','','','',NULL,NULL,NULL,NULL,2),(1614874197216,1614874197114,'10','4',NULL,'1','','','',NULL,NULL,NULL,NULL,2),(1614874197226,1614874197114,'11','5',NULL,'3','','','',NULL,NULL,NULL,NULL,2),(1614874197236,1614874197114,'12','3',NULL,'1','','','',NULL,NULL,NULL,NULL,2),(1614874197246,1614874197114,'13','4',NULL,'2','','','',NULL,NULL,NULL,NULL,2),(1614874197257,1614874197114,'14','4',NULL,'2','','','',NULL,NULL,NULL,NULL,2),(1614874197267,1614874197114,'15','4',NULL,'2','','','',NULL,NULL,NULL,NULL,2),(1614874197278,1614874197114,'16','4',NULL,'2','','','',NULL,NULL,NULL,NULL,2),(1614874197289,1614874197114,'17','3',NULL,'1','','','',NULL,NULL,NULL,NULL,2),(1614874197298,1614874197114,'18','4',NULL,'2','','','',NULL,NULL,NULL,NULL,2),(1614874197365,1614874197358,'1','4',NULL,'2','','','',NULL,NULL,NULL,NULL,2),(1614874197375,1614874197358,'2','3',NULL,'2','','','',NULL,NULL,NULL,NULL,2),(1614874197385,1614874197358,'3','4',NULL,'2','','','',NULL,NULL,NULL,NULL,2),(1614874197395,1614874197358,'4','5',NULL,'2','','','',NULL,NULL,NULL,NULL,2),(1614874197405,1614874197358,'5','3',NULL,'2','','','',NULL,NULL,NULL,NULL,2),(1614874197415,1614874197358,'6','4',NULL,'1','','','',NULL,NULL,NULL,NULL,2),(1614874197426,1614874197358,'7','4',NULL,'2','','','',NULL,NULL,NULL,NULL,2),(1614874197436,1614874197358,'8','5',NULL,'1','','','',NULL,NULL,NULL,NULL,2),(1614874197447,1614874197358,'9','4',NULL,'2','','','',NULL,NULL,NULL,NULL,2),(1614874197457,1614874197358,'10','5',NULL,'2','','','',NULL,NULL,NULL,NULL,2),(1614874197467,1614874197358,'11','3',NULL,'1','','','',NULL,NULL,NULL,NULL,2),(1614874197478,1614874197358,'12','3',NULL,'2','','','',NULL,NULL,NULL,NULL,2),(1614874197489,1614874197358,'13','4',NULL,'2','','','',NULL,NULL,NULL,NULL,2),(1614874197499,1614874197358,'14','4',NULL,'2','','','',NULL,NULL,NULL,NULL,2),(1614874197509,1614874197358,'15','5',NULL,'2','','','',NULL,NULL,NULL,NULL,2),(1614874197520,1614874197358,'16','3',NULL,'2','','','',NULL,NULL,NULL,NULL,2),(1614874197531,1614874197358,'17','4',NULL,'1','','','',NULL,NULL,NULL,NULL,2),(1614874197542,1614874197358,'18','4',NULL,'1','','','',NULL,NULL,NULL,NULL,2),(1614874197610,1614874197603,'1','4',NULL,'2','','','',NULL,NULL,NULL,NULL,2),(1614874197621,1614874197603,'2','4',NULL,'2','','','',NULL,NULL,NULL,NULL,2),(1614874197632,1614874197603,'3','4',NULL,'2','','','',NULL,NULL,NULL,NULL,2),(1614874197642,1614874197603,'4','3',NULL,'1','','','',NULL,NULL,NULL,NULL,2),(1614874197653,1614874197603,'5','3',NULL,'2','','','',NULL,NULL,NULL,NULL,2),(1614874197663,1614874197603,'6','4',NULL,'1','','','',NULL,NULL,NULL,NULL,2),(1614874197673,1614874197603,'7','4',NULL,'1','','','',NULL,NULL,NULL,NULL,2),(1614874197682,1614874197603,'8','4',NULL,'2','','','',NULL,NULL,NULL,NULL,2),(1614874197692,1614874197603,'9','4',NULL,'2','','','',NULL,NULL,NULL,NULL,2),(1614874197703,1614874197603,'10','4',NULL,'2','','','',NULL,NULL,NULL,NULL,2),(1614874197714,1614874197603,'11','5',NULL,'2','','','',NULL,NULL,NULL,NULL,2),(1614874197725,1614874197603,'12','2',NULL,'1','','','',NULL,NULL,NULL,NULL,2),(1614874197735,1614874197603,'13','4',NULL,'2','','','',NULL,NULL,NULL,NULL,2),(1614874197745,1614874197603,'14','5',NULL,'2','','','',NULL,NULL,NULL,NULL,2),(1614874197755,1614874197603,'15','4',NULL,'2','','','',NULL,NULL,NULL,NULL,2),(1614874197765,1614874197603,'16','3',NULL,'2','','','',NULL,NULL,NULL,NULL,2),(1614874197775,1614874197603,'17','3',NULL,'1','','','',NULL,NULL,NULL,NULL,2),(1614874197785,1614874197603,'18','4',NULL,'2','','','',NULL,NULL,NULL,NULL,2),(1614874197852,1614874197846,'1','4',NULL,'2','','','',NULL,NULL,NULL,NULL,2),(1614874197863,1614874197846,'2','2',NULL,'1','','','',NULL,NULL,NULL,NULL,2),(1614874197874,1614874197846,'3','4',NULL,'2','','','',NULL,NULL,NULL,NULL,2),(1614874197886,1614874197846,'4','4',NULL,'2','','','',NULL,NULL,NULL,NULL,2),(1614874197898,1614874197846,'5','3',NULL,'1','','','',NULL,NULL,NULL,NULL,2),(1614874197909,1614874197846,'6','4',NULL,'2','','','',NULL,NULL,NULL,NULL,2),(1614874197921,1614874197846,'7','4',NULL,'2','','','',NULL,NULL,NULL,NULL,2),(1614874197932,1614874197846,'8','4',NULL,'1','','','',NULL,NULL,NULL,NULL,2),(1614874197944,1614874197846,'9','4',NULL,'2','','','',NULL,NULL,NULL,NULL,2),(1614874197955,1614874197846,'10','4',NULL,'2','','','',NULL,NULL,NULL,NULL,2),(1614874197966,1614874197846,'11','4',NULL,'1','','','',NULL,NULL,NULL,NULL,2),(1614874197977,1614874197846,'12','3',NULL,'2','','','',NULL,NULL,NULL,NULL,2),(1614874197988,1614874197846,'13','4',NULL,'2','','','',NULL,NULL,NULL,NULL,2),(1614874197999,1614874197846,'14','4',NULL,'2','','','',NULL,NULL,NULL,NULL,2),(1614874198010,1614874197846,'15','5',NULL,'2','','','',NULL,NULL,NULL,NULL,2),(1614874198021,1614874197846,'16','2',NULL,'1','','','',NULL,NULL,NULL,NULL,2),(1614874198033,1614874197846,'17','4',NULL,'2','','','',NULL,NULL,NULL,NULL,2),(1614874198045,1614874197846,'18','4',NULL,'2','','','',NULL,NULL,NULL,NULL,2),(1614874198115,1614874198107,'1','5',NULL,'1','','','',NULL,NULL,NULL,NULL,2),(1614874198127,1614874198107,'2','3',NULL,'2','','','',NULL,NULL,NULL,NULL,2),(1614874198138,1614874198107,'3','3',NULL,'1','','','',NULL,NULL,NULL,NULL,2),(1614874198148,1614874198107,'4','4',NULL,'2','','','',NULL,NULL,NULL,NULL,2),(1614874198159,1614874198107,'5','3',NULL,'1','','','',NULL,NULL,NULL,NULL,2),(1614874198169,1614874198107,'6','4',NULL,'1','','','',NULL,NULL,NULL,NULL,2),(1614874198179,1614874198107,'7','4',NULL,'2','','','',NULL,NULL,NULL,NULL,2),(1614874198190,1614874198107,'8','4',NULL,'1','','','',NULL,NULL,NULL,NULL,2),(1614874198201,1614874198107,'9','5',NULL,'3','','','',NULL,NULL,NULL,NULL,2),(1614874198212,1614874198107,'10','4',NULL,'1','','','',NULL,NULL,NULL,NULL,2),(1614874198224,1614874198107,'11','5',NULL,'2','','','',NULL,NULL,NULL,NULL,2),(1614874198234,1614874198107,'12','4',NULL,'2','','','',NULL,NULL,NULL,NULL,2),(1614874198245,1614874198107,'13','5',NULL,'3','','','',NULL,NULL,NULL,NULL,2),(1614874198257,1614874198107,'14','4',NULL,'2','','','',NULL,NULL,NULL,NULL,2),(1614874198268,1614874198107,'15','4',NULL,'1','','','',NULL,NULL,NULL,NULL,2),(1614874198279,1614874198107,'16','3',NULL,'2','','','',NULL,NULL,NULL,NULL,2),(1614874198290,1614874198107,'17','3',NULL,'1','','','',NULL,NULL,NULL,NULL,2),(1614874198302,1614874198107,'18','4',NULL,'1','','','',NULL,NULL,NULL,NULL,2),(1614874198369,1614874198363,'1','4',NULL,'2','','','',NULL,NULL,NULL,NULL,2),(1614874198381,1614874198363,'2','3',NULL,'1','','','',NULL,NULL,NULL,NULL,2),(1614874198390,1614874198363,'3','4',NULL,'2','','','',NULL,NULL,NULL,NULL,2),(1614874198399,1614874198363,'4','5',NULL,'2','','','',NULL,NULL,NULL,NULL,2),(1614874198407,1614874198363,'5','3',NULL,'2','','','',NULL,NULL,NULL,NULL,2),(1614874198417,1614874198363,'6','4',NULL,'1','','','',NULL,NULL,NULL,NULL,2),(1614874198427,1614874198363,'7','5',NULL,'1','','','',NULL,NULL,NULL,NULL,2),(1614874198437,1614874198363,'8','4',NULL,'1','','','',NULL,NULL,NULL,NULL,2),(1614874198447,1614874198363,'9','3',NULL,'1','','','',NULL,NULL,NULL,NULL,2),(1614874198458,1614874198363,'10','4',NULL,'1','','','',NULL,NULL,NULL,NULL,2),(1614874198469,1614874198363,'11','4',NULL,'2','','','',NULL,NULL,NULL,NULL,2),(1614874198480,1614874198363,'12','2',NULL,'1','','','',NULL,NULL,NULL,NULL,2),(1614874198491,1614874198363,'13','4',NULL,'2','','','',NULL,NULL,NULL,NULL,2),(1614874198502,1614874198363,'14','3',NULL,'1','','','',NULL,NULL,NULL,NULL,2),(1614874198514,1614874198363,'15','4',NULL,'2','','','',NULL,NULL,NULL,NULL,2),(1614874198525,1614874198363,'16','4',NULL,'1','','','',NULL,NULL,NULL,NULL,2),(1614874198536,1614874198363,'17','3',NULL,'1','','','',NULL,NULL,NULL,NULL,2),(1614874198547,1614874198363,'18','4',NULL,'1','','','',NULL,NULL,NULL,NULL,2),(1614874198616,1614874198609,'1','4',NULL,'1','','','',NULL,NULL,NULL,NULL,2),(1614874198629,1614874198609,'2','3',NULL,'1','','','',NULL,NULL,NULL,NULL,2),(1614874198639,1614874198609,'3','4',NULL,'1','','','',NULL,NULL,NULL,NULL,2),(1614874198650,1614874198609,'4','4',NULL,'2','','','',NULL,NULL,NULL,NULL,2),(1614874198661,1614874198609,'5','2',NULL,'1','','','',NULL,NULL,NULL,NULL,2),(1614874198672,1614874198609,'6','6',NULL,'1','','','',NULL,NULL,NULL,NULL,2),(1614874198682,1614874198609,'7','4',NULL,'2','','','',NULL,NULL,NULL,NULL,2),(1614874198693,1614874198609,'8','5',NULL,'1','','','',NULL,NULL,NULL,NULL,2),(1614874198704,1614874198609,'9','4',NULL,'2','','','',NULL,NULL,NULL,NULL,2),(1614874198715,1614874198609,'10','5',NULL,'2','','','',NULL,NULL,NULL,NULL,2),(1614874198726,1614874198609,'11','4',NULL,'1','','','',NULL,NULL,NULL,NULL,2),(1614874198737,1614874198609,'12','3',NULL,'2','','','',NULL,NULL,NULL,NULL,2),(1614874198747,1614874198609,'13','4',NULL,'1','','','',NULL,NULL,NULL,NULL,2),(1614874198757,1614874198609,'14','3',NULL,'1','','','',NULL,NULL,NULL,NULL,2),(1614874198768,1614874198609,'15','4',NULL,'2','','','',NULL,NULL,NULL,NULL,2),(1614874198779,1614874198609,'16','3',NULL,'2','','','',NULL,NULL,NULL,NULL,2),(1614874198790,1614874198609,'17','4',NULL,'2','','','',NULL,NULL,NULL,NULL,2),(1614874198801,1614874198609,'18','5',NULL,'2','','','',NULL,NULL,NULL,NULL,2),(1614874198870,1614874198863,'1','4',NULL,'','','','',NULL,NULL,NULL,NULL,2),(1614874198883,1614874198863,'2','3',NULL,'','','','',NULL,NULL,NULL,NULL,2),(1614874198894,1614874198863,'3','4',NULL,'','','','',NULL,NULL,NULL,NULL,2),(1614874198905,1614874198863,'4','4',NULL,'','','','',NULL,NULL,NULL,NULL,2),(1614874198916,1614874198863,'5','2',NULL,'','','','',NULL,NULL,NULL,NULL,2),(1614874198927,1614874198863,'6','5',NULL,'','','','',NULL,NULL,NULL,NULL,2),(1614874198938,1614874198863,'7','4',NULL,'','','','',NULL,NULL,NULL,NULL,2),(1614874198949,1614874198863,'8','4',NULL,'','','','',NULL,NULL,NULL,NULL,2),(1614874198960,1614874198863,'9','4',NULL,'','','','',NULL,NULL,NULL,NULL,2),(1614874198974,1614874198863,'10','4',NULL,'','','','',NULL,NULL,NULL,NULL,2),(1614874198985,1614874198863,'11','4',NULL,'','','','',NULL,NULL,NULL,NULL,2),(1614874198997,1614874198863,'12','2',NULL,'','','','',NULL,NULL,NULL,NULL,2),(1614874199008,1614874198863,'13','5',NULL,'','','','',NULL,NULL,NULL,NULL,2),(1614874199024,1614874198863,'14','4',NULL,'','','','',NULL,NULL,NULL,NULL,2),(1614874199036,1614874198863,'15','4',NULL,'','','','',NULL,NULL,NULL,NULL,2),(1614874199047,1614874198863,'16','3',NULL,'','','','',NULL,NULL,NULL,NULL,2),(1614874199059,1614874198863,'17','4',NULL,'','','','',NULL,NULL,NULL,NULL,2),(1614874199071,1614874198863,'18','5',NULL,'','','','',NULL,NULL,NULL,NULL,2),(1614874199142,1614874199134,'1','4',NULL,'1','','','',NULL,NULL,NULL,NULL,2),(1614874199155,1614874199134,'2','3',NULL,'1','','','',NULL,NULL,NULL,NULL,2),(1614874199166,1614874199134,'3','4',NULL,'1','','','',NULL,NULL,NULL,NULL,2),(1614874199177,1614874199134,'4','5',NULL,'2','','','',NULL,NULL,NULL,NULL,2),(1614874199195,1614874199134,'5','2',NULL,'1','','','',NULL,NULL,NULL,NULL,2),(1614874199207,1614874199134,'6','5',NULL,'2','','','',NULL,NULL,NULL,NULL,2),(1614874199217,1614874199134,'7','3',NULL,'1','','','',NULL,NULL,NULL,NULL,2),(1614874199226,1614874199134,'8','4',NULL,'2','','','',NULL,NULL,NULL,NULL,2),(1614874199235,1614874199134,'9','4',NULL,'1','','','',NULL,NULL,NULL,NULL,2),(1614874199244,1614874199134,'10','4',NULL,'1','','','',NULL,NULL,NULL,NULL,2),(1614874199253,1614874199134,'11','4',NULL,'1','','','',NULL,NULL,NULL,NULL,2),(1614874199263,1614874199134,'12','2',NULL,'1','','','',NULL,NULL,NULL,NULL,2),(1614874199273,1614874199134,'13','4',NULL,'2','','','',NULL,NULL,NULL,NULL,2),(1614874199284,1614874199134,'14','4',NULL,'2','','','',NULL,NULL,NULL,NULL,2),(1614874199293,1614874199134,'15','4',NULL,'1','','','',NULL,NULL,NULL,NULL,2),(1614874199303,1614874199134,'16','4',NULL,'2','','','',NULL,NULL,NULL,NULL,2),(1614874199312,1614874199134,'17','3',NULL,'1','','','',NULL,NULL,NULL,NULL,2),(1614874199321,1614874199134,'18','4',NULL,'2','','','',NULL,NULL,NULL,NULL,2),(1614874199385,1614874199383,'1','5',NULL,'1','','','',NULL,NULL,NULL,NULL,2),(1614874199393,1614874199383,'2','3',NULL,'1','','','',NULL,NULL,NULL,NULL,2),(1614874199400,1614874199383,'3','4',NULL,'1','','','',NULL,NULL,NULL,NULL,2),(1614874199407,1614874199383,'4','5',NULL,'2','','','',NULL,NULL,NULL,NULL,2),(1614874199414,1614874199383,'5','2',NULL,'1','','','',NULL,NULL,NULL,NULL,2),(1614874199422,1614874199383,'6','4',NULL,'1','','','',NULL,NULL,NULL,NULL,2),(1614874199430,1614874199383,'7','4',NULL,'1','','','',NULL,NULL,NULL,NULL,2),(1614874199438,1614874199383,'8','5',NULL,'2','','','',NULL,NULL,NULL,NULL,2),(1614874199445,1614874199383,'9','4',NULL,'2','','','',NULL,NULL,NULL,NULL,2),(1614874199452,1614874199383,'10','3',NULL,'1','','','',NULL,NULL,NULL,NULL,2),(1614874199459,1614874199383,'11','4',NULL,'2','','','',NULL,NULL,NULL,NULL,2),(1614874199466,1614874199383,'12','3',NULL,'1','','','',NULL,NULL,NULL,NULL,2),(1614874199473,1614874199383,'13','4',NULL,'2','','','',NULL,NULL,NULL,NULL,2),(1614874199480,1614874199383,'14','4',NULL,'1','','','',NULL,NULL,NULL,NULL,2),(1614874199487,1614874199383,'15','4',NULL,'1','','','',NULL,NULL,NULL,NULL,2),(1614874199495,1614874199383,'16','4',NULL,'2','','','',NULL,NULL,NULL,NULL,2),(1614874199502,1614874199383,'17','4',NULL,'2','','','',NULL,NULL,NULL,NULL,2),(1614874199510,1614874199383,'18','4',NULL,'1','','','',NULL,NULL,NULL,NULL,2),(1614874199575,1614874199570,'1','4',NULL,'2','','','',NULL,NULL,NULL,NULL,2),(1614874199585,1614874199570,'2','3',NULL,'2','','','',NULL,NULL,NULL,NULL,2),(1614874199593,1614874199570,'3','4',NULL,'2','','','',NULL,NULL,NULL,NULL,2),(1614874199602,1614874199570,'4','4',NULL,'2','','','',NULL,NULL,NULL,NULL,2),(1614874199612,1614874199570,'5','4',NULL,'3','','','',NULL,NULL,NULL,NULL,2),(1614874199621,1614874199570,'6','5',NULL,'2','','','',NULL,NULL,NULL,NULL,2),(1614874199629,1614874199570,'7','3',NULL,'1','','','',NULL,NULL,NULL,NULL,2),(1614874199637,1614874199570,'8','4',NULL,'1','','','',NULL,NULL,NULL,NULL,2),(1614874199646,1614874199570,'9','4',NULL,'1','','','',NULL,NULL,NULL,NULL,2),(1614874199655,1614874199570,'10','4',NULL,'2','','','',NULL,NULL,NULL,NULL,2),(1614874199662,1614874199570,'11','3',NULL,'1','','','',NULL,NULL,NULL,NULL,2),(1614874199669,1614874199570,'12','3',NULL,'1','','','',NULL,NULL,NULL,NULL,2),(1614874199676,1614874199570,'13','4',NULL,'2','','','',NULL,NULL,NULL,NULL,2),(1614874199684,1614874199570,'14','4',NULL,'2','','','',NULL,NULL,NULL,NULL,2),(1614874199692,1614874199570,'15','4',NULL,'2','','','',NULL,NULL,NULL,NULL,2),(1614874199701,1614874199570,'16','4',NULL,'2','','','',NULL,NULL,NULL,NULL,2),(1614874199710,1614874199570,'17','3',NULL,'1','','','',NULL,NULL,NULL,NULL,2),(1614874199719,1614874199570,'18','4',NULL,'1','','','',NULL,NULL,NULL,NULL,2),(1614874199783,1614874199779,'1','5',NULL,'2','','','',NULL,NULL,NULL,NULL,2),(1614874199793,1614874199779,'2','3',NULL,'1','','','',NULL,NULL,NULL,NULL,2),(1614874199803,1614874199779,'3','5',NULL,'1','','','',NULL,NULL,NULL,NULL,2),(1614874199813,1614874199779,'4','5',NULL,'2','','','',NULL,NULL,NULL,NULL,2),(1614874199822,1614874199779,'5','3',NULL,'2','','','',NULL,NULL,NULL,NULL,2),(1614874199831,1614874199779,'6','5',NULL,'1','','','',NULL,NULL,NULL,NULL,2),(1614874199840,1614874199779,'7','4',NULL,'1','','','',NULL,NULL,NULL,NULL,2),(1614874199849,1614874199779,'8','4',NULL,'1','','','',NULL,NULL,NULL,NULL,2),(1614874199858,1614874199779,'9','5',NULL,'2','','','',NULL,NULL,NULL,NULL,2),(1614874199867,1614874199779,'10','3',NULL,'0','','','',NULL,NULL,NULL,NULL,2),(1614874199875,1614874199779,'11','4',NULL,'2','','','',NULL,NULL,NULL,NULL,2),(1614874199883,1614874199779,'12','2',NULL,'1','','','',NULL,NULL,NULL,NULL,2),(1614874199892,1614874199779,'13','5',NULL,'3','','','',NULL,NULL,NULL,NULL,2),(1614874199901,1614874199779,'14','4',NULL,'2','','','',NULL,NULL,NULL,NULL,2),(1614874199910,1614874199779,'15','5',NULL,'2','','','',NULL,NULL,NULL,NULL,2),(1614874199919,1614874199779,'16','3',NULL,'2','','','',NULL,NULL,NULL,NULL,2),(1614874199928,1614874199779,'17','4',NULL,'2','','','',NULL,NULL,NULL,NULL,2),(1614874199937,1614874199779,'18','5',NULL,'2','','','',NULL,NULL,NULL,NULL,2),(1614874200002,1614874199997,'1','4',NULL,'2','','','',NULL,NULL,NULL,NULL,2),(1614874200012,1614874199997,'2','3',NULL,'2','','','',NULL,NULL,NULL,NULL,2),(1614874200021,1614874199997,'3','4',NULL,'2','','','',NULL,NULL,NULL,NULL,2),(1614874200029,1614874199997,'4','5',NULL,'1','','','',NULL,NULL,NULL,NULL,2),(1614874200037,1614874199997,'5','3',NULL,'1','','','',NULL,NULL,NULL,NULL,2),(1614874200045,1614874199997,'6','4',NULL,'1','','','',NULL,NULL,NULL,NULL,2),(1614874200053,1614874199997,'7','4',NULL,'1','','','',NULL,NULL,NULL,NULL,2),(1614874200060,1614874199997,'8','5',NULL,'1','','','',NULL,NULL,NULL,NULL,2),(1614874200067,1614874199997,'9','4',NULL,'2','','','',NULL,NULL,NULL,NULL,2),(1614874200075,1614874199997,'10','3',NULL,'1','','','',NULL,NULL,NULL,NULL,2),(1614874200084,1614874199997,'11','4',NULL,'1','','','',NULL,NULL,NULL,NULL,2),(1614874200093,1614874199997,'12','3',NULL,'2','','','',NULL,NULL,NULL,NULL,2),(1614874200101,1614874199997,'13','5',NULL,'2','','','',NULL,NULL,NULL,NULL,2),(1614874200109,1614874199997,'14','5',NULL,'2','','','',NULL,NULL,NULL,NULL,2),(1614874200118,1614874199997,'15','5',NULL,'2','','','',NULL,NULL,NULL,NULL,2),(1614874200127,1614874199997,'16','3',NULL,'2','','','',NULL,NULL,NULL,NULL,2),(1614874200136,1614874199997,'17','4',NULL,'1','','','',NULL,NULL,NULL,NULL,2),(1614874200145,1614874199997,'18','5',NULL,'2','','','',NULL,NULL,NULL,NULL,2),(1614874200210,1614874200205,'1','4',NULL,'1','','','',NULL,NULL,NULL,NULL,2),(1614874200222,1614874200205,'2','3',NULL,'2','','','',NULL,NULL,NULL,NULL,2),(1614874200231,1614874200205,'3','4',NULL,'1','','','',NULL,NULL,NULL,NULL,2),(1614874200240,1614874200205,'4','4',NULL,'2','','','',NULL,NULL,NULL,NULL,2),(1614874200249,1614874200205,'5','4',NULL,'1','','','',NULL,NULL,NULL,NULL,2),(1614874200257,1614874200205,'6','6',NULL,'2','','','',NULL,NULL,NULL,NULL,2),(1614874200266,1614874200205,'7','3',NULL,'1','','','',NULL,NULL,NULL,NULL,2),(1614874200274,1614874200205,'8','5',NULL,'1','','','',NULL,NULL,NULL,NULL,2),(1614874200282,1614874200205,'9','3',NULL,'1','','','',NULL,NULL,NULL,NULL,2),(1614874200290,1614874200205,'10','4',NULL,'2','','','',NULL,NULL,NULL,NULL,2),(1614874200299,1614874200205,'11','5',NULL,'2','','','',NULL,NULL,NULL,NULL,2),(1614874200308,1614874200205,'12','3',NULL,'1','','','',NULL,NULL,NULL,NULL,2),(1614874200316,1614874200205,'13','4',NULL,'2','','','',NULL,NULL,NULL,NULL,2),(1614874200325,1614874200205,'14','4',NULL,'2','','','',NULL,NULL,NULL,NULL,2),(1614874200333,1614874200205,'15','3',NULL,'1','','','',NULL,NULL,NULL,NULL,2),(1614874200342,1614874200205,'16','3',NULL,'2','','','',NULL,NULL,NULL,NULL,2),(1614874200350,1614874200205,'17','3',NULL,'1','','','',NULL,NULL,NULL,NULL,2),(1614874200358,1614874200205,'18','4',NULL,'1','','','',NULL,NULL,NULL,NULL,2),(1614874200421,1614874200417,'1','4',NULL,'1','','','',NULL,NULL,NULL,NULL,2),(1614874200430,1614874200417,'2','4',NULL,'2','','','',NULL,NULL,NULL,NULL,2),(1614874200439,1614874200417,'3','5',NULL,'2','','','',NULL,NULL,NULL,NULL,2),(1614874200447,1614874200417,'4','5',NULL,'2','','','',NULL,NULL,NULL,NULL,2),(1614874200455,1614874200417,'5','3',NULL,'1','','','',NULL,NULL,NULL,NULL,2),(1614874200463,1614874200417,'6','4',NULL,'2','','','',NULL,NULL,NULL,NULL,2),(1614874200471,1614874200417,'7','4',NULL,'2','','','',NULL,NULL,NULL,NULL,2),(1614874200479,1614874200417,'8','4',NULL,'1','','','',NULL,NULL,NULL,NULL,2),(1614874200487,1614874200417,'9','4',NULL,'2','','','',NULL,NULL,NULL,NULL,2),(1614874200495,1614874200417,'10','4',NULL,'2','','','',NULL,NULL,NULL,NULL,2),(1614874200503,1614874200417,'11','4',NULL,'2','','','',NULL,NULL,NULL,NULL,2),(1614874200511,1614874200417,'12','4',NULL,'1','','','',NULL,NULL,NULL,NULL,2),(1614874200519,1614874200417,'13','4',NULL,'2','','','',NULL,NULL,NULL,NULL,2),(1614874200528,1614874200417,'14','3',NULL,'1','','','',NULL,NULL,NULL,NULL,2),(1614874200537,1614874200417,'15','5',NULL,'2','','','',NULL,NULL,NULL,NULL,2),(1614874200546,1614874200417,'16','2',NULL,'1','','','',NULL,NULL,NULL,NULL,2),(1614874200556,1614874200417,'17','3',NULL,'1','','','',NULL,NULL,NULL,NULL,2),(1614874200566,1614874200417,'18','4',NULL,'1','','','',NULL,NULL,NULL,NULL,2),(1614874200631,1614874200627,'1','5',NULL,'','','','',NULL,NULL,NULL,NULL,2),(1614874200641,1614874200627,'2','3',NULL,'','','','',NULL,NULL,NULL,NULL,2),(1614874200650,1614874200627,'3','3',NULL,'','','','',NULL,NULL,NULL,NULL,2),(1614874200659,1614874200627,'4','3',NULL,'','','','',NULL,NULL,NULL,NULL,2),(1614874200667,1614874200627,'5','4',NULL,'','','','',NULL,NULL,NULL,NULL,2),(1614874200676,1614874200627,'6','4',NULL,'','','','',NULL,NULL,NULL,NULL,2),(1614874200685,1614874200627,'7','4',NULL,'','','','',NULL,NULL,NULL,NULL,2),(1614874200694,1614874200627,'8','4',NULL,'','','','',NULL,NULL,NULL,NULL,2),(1614874200702,1614874200627,'9','4',NULL,'','','','',NULL,NULL,NULL,NULL,2),(1614874200710,1614874200627,'10','5',NULL,'','','','',NULL,NULL,NULL,NULL,2),(1614874200718,1614874200627,'11','4',NULL,'','','','',NULL,NULL,NULL,NULL,2),(1614874200727,1614874200627,'12','2',NULL,'','','','',NULL,NULL,NULL,NULL,2),(1614874200735,1614874200627,'13','5',NULL,'','','','',NULL,NULL,NULL,NULL,2),(1614874200742,1614874200627,'14','4',NULL,'','','','',NULL,NULL,NULL,NULL,2),(1614874200749,1614874200627,'15','4',NULL,'','','','',NULL,NULL,NULL,NULL,2),(1614874200757,1614874200627,'16','4',NULL,'','','','',NULL,NULL,NULL,NULL,2),(1614874200764,1614874200627,'17','4',NULL,'','','','',NULL,NULL,NULL,NULL,2),(1614874200773,1614874200627,'18','4',NULL,'','','','',NULL,NULL,NULL,NULL,2),(1614874200837,1614874200833,'1','5',NULL,'2','','','',NULL,NULL,NULL,NULL,2),(1614874200847,1614874200833,'2','2',NULL,'1','','','',NULL,NULL,NULL,NULL,2),(1614874200856,1614874200833,'3','5',NULL,'2','','','',NULL,NULL,NULL,NULL,2),(1614874200865,1614874200833,'4','5',NULL,'2','','','',NULL,NULL,NULL,NULL,2),(1614874200873,1614874200833,'5','2',NULL,'1','','','',NULL,NULL,NULL,NULL,2),(1614874200882,1614874200833,'6','4',NULL,'1','','','',NULL,NULL,NULL,NULL,2),(1614874200891,1614874200833,'7','4',NULL,'2','','','',NULL,NULL,NULL,NULL,2),(1614874200900,1614874200833,'8','5',NULL,'2','','','',NULL,NULL,NULL,NULL,2),(1614874200909,1614874200833,'9','3',NULL,'1','','','',NULL,NULL,NULL,NULL,2),(1614874200918,1614874200833,'10','4',NULL,'2','','','',NULL,NULL,NULL,NULL,2),(1614874200927,1614874200833,'11','5',NULL,'2','','','',NULL,NULL,NULL,NULL,2),(1614874200936,1614874200833,'12','3',NULL,'1','','','',NULL,NULL,NULL,NULL,2),(1614874200944,1614874200833,'13','4',NULL,'2','','','',NULL,NULL,NULL,NULL,2),(1614874200953,1614874200833,'14','5',NULL,'2','','','',NULL,NULL,NULL,NULL,2),(1614874200961,1614874200833,'15','4',NULL,'2','','','',NULL,NULL,NULL,NULL,2),(1614874200970,1614874200833,'16','3',NULL,'2','','','',NULL,NULL,NULL,NULL,2),(1614874200979,1614874200833,'17','4',NULL,'2','','','',NULL,NULL,NULL,NULL,2),(1614874200988,1614874200833,'18','4',NULL,'1','','','',NULL,NULL,NULL,NULL,2),(1614874201049,1614874201047,'1','3',NULL,'1','','','',NULL,NULL,NULL,NULL,2),(1614874201057,1614874201047,'2','3',NULL,'1','','','',NULL,NULL,NULL,NULL,2),(1614874201065,1614874201047,'3','4',NULL,'1','','','',NULL,NULL,NULL,NULL,2),(1614874201073,1614874201047,'4','4',NULL,'1','','','',NULL,NULL,NULL,NULL,2),(1614874201081,1614874201047,'5','3',NULL,'2','','','',NULL,NULL,NULL,NULL,2),(1614874201089,1614874201047,'6','5',NULL,'2','','','',NULL,NULL,NULL,NULL,2),(1614874201097,1614874201047,'7','4',NULL,'2','','','',NULL,NULL,NULL,NULL,2),(1614874201106,1614874201047,'8','5',NULL,'2','','','',NULL,NULL,NULL,NULL,2),(1614874201114,1614874201047,'9','3',NULL,'1','','','',NULL,NULL,NULL,NULL,2),(1614874201123,1614874201047,'10','3',NULL,'1','','','',NULL,NULL,NULL,NULL,2),(1614874201131,1614874201047,'11','5',NULL,'2','','','',NULL,NULL,NULL,NULL,2),(1614874201139,1614874201047,'12','3',NULL,'1','','','',NULL,NULL,NULL,NULL,2),(1614874201147,1614874201047,'13','3',NULL,'1','','','',NULL,NULL,NULL,NULL,2),(1614874201154,1614874201047,'14','4',NULL,'2','','','',NULL,NULL,NULL,NULL,2),(1614874201161,1614874201047,'15','3',NULL,'1','','','',NULL,NULL,NULL,NULL,2),(1614874201169,1614874201047,'16','4',NULL,'1','','','',NULL,NULL,NULL,NULL,2),(1614874201177,1614874201047,'17','4',NULL,'2','','','',NULL,NULL,NULL,NULL,2),(1614874201185,1614874201047,'18','5',NULL,'2','','','',NULL,NULL,NULL,NULL,2),(1614874201249,1614874201245,'1','5',NULL,'1','','','',NULL,NULL,NULL,NULL,2),(1614874201259,1614874201245,'2','3',NULL,'1','','','',NULL,NULL,NULL,NULL,2),(1614874201267,1614874201245,'3','4',NULL,'1','','','',NULL,NULL,NULL,NULL,2),(1614874201275,1614874201245,'4','4',NULL,'2','','','',NULL,NULL,NULL,NULL,2),(1614874201283,1614874201245,'5','3',NULL,'2','','','',NULL,NULL,NULL,NULL,2),(1614874201290,1614874201245,'6','4',NULL,'1','','','',NULL,NULL,NULL,NULL,2),(1614874201297,1614874201245,'7','5',NULL,'1','','','',NULL,NULL,NULL,NULL,2),(1614874201304,1614874201245,'8','6',NULL,'1','','','',NULL,NULL,NULL,NULL,2),(1614874201312,1614874201245,'9','4',NULL,'2','','','',NULL,NULL,NULL,NULL,2),(1614874201320,1614874201245,'10','3',NULL,'1','','','',NULL,NULL,NULL,NULL,2),(1614874201327,1614874201245,'11','4',NULL,'2','','','',NULL,NULL,NULL,NULL,2),(1614874201335,1614874201245,'12','3',NULL,'1','','','',NULL,NULL,NULL,NULL,2),(1614874201343,1614874201245,'13','4',NULL,'2','','','',NULL,NULL,NULL,NULL,2),(1614874201351,1614874201245,'14','5',NULL,'2','','','',NULL,NULL,NULL,NULL,2),(1614874201359,1614874201245,'15','4',NULL,'2','','','',NULL,NULL,NULL,NULL,2),(1614874201368,1614874201245,'16','3',NULL,'2','','','',NULL,NULL,NULL,NULL,2),(1614874201376,1614874201245,'17','4',NULL,'1','','','',NULL,NULL,NULL,NULL,2),(1614874201385,1614874201245,'18','5',NULL,'2','','','',NULL,NULL,NULL,NULL,2),(1614874201447,1614874201444,'1','5',NULL,'2','','','',NULL,NULL,NULL,NULL,2),(1614874201457,1614874201444,'2','3',NULL,'2','','','',NULL,NULL,NULL,NULL,2),(1614874201465,1614874201444,'3','5',NULL,'2','','','',NULL,NULL,NULL,NULL,2),(1614874201472,1614874201444,'4','5',NULL,'2','','','',NULL,NULL,NULL,NULL,2),(1614874201479,1614874201444,'5','2',NULL,'1','','','',NULL,NULL,NULL,NULL,2),(1614874201487,1614874201444,'6','6',NULL,'2','','','',NULL,NULL,NULL,NULL,2),(1614874201495,1614874201444,'7','4',NULL,'2','','','',NULL,NULL,NULL,NULL,2),(1614874201503,1614874201444,'8','5',NULL,'2','','','',NULL,NULL,NULL,NULL,2),(1614874201511,1614874201444,'9','3',NULL,'1','','','',NULL,NULL,NULL,NULL,2),(1614874201519,1614874201444,'10','4',NULL,'1','','','',NULL,NULL,NULL,NULL,2),(1614874201527,1614874201444,'11','4',NULL,'2','','','',NULL,NULL,NULL,NULL,2),(1614874201535,1614874201444,'12','5',NULL,'1','','','',NULL,NULL,NULL,NULL,2),(1614874201543,1614874201444,'13','4',NULL,'1','','','',NULL,NULL,NULL,NULL,2),(1614874201551,1614874201444,'14','4',NULL,'2','','','',NULL,NULL,NULL,NULL,2),(1614874201559,1614874201444,'15','6',NULL,'1','','','',NULL,NULL,NULL,NULL,2),(1614874201568,1614874201444,'16','3',NULL,'2','','','',NULL,NULL,NULL,NULL,2),(1614874201576,1614874201444,'17','3',NULL,'1','','','',NULL,NULL,NULL,NULL,2),(1614874201584,1614874201444,'18','5',NULL,'1','','','',NULL,NULL,NULL,NULL,2),(1614874201644,1614874201642,'1','4',NULL,'1','','','',NULL,NULL,NULL,NULL,2),(1614874201652,1614874201642,'2','3',NULL,'1','','','',NULL,NULL,NULL,NULL,2),(1614874201659,1614874201642,'3','4',NULL,'1','','','',NULL,NULL,NULL,NULL,2),(1614874201666,1614874201642,'4','4',NULL,'2','','','',NULL,NULL,NULL,NULL,2),(1614874201674,1614874201642,'5','3',NULL,'1','','','',NULL,NULL,NULL,NULL,2),(1614874201682,1614874201642,'6','4',NULL,'1','','','',NULL,NULL,NULL,NULL,2),(1614874201689,1614874201642,'7','4',NULL,'2','','','',NULL,NULL,NULL,NULL,2),(1614874201696,1614874201642,'8','5',NULL,'2','','','',NULL,NULL,NULL,NULL,2),(1614874201704,1614874201642,'9','4',NULL,'1','','','',NULL,NULL,NULL,NULL,2),(1614874201712,1614874201642,'10','4',NULL,'2','','','',NULL,NULL,NULL,NULL,2),(1614874201719,1614874201642,'11','5',NULL,'2','','','',NULL,NULL,NULL,NULL,2),(1614874201726,1614874201642,'12','2',NULL,'1','','','',NULL,NULL,NULL,NULL,2),(1614874201733,1614874201642,'13','4',NULL,'2','','','',NULL,NULL,NULL,NULL,2),(1614874201740,1614874201642,'14','3',NULL,'1','','','',NULL,NULL,NULL,NULL,2),(1614874201747,1614874201642,'15','4',NULL,'2','','','',NULL,NULL,NULL,NULL,2),(1614874201754,1614874201642,'16','3',NULL,'1','','','',NULL,NULL,NULL,NULL,2),(1614874201761,1614874201642,'17','4',NULL,'2','','','',NULL,NULL,NULL,NULL,2),(1614874201768,1614874201642,'18','4',NULL,'1','','','',NULL,NULL,NULL,NULL,2),(1614874201828,1614874201826,'1','4',NULL,'2','','','',NULL,NULL,NULL,NULL,2),(1614874201836,1614874201826,'2','3',NULL,'1','','','',NULL,NULL,NULL,NULL,2),(1614874201844,1614874201826,'3','5',NULL,'1','','','',NULL,NULL,NULL,NULL,2),(1614874201852,1614874201826,'4','3',NULL,'1','','','',NULL,NULL,NULL,NULL,2),(1614874201859,1614874201826,'5','3',NULL,'2','','','',NULL,NULL,NULL,NULL,2),(1614874201866,1614874201826,'6','3',NULL,'1','','','',NULL,NULL,NULL,NULL,2),(1614874201873,1614874201826,'7','4',NULL,'1','','','',NULL,NULL,NULL,NULL,2),(1614874201880,1614874201826,'8','5',NULL,'1','','','',NULL,NULL,NULL,NULL,2),(1614874201888,1614874201826,'9','3',NULL,'1','','','',NULL,NULL,NULL,NULL,2),(1614874201896,1614874201826,'10','4',NULL,'2','','','',NULL,NULL,NULL,NULL,2),(1614874201904,1614874201826,'11','5',NULL,'3','','','',NULL,NULL,NULL,NULL,2),(1614874201912,1614874201826,'12','4',NULL,'2','','','',NULL,NULL,NULL,NULL,2),(1614874201919,1614874201826,'13','4',NULL,'2','','','',NULL,NULL,NULL,NULL,2),(1614874201927,1614874201826,'14','4',NULL,'2','','','',NULL,NULL,NULL,NULL,2),(1614874201935,1614874201826,'15','5',NULL,'2','','','',NULL,NULL,NULL,NULL,2),(1614874201944,1614874201826,'16','2',NULL,'1','','','',NULL,NULL,NULL,NULL,2),(1614874201953,1614874201826,'17','4',NULL,'2','','','',NULL,NULL,NULL,NULL,2),(1614874201963,1614874201826,'18','4',NULL,'1','','','',NULL,NULL,NULL,NULL,2),(1614874202024,1614874202022,'1','3',NULL,'1','','','',NULL,NULL,NULL,NULL,2),(1614874202034,1614874202022,'2','3',NULL,'2','','','',NULL,NULL,NULL,NULL,2),(1614874202042,1614874202022,'3','4',NULL,'2','','','',NULL,NULL,NULL,NULL,2),(1614874202050,1614874202022,'4','4',NULL,'1','','','',NULL,NULL,NULL,NULL,2),(1614874202058,1614874202022,'5','4',NULL,'2','','','',NULL,NULL,NULL,NULL,2),(1614874202066,1614874202022,'6','4',NULL,'1','','','',NULL,NULL,NULL,NULL,2),(1614874202074,1614874202022,'7','4',NULL,'2','','','',NULL,NULL,NULL,NULL,2),(1614874202082,1614874202022,'8','4',NULL,'2','','','',NULL,NULL,NULL,NULL,2),(1614874202090,1614874202022,'9','5',NULL,'2','','','',NULL,NULL,NULL,NULL,2),(1614874202098,1614874202022,'10','3',NULL,'1','','','',NULL,NULL,NULL,NULL,2),(1614874202106,1614874202022,'11','4',NULL,'2','','','',NULL,NULL,NULL,NULL,2),(1614874202114,1614874202022,'12','4',NULL,'2','','','',NULL,NULL,NULL,NULL,2),(1614874202122,1614874202022,'13','4',NULL,'2','','','',NULL,NULL,NULL,NULL,2),(1614874202129,1614874202022,'14','4',NULL,'2','','','',NULL,NULL,NULL,NULL,2),(1614874202136,1614874202022,'15','5',NULL,'2','','','',NULL,NULL,NULL,NULL,2),(1614874202143,1614874202022,'16','4',NULL,'2','','','',NULL,NULL,NULL,NULL,2),(1614874202150,1614874202022,'17','4',NULL,'2','','','',NULL,NULL,NULL,NULL,2),(1614874202158,1614874202022,'18','5',NULL,'2','','','',NULL,NULL,NULL,NULL,2),(1614874202218,1614874202216,'1','5',NULL,'2','','','',NULL,NULL,NULL,NULL,2),(1614874202226,1614874202216,'2','3',NULL,'2','','','',NULL,NULL,NULL,NULL,2),(1614874202234,1614874202216,'3','4',NULL,'2','','','',NULL,NULL,NULL,NULL,2),(1614874202242,1614874202216,'4','4',NULL,'2','','','',NULL,NULL,NULL,NULL,2),(1614874202249,1614874202216,'5','3',NULL,'2','','','',NULL,NULL,NULL,NULL,2),(1614874202257,1614874202216,'6','4',NULL,'2','','','',NULL,NULL,NULL,NULL,2),(1614874202265,1614874202216,'7','4',NULL,'2','','','',NULL,NULL,NULL,NULL,2),(1614874202273,1614874202216,'8','5',NULL,'2','','','',NULL,NULL,NULL,NULL,2),(1614874202280,1614874202216,'9','4',NULL,'2','','','',NULL,NULL,NULL,NULL,2),(1614874202288,1614874202216,'10','4',NULL,'2','','','',NULL,NULL,NULL,NULL,2),(1614874202295,1614874202216,'11','4',NULL,'2','','','',NULL,NULL,NULL,NULL,2),(1614874202302,1614874202216,'12','3',NULL,'2','','','',NULL,NULL,NULL,NULL,2),(1614874202309,1614874202216,'13','5',NULL,'2','','','',NULL,NULL,NULL,NULL,2),(1614874202316,1614874202216,'14','4',NULL,'1','','','',NULL,NULL,NULL,NULL,2),(1614874202324,1614874202216,'15','5',NULL,'2','','','',NULL,NULL,NULL,NULL,2),(1614874202331,1614874202216,'16','3',NULL,'2','','','',NULL,NULL,NULL,NULL,2),(1614874202338,1614874202216,'17','3',NULL,'1','','','',NULL,NULL,NULL,NULL,2),(1614874202346,1614874202216,'18','4',NULL,'1','','','',NULL,NULL,NULL,NULL,2),(1614874202407,1614874202405,'1','6',NULL,'2','','','',NULL,NULL,NULL,NULL,2),(1614874202415,1614874202405,'2','3',NULL,'1','','','',NULL,NULL,NULL,NULL,2),(1614874202422,1614874202405,'3','6',NULL,'2','','','',NULL,NULL,NULL,NULL,2),(1614874202429,1614874202405,'4','4',NULL,'2','','','',NULL,NULL,NULL,NULL,2),(1614874202436,1614874202405,'5','2',NULL,'1','','','',NULL,NULL,NULL,NULL,2),(1614874202443,1614874202405,'6','4',NULL,'1','','','',NULL,NULL,NULL,NULL,2),(1614874202450,1614874202405,'7','3',NULL,'1','','','',NULL,NULL,NULL,NULL,2),(1614874202457,1614874202405,'8','4',NULL,'1','','','',NULL,NULL,NULL,NULL,2),(1614874202464,1614874202405,'9','5',NULL,'2','','','',NULL,NULL,NULL,NULL,2),(1614874202471,1614874202405,'10','4',NULL,'2','','','',NULL,NULL,NULL,NULL,2),(1614874202478,1614874202405,'11','4',NULL,'1','','','',NULL,NULL,NULL,NULL,2),(1614874202485,1614874202405,'12','2',NULL,'1','','','',NULL,NULL,NULL,NULL,2),(1614874202492,1614874202405,'13','3',NULL,'1','','','',NULL,NULL,NULL,NULL,2),(1614874202499,1614874202405,'14','4',NULL,'2','','','',NULL,NULL,NULL,NULL,2),(1614874202506,1614874202405,'15','4',NULL,'1','','','',NULL,NULL,NULL,NULL,2),(1614874202513,1614874202405,'16','4',NULL,'2','','','',NULL,NULL,NULL,NULL,2),(1614874202520,1614874202405,'17','4',NULL,'2','','','',NULL,NULL,NULL,NULL,2),(1614874202527,1614874202405,'18','4',NULL,'1','','','',NULL,NULL,NULL,NULL,2),(1614874202588,1614874202585,'1','4',NULL,'1','','','',NULL,NULL,NULL,NULL,2),(1614874202596,1614874202585,'2','4',NULL,'2','','','',NULL,NULL,NULL,NULL,2),(1614874202604,1614874202585,'3','4',NULL,'2','','','',NULL,NULL,NULL,NULL,2),(1614874202612,1614874202585,'4','4',NULL,'2','','','',NULL,NULL,NULL,NULL,2),(1614874202619,1614874202585,'5','4',NULL,'2','','','',NULL,NULL,NULL,NULL,2),(1614874202626,1614874202585,'6','6',NULL,'2','','','',NULL,NULL,NULL,NULL,2),(1614874202633,1614874202585,'7','4',NULL,'2','','','',NULL,NULL,NULL,NULL,2),(1614874202641,1614874202585,'8','5',NULL,'2','','','',NULL,NULL,NULL,NULL,2),(1614874202649,1614874202585,'9','4',NULL,'2','','','',NULL,NULL,NULL,NULL,2),(1614874202657,1614874202585,'10','4',NULL,'2','','','',NULL,NULL,NULL,NULL,2),(1614874202664,1614874202585,'11','4',NULL,'1','','','',NULL,NULL,NULL,NULL,2),(1614874202672,1614874202585,'12','3',NULL,'1','','','',NULL,NULL,NULL,NULL,2),(1614874202679,1614874202585,'13','4',NULL,'2','','','',NULL,NULL,NULL,NULL,2),(1614874202686,1614874202585,'14','4',NULL,'2','','','',NULL,NULL,NULL,NULL,2),(1614874202694,1614874202585,'15','4',NULL,'2','','','',NULL,NULL,NULL,NULL,2),(1614874202702,1614874202585,'16','3',NULL,'2','','','',NULL,NULL,NULL,NULL,2),(1614874202710,1614874202585,'17','4',NULL,'1','','','',NULL,NULL,NULL,NULL,2),(1614874202718,1614874202585,'18','5',NULL,'2','','','',NULL,NULL,NULL,NULL,2),(1614874202778,1614874202776,'1','4',NULL,'2','','','',NULL,NULL,NULL,NULL,2),(1614874202786,1614874202776,'2','3',NULL,'2','','','',NULL,NULL,NULL,NULL,2),(1614874202794,1614874202776,'3','3',NULL,'1','','','',NULL,NULL,NULL,NULL,2),(1614874202802,1614874202776,'4','4',NULL,'2','','','',NULL,NULL,NULL,NULL,2),(1614874202809,1614874202776,'5','3',NULL,'1','','','',NULL,NULL,NULL,NULL,2),(1614874202816,1614874202776,'6','5',NULL,'2','','','',NULL,NULL,NULL,NULL,2),(1614874202823,1614874202776,'7','4',NULL,'2','','','',NULL,NULL,NULL,NULL,2),(1614874202831,1614874202776,'8','4',NULL,'2','','','',NULL,NULL,NULL,NULL,2),(1614874202839,1614874202776,'9','3',NULL,'1','','','',NULL,NULL,NULL,NULL,2),(1614874202847,1614874202776,'10','4',NULL,'2','','','',NULL,NULL,NULL,NULL,2),(1614874202855,1614874202776,'11','4',NULL,'2','','','',NULL,NULL,NULL,NULL,2),(1614874202863,1614874202776,'12','3',NULL,'2','','','',NULL,NULL,NULL,NULL,2),(1614874202871,1614874202776,'13','6',NULL,'3','','','',NULL,NULL,NULL,NULL,2),(1614874202879,1614874202776,'14','4',NULL,'2','','','',NULL,NULL,NULL,NULL,2),(1614874202887,1614874202776,'15','4',NULL,'2','','','',NULL,NULL,NULL,NULL,2),(1614874202895,1614874202776,'16','3',NULL,'1','','','',NULL,NULL,NULL,NULL,2),(1614874202903,1614874202776,'17','5',NULL,'2','','','',NULL,NULL,NULL,NULL,2),(1614874202911,1614874202776,'18','3',NULL,'1','','','',NULL,NULL,NULL,NULL,2),(1614874202973,1614874202969,'1','4',NULL,'1','','','',NULL,NULL,NULL,NULL,2),(1614874202983,1614874202969,'2','3',NULL,'2','','','',NULL,NULL,NULL,NULL,2),(1614874202994,1614874202969,'3','4',NULL,'1','','','',NULL,NULL,NULL,NULL,2),(1614874203005,1614874202969,'4','4',NULL,'2','','','',NULL,NULL,NULL,NULL,2),(1614874203016,1614874202969,'5','3',NULL,'2','','','',NULL,NULL,NULL,NULL,2),(1614874203028,1614874202969,'6','5',NULL,'2','','','',NULL,NULL,NULL,NULL,2),(1614874203041,1614874202969,'7','3',NULL,'1','','','',NULL,NULL,NULL,NULL,2),(1614874203051,1614874202969,'8','3',NULL,'0','','','',NULL,NULL,NULL,NULL,2),(1614874203061,1614874202969,'9','4',NULL,'2','','','',NULL,NULL,NULL,NULL,2),(1614874203073,1614874202969,'10','5',NULL,'1','','','',NULL,NULL,NULL,NULL,2),(1614874203083,1614874202969,'11','4',NULL,'2','','','',NULL,NULL,NULL,NULL,2),(1614874203094,1614874202969,'12','3',NULL,'1','','','',NULL,NULL,NULL,NULL,2),(1614874203105,1614874202969,'13','4',NULL,'2','','','',NULL,NULL,NULL,NULL,2),(1614874203116,1614874202969,'14','5',NULL,'2','','','',NULL,NULL,NULL,NULL,2),(1614874203127,1614874202969,'15','4',NULL,'1','','','',NULL,NULL,NULL,NULL,2),(1614874203137,1614874202969,'16','3',NULL,'1','','','',NULL,NULL,NULL,NULL,2),(1614874203147,1614874202969,'17','4',NULL,'1','','','',NULL,NULL,NULL,NULL,2),(1614874203158,1614874202969,'18','4',NULL,'2','','','',NULL,NULL,NULL,NULL,2),(1614874203225,1614874203218,'1','5',NULL,'2','','','',NULL,NULL,NULL,NULL,2),(1614874203239,1614874203218,'2','3',NULL,'2','','','',NULL,NULL,NULL,NULL,2),(1614874203250,1614874203218,'3','4',NULL,'2','','','',NULL,NULL,NULL,NULL,2),(1614874203262,1614874203218,'4','5',NULL,'3','','','',NULL,NULL,NULL,NULL,2),(1614874203273,1614874203218,'5','3',NULL,'2','','','',NULL,NULL,NULL,NULL,2),(1614874203284,1614874203218,'6','4',NULL,'2','','','',NULL,NULL,NULL,NULL,2),(1614874203294,1614874203218,'7','4',NULL,'2','','','',NULL,NULL,NULL,NULL,2),(1614874203305,1614874203218,'8','4',NULL,'2','','','',NULL,NULL,NULL,NULL,2),(1614874203315,1614874203218,'9','3',NULL,'1','','','',NULL,NULL,NULL,NULL,2),(1614874203327,1614874203218,'10','4',NULL,'1','','','',NULL,NULL,NULL,NULL,2),(1614874203337,1614874203218,'11','3',NULL,'1','','','',NULL,NULL,NULL,NULL,2),(1614874203348,1614874203218,'12','3',NULL,'1','','','',NULL,NULL,NULL,NULL,2),(1614874203359,1614874203218,'13','6',NULL,'3','','','',NULL,NULL,NULL,NULL,2),(1614874203370,1614874203218,'14','3',NULL,'1','','','',NULL,NULL,NULL,NULL,2),(1614874203381,1614874203218,'15','4',NULL,'1','','','',NULL,NULL,NULL,NULL,2),(1614874203391,1614874203218,'16','3',NULL,'2','','','',NULL,NULL,NULL,NULL,2),(1614874203400,1614874203218,'17','4',NULL,'2','','','',NULL,NULL,NULL,NULL,2),(1614874203411,1614874203218,'18','4',NULL,'2','','','',NULL,NULL,NULL,NULL,2),(1614874203481,1614874203474,'1','5',NULL,'2','','','',NULL,NULL,NULL,NULL,2),(1614874203493,1614874203474,'2','3',NULL,'2','','','',NULL,NULL,NULL,NULL,2),(1614874203504,1614874203474,'3','5',NULL,'2','','','',NULL,NULL,NULL,NULL,2),(1614874203515,1614874203474,'4','4',NULL,'2','','','',NULL,NULL,NULL,NULL,2),(1614874203526,1614874203474,'5','3',NULL,'2','','','',NULL,NULL,NULL,NULL,2),(1614874203537,1614874203474,'6','5',NULL,'2','','','',NULL,NULL,NULL,NULL,2),(1614874203546,1614874203474,'7','4',NULL,'1','','','',NULL,NULL,NULL,NULL,2),(1614874203555,1614874203474,'8','6',NULL,'1','','','',NULL,NULL,NULL,NULL,2),(1614874203563,1614874203474,'9','4',NULL,'2','','','',NULL,NULL,NULL,NULL,2),(1614874203573,1614874203474,'10','6',NULL,'2','','','',NULL,NULL,NULL,NULL,2),(1614874203584,1614874203474,'11','5',NULL,'2','','','',NULL,NULL,NULL,NULL,2),(1614874203595,1614874203474,'12','3',NULL,'2','','','',NULL,NULL,NULL,NULL,2),(1614874203606,1614874203474,'13','6',NULL,'2','','','',NULL,NULL,NULL,NULL,2),(1614874203617,1614874203474,'14','4',NULL,'2','','','',NULL,NULL,NULL,NULL,2),(1614874203628,1614874203474,'15','4',NULL,'1','','','',NULL,NULL,NULL,NULL,2),(1614874203639,1614874203474,'16','3',NULL,'1','','','',NULL,NULL,NULL,NULL,2),(1614874203649,1614874203474,'17','4',NULL,'2','','','',NULL,NULL,NULL,NULL,2),(1614874203660,1614874203474,'18','4',NULL,'2','','','',NULL,NULL,NULL,NULL,2),(1614874203728,1614874203722,'1','5',NULL,'1','','','',NULL,NULL,NULL,NULL,2),(1614874203740,1614874203722,'2','3',NULL,'2','','','',NULL,NULL,NULL,NULL,2),(1614874203750,1614874203722,'3','4',NULL,'1','','','',NULL,NULL,NULL,NULL,2),(1614874203760,1614874203722,'4','5',NULL,'2','','','',NULL,NULL,NULL,NULL,2),(1614874203770,1614874203722,'5','2',NULL,'1','','','',NULL,NULL,NULL,NULL,2),(1614874203781,1614874203722,'6','4',NULL,'1','','','',NULL,NULL,NULL,NULL,2),(1614874203792,1614874203722,'7','5',NULL,'2','','','',NULL,NULL,NULL,NULL,2),(1614874203802,1614874203722,'8','4',NULL,'2','','','',NULL,NULL,NULL,NULL,2),(1614874203812,1614874203722,'9','5',NULL,'2','','','',NULL,NULL,NULL,NULL,2),(1614874203823,1614874203722,'10','5',NULL,'2','','','',NULL,NULL,NULL,NULL,2),(1614874203833,1614874203722,'11','4',NULL,'2','','','',NULL,NULL,NULL,NULL,2),(1614874203844,1614874203722,'12','3',NULL,'2','','','',NULL,NULL,NULL,NULL,2),(1614874203855,1614874203722,'13','4',NULL,'2','','','',NULL,NULL,NULL,NULL,2),(1614874203866,1614874203722,'14','4',NULL,'2','','','',NULL,NULL,NULL,NULL,2),(1614874203877,1614874203722,'15','4',NULL,'0','','','',NULL,NULL,NULL,NULL,2),(1614874203889,1614874203722,'16','3',NULL,'2','','','',NULL,NULL,NULL,NULL,2),(1614874203901,1614874203722,'17','4',NULL,'2','','','',NULL,NULL,NULL,NULL,2),(1614874203912,1614874203722,'18','4',NULL,'2','','','',NULL,NULL,NULL,NULL,2),(1614874203982,1614874203974,'1','3',NULL,'1','','','',NULL,NULL,NULL,NULL,2),(1614874203995,1614874203974,'2','4',NULL,'2','','','',NULL,NULL,NULL,NULL,2),(1614874204007,1614874203974,'3','5',NULL,'2','','','',NULL,NULL,NULL,NULL,2),(1614874204019,1614874203974,'4','5',NULL,'2','','','',NULL,NULL,NULL,NULL,2),(1614874204030,1614874203974,'5','2',NULL,'1','','','',NULL,NULL,NULL,NULL,2),(1614874204043,1614874203974,'6','4',NULL,'2','','','',NULL,NULL,NULL,NULL,2),(1614874204055,1614874203974,'7','3',NULL,'1','','','',NULL,NULL,NULL,NULL,2),(1614874204066,1614874203974,'8','4',NULL,'1','','','',NULL,NULL,NULL,NULL,2),(1614874204079,1614874203974,'9','4',NULL,'2','','','',NULL,NULL,NULL,NULL,2),(1614874204091,1614874203974,'10','4',NULL,'2','','','',NULL,NULL,NULL,NULL,2),(1614874204111,1614874203974,'11','3',NULL,'1','','','',NULL,NULL,NULL,NULL,2),(1614874204124,1614874203974,'12','3',NULL,'1','','','',NULL,NULL,NULL,NULL,2),(1614874204135,1614874203974,'13','4',NULL,'2','','','',NULL,NULL,NULL,NULL,2),(1614874204146,1614874203974,'14','4',NULL,'2','','','',NULL,NULL,NULL,NULL,2),(1614874204159,1614874203974,'15','4',NULL,'2','','','',NULL,NULL,NULL,NULL,2),(1614874204171,1614874203974,'16','3',NULL,'2','','','',NULL,NULL,NULL,NULL,2),(1614874204184,1614874203974,'17','4',NULL,'2','','','',NULL,NULL,NULL,NULL,2),(1614874204197,1614874203974,'18','4',NULL,'2','','','',NULL,NULL,NULL,NULL,2),(1614874204266,1614874204259,'1','4',NULL,'2','','','',NULL,NULL,NULL,NULL,2),(1614874204278,1614874204259,'2','4',NULL,'2','','','',NULL,NULL,NULL,NULL,2),(1614874204291,1614874204259,'3','4',NULL,'2','','','',NULL,NULL,NULL,NULL,2),(1614874204304,1614874204259,'4','4',NULL,'2','','','',NULL,NULL,NULL,NULL,2),(1614874204316,1614874204259,'5','3',NULL,'1','','','',NULL,NULL,NULL,NULL,2),(1614874204329,1614874204259,'6','4',NULL,'2','','','',NULL,NULL,NULL,NULL,2),(1614874204341,1614874204259,'7','4',NULL,'2','','','',NULL,NULL,NULL,NULL,2),(1614874204353,1614874204259,'8','5',NULL,'2','','','',NULL,NULL,NULL,NULL,2),(1614874204365,1614874204259,'9','4',NULL,'1','','','',NULL,NULL,NULL,NULL,2),(1614874204377,1614874204259,'10','6',NULL,'2','','','',NULL,NULL,NULL,NULL,2),(1614874204389,1614874204259,'11','5',NULL,'2','','','',NULL,NULL,NULL,NULL,2),(1614874204400,1614874204259,'12','3',NULL,'2','','','',NULL,NULL,NULL,NULL,2),(1614874204411,1614874204259,'13','5',NULL,'2','','','',NULL,NULL,NULL,NULL,2),(1614874204423,1614874204259,'14','4',NULL,'2','','','',NULL,NULL,NULL,NULL,2),(1614874204434,1614874204259,'15','4',NULL,'1','','','',NULL,NULL,NULL,NULL,2),(1614874204445,1614874204259,'16','3',NULL,'2','','','',NULL,NULL,NULL,NULL,2),(1614874204457,1614874204259,'17','4',NULL,'2','','','',NULL,NULL,NULL,NULL,2),(1614874204468,1614874204259,'18','4',NULL,'1','','','',NULL,NULL,NULL,NULL,2),(1614874204539,1614874204530,'1','4',NULL,'2','','','',NULL,NULL,NULL,NULL,2),(1614874204552,1614874204530,'2','3',NULL,'2','','','',NULL,NULL,NULL,NULL,2),(1614874204564,1614874204530,'3','4',NULL,'2','','','',NULL,NULL,NULL,NULL,2),(1614874204575,1614874204530,'4','4',NULL,'1','','','',NULL,NULL,NULL,NULL,2),(1614874204585,1614874204530,'5','3',NULL,'1','','','',NULL,NULL,NULL,NULL,2),(1614874204595,1614874204530,'6','4',NULL,'1','','','',NULL,NULL,NULL,NULL,2),(1614874204605,1614874204530,'7','4',NULL,'2','','','',NULL,NULL,NULL,NULL,2),(1614874204615,1614874204530,'8','5',NULL,'2','','','',NULL,NULL,NULL,NULL,2),(1614874204625,1614874204530,'9','4',NULL,'2','','','',NULL,NULL,NULL,NULL,2),(1614874204637,1614874204530,'10','6',NULL,'3','','','',NULL,NULL,NULL,NULL,2),(1614874204648,1614874204530,'11','4',NULL,'1','','','',NULL,NULL,NULL,NULL,2),(1614874204659,1614874204530,'12','4',NULL,'2','','','',NULL,NULL,NULL,NULL,2),(1614874204671,1614874204530,'13','4',NULL,'1','','','',NULL,NULL,NULL,NULL,2),(1614874204683,1614874204530,'14','4',NULL,'2','','','',NULL,NULL,NULL,NULL,2),(1614874204693,1614874204530,'15','4',NULL,'1','','','',NULL,NULL,NULL,NULL,2),(1614874204703,1614874204530,'16','4',NULL,'1','','','',NULL,NULL,NULL,NULL,2),(1614874204713,1614874204530,'17','3',NULL,'1','','','',NULL,NULL,NULL,NULL,2),(1614874204723,1614874204530,'18','5',NULL,'2','','','',NULL,NULL,NULL,NULL,2),(1614874204791,1614874204784,'1','4',NULL,'2','','','',NULL,NULL,NULL,NULL,2),(1614874204804,1614874204784,'2','3',NULL,'1','','','',NULL,NULL,NULL,NULL,2),(1614874204815,1614874204784,'3','4',NULL,'2','','','',NULL,NULL,NULL,NULL,2),(1614874204827,1614874204784,'4','5',NULL,'3','','','',NULL,NULL,NULL,NULL,2),(1614874204838,1614874204784,'5','3',NULL,'2','','','',NULL,NULL,NULL,NULL,2),(1614874204849,1614874204784,'6','5',NULL,'2','','','',NULL,NULL,NULL,NULL,2),(1614874204860,1614874204784,'7','4',NULL,'2','','','',NULL,NULL,NULL,NULL,2),(1614874204871,1614874204784,'8','4',NULL,'2','','','',NULL,NULL,NULL,NULL,2),(1614874204882,1614874204784,'9','4',NULL,'1','','','',NULL,NULL,NULL,NULL,2),(1614874204892,1614874204784,'10','5',NULL,'2','','','',NULL,NULL,NULL,NULL,2),(1614874204904,1614874204784,'11','3',NULL,'0','','','',NULL,NULL,NULL,NULL,2),(1614874204914,1614874204784,'12','2',NULL,'1','','','',NULL,NULL,NULL,NULL,2),(1614874204924,1614874204784,'13','4',NULL,'2','','','',NULL,NULL,NULL,NULL,2),(1614874204935,1614874204784,'14','4',NULL,'2','','','',NULL,NULL,NULL,NULL,2),(1614874204946,1614874204784,'15','4',NULL,'1','','','',NULL,NULL,NULL,NULL,2),(1614874204957,1614874204784,'16','3',NULL,'1','','','',NULL,NULL,NULL,NULL,2),(1614874204968,1614874204784,'17','4',NULL,'2','','','',NULL,NULL,NULL,NULL,2),(1614874204979,1614874204784,'18','4',NULL,'1','','','',NULL,NULL,NULL,NULL,2),(1614874205048,1614874205041,'1','6',NULL,'1','','','',NULL,NULL,NULL,NULL,2),(1614874205061,1614874205041,'2','4',NULL,'2','','','',NULL,NULL,NULL,NULL,2),(1614874205073,1614874205041,'3','5',NULL,'1','','','',NULL,NULL,NULL,NULL,2),(1614874205085,1614874205041,'4','4',NULL,'2','','','',NULL,NULL,NULL,NULL,2),(1614874205097,1614874205041,'5','3',NULL,'2','','','',NULL,NULL,NULL,NULL,2),(1614874205109,1614874205041,'6','4',NULL,'1','','','',NULL,NULL,NULL,NULL,2),(1614874205120,1614874205041,'7','5',NULL,'2','','','',NULL,NULL,NULL,NULL,2),(1614874205131,1614874205041,'8','5',NULL,'2','','','',NULL,NULL,NULL,NULL,2),(1614874205142,1614874205041,'9','4',NULL,'2','','','',NULL,NULL,NULL,NULL,2),(1614874205153,1614874205041,'10','4',NULL,'1','','','',NULL,NULL,NULL,NULL,2),(1614874205164,1614874205041,'11','5',NULL,'2','','','',NULL,NULL,NULL,NULL,2),(1614874205175,1614874205041,'12','3',NULL,'1','','','',NULL,NULL,NULL,NULL,2),(1614874205186,1614874205041,'13','3',NULL,'1','','','',NULL,NULL,NULL,NULL,2),(1614874205195,1614874205041,'14','4',NULL,'2','','','',NULL,NULL,NULL,NULL,2),(1614874205204,1614874205041,'15','3',NULL,'1','','','',NULL,NULL,NULL,NULL,2),(1614874205215,1614874205041,'16','2',NULL,'1','','','',NULL,NULL,NULL,NULL,2),(1614874205224,1614874205041,'17','4',NULL,'2','','','',NULL,NULL,NULL,NULL,2),(1614874205233,1614874205041,'18','4',NULL,'1','','','',NULL,NULL,NULL,NULL,2),(1614874205300,1614874205293,'1','4',NULL,'1','','','',NULL,NULL,NULL,NULL,2),(1614874205311,1614874205293,'2','3',NULL,'2','','','',NULL,NULL,NULL,NULL,2),(1614874205322,1614874205293,'3','4',NULL,'2','','','',NULL,NULL,NULL,NULL,2),(1614874205333,1614874205293,'4','5',NULL,'2','','','',NULL,NULL,NULL,NULL,2),(1614874205343,1614874205293,'5','3',NULL,'1','','','',NULL,NULL,NULL,NULL,2),(1614874205354,1614874205293,'6','5',NULL,'2','','','',NULL,NULL,NULL,NULL,2),(1614874205365,1614874205293,'7','4',NULL,'1','','','',NULL,NULL,NULL,NULL,2),(1614874205375,1614874205293,'8','4',NULL,'0','','','',NULL,NULL,NULL,NULL,2),(1614874205385,1614874205293,'9','4',NULL,'0','','','',NULL,NULL,NULL,NULL,2),(1614874205396,1614874205293,'10','4',NULL,'1','','','',NULL,NULL,NULL,NULL,2),(1614874205406,1614874205293,'11','4',NULL,'2','','','',NULL,NULL,NULL,NULL,2),(1614874205417,1614874205293,'12','4',NULL,'2','','','',NULL,NULL,NULL,NULL,2),(1614874205427,1614874205293,'13','3',NULL,'1','','','',NULL,NULL,NULL,NULL,2),(1614874205437,1614874205293,'14','3',NULL,'1','','','',NULL,NULL,NULL,NULL,2),(1614874205448,1614874205293,'15','4',NULL,'1','','','',NULL,NULL,NULL,NULL,2),(1614874205459,1614874205293,'16','3',NULL,'2','','','',NULL,NULL,NULL,NULL,2),(1614874205469,1614874205293,'17','4',NULL,'2','','','',NULL,NULL,NULL,NULL,2),(1614874205480,1614874205293,'18','4',NULL,'1','','','',NULL,NULL,NULL,NULL,2),(1615015610217,1615015610215,'1',NULL,NULL,NULL,'','','',NULL,NULL,NULL,NULL,0),(1615015610229,1615015610215,'2',NULL,NULL,NULL,'','','',NULL,NULL,NULL,NULL,0),(1615015610248,1615015610215,'3',NULL,NULL,NULL,'','','',NULL,NULL,NULL,NULL,0),(1615015610267,1615015610215,'4',NULL,NULL,NULL,'','','',NULL,NULL,NULL,NULL,0),(1615015610286,1615015610215,'5',NULL,NULL,NULL,'','','',NULL,NULL,NULL,NULL,0),(1615015610306,1615015610215,'6',NULL,NULL,NULL,'','','',NULL,NULL,NULL,NULL,0),(1615015610325,1615015610215,'7',NULL,NULL,NULL,'','','',NULL,NULL,NULL,NULL,0),(1615015610344,1615015610215,'8',NULL,NULL,NULL,'','','',NULL,NULL,NULL,NULL,0),(1615015610364,1615015610215,'9',NULL,NULL,NULL,'','','',NULL,NULL,NULL,NULL,0),(1615015610383,1615015610215,'10',NULL,NULL,NULL,'','','',NULL,NULL,NULL,NULL,0),(1615015610402,1615015610215,'11',NULL,NULL,NULL,'','','',NULL,NULL,NULL,NULL,0),(1615015610433,1615015610215,'12',NULL,NULL,NULL,'','','',NULL,NULL,NULL,NULL,0),(1615015610453,1615015610215,'13',NULL,NULL,NULL,'','','',NULL,NULL,NULL,NULL,0),(1615015610474,1615015610215,'14',NULL,NULL,NULL,'','','',NULL,NULL,NULL,NULL,0),(1615015610491,1615015610215,'15',NULL,NULL,NULL,'','','',NULL,NULL,NULL,NULL,0),(1615015610511,1615015610215,'16',NULL,NULL,NULL,'','','',NULL,NULL,NULL,NULL,0),(1615015610531,1615015610215,'17',NULL,NULL,NULL,'','','',NULL,NULL,NULL,NULL,0),(1615015610547,1615015610215,'18',NULL,NULL,NULL,'','','',NULL,NULL,NULL,NULL,0),(1615015610635,1615015610629,'1',NULL,NULL,NULL,'','','',NULL,NULL,NULL,NULL,0),(1615015610655,1615015610629,'2',NULL,NULL,NULL,'','','',NULL,NULL,NULL,NULL,0),(1615015610677,1615015610629,'3',NULL,NULL,NULL,'','','',NULL,NULL,NULL,NULL,0),(1615015610697,1615015610629,'4',NULL,NULL,NULL,'','','',NULL,NULL,NULL,NULL,0),(1615015610718,1615015610629,'5',NULL,NULL,NULL,'','','',NULL,NULL,NULL,NULL,0),(1615015610740,1615015610629,'6',NULL,NULL,NULL,'','','',NULL,NULL,NULL,NULL,0),(1615015610759,1615015610629,'7',NULL,NULL,NULL,'','','',NULL,NULL,NULL,NULL,0),(1615015610780,1615015610629,'8',NULL,NULL,NULL,'','','',NULL,NULL,NULL,NULL,0),(1615015610800,1615015610629,'9',NULL,NULL,NULL,'','','',NULL,NULL,NULL,NULL,0),(1615015610820,1615015610629,'10',NULL,NULL,NULL,'','','',NULL,NULL,NULL,NULL,0),(1615015610841,1615015610629,'11',NULL,NULL,NULL,'','','',NULL,NULL,NULL,NULL,0),(1615015610862,1615015610629,'12',NULL,NULL,NULL,'','','',NULL,NULL,NULL,NULL,0),(1615015610881,1615015610629,'13',NULL,NULL,NULL,'','','',NULL,NULL,NULL,NULL,0),(1615015610900,1615015610629,'14',NULL,NULL,NULL,'','','',NULL,NULL,NULL,NULL,0),(1615015610919,1615015610629,'15',NULL,NULL,NULL,'','','',NULL,NULL,NULL,NULL,0),(1615015610938,1615015610629,'16',NULL,NULL,NULL,'','','',NULL,NULL,NULL,NULL,0),(1615015610957,1615015610629,'17',NULL,NULL,NULL,'','','',NULL,NULL,NULL,NULL,0),(1615015610979,1615015610629,'18',NULL,NULL,NULL,'','','',NULL,NULL,NULL,NULL,0),(1615015611075,1615015611069,'1',NULL,NULL,NULL,'','','',NULL,NULL,NULL,NULL,0),(1615015611094,1615015611069,'2',NULL,NULL,NULL,'','','',NULL,NULL,NULL,NULL,0),(1615015611115,1615015611069,'3',NULL,NULL,NULL,'','','',NULL,NULL,NULL,NULL,0),(1615015611135,1615015611069,'4',NULL,NULL,NULL,'','','',NULL,NULL,NULL,NULL,0),(1615015611156,1615015611069,'5',NULL,NULL,NULL,'','','',NULL,NULL,NULL,NULL,0),(1615015611175,1615015611069,'6',NULL,NULL,NULL,'','','',NULL,NULL,NULL,NULL,0),(1615015611205,1615015611069,'7',NULL,NULL,NULL,'','','',NULL,NULL,NULL,NULL,0),(1615015611231,1615015611069,'8',NULL,NULL,NULL,'','','',NULL,NULL,NULL,NULL,0),(1615015611251,1615015611069,'9',NULL,NULL,NULL,'','','',NULL,NULL,NULL,NULL,0),(1615015611272,1615015611069,'10',NULL,NULL,NULL,'','','',NULL,NULL,NULL,NULL,0),(1615015611292,1615015611069,'11',NULL,NULL,NULL,'','','',NULL,NULL,NULL,NULL,0),(1615015611312,1615015611069,'12',NULL,NULL,NULL,'','','',NULL,NULL,NULL,NULL,0),(1615015611333,1615015611069,'13',NULL,NULL,NULL,'','','',NULL,NULL,NULL,NULL,0),(1615015611353,1615015611069,'14',NULL,NULL,NULL,'','','',NULL,NULL,NULL,NULL,0),(1615015611374,1615015611069,'15',NULL,NULL,NULL,'','','',NULL,NULL,NULL,NULL,0),(1615015611395,1615015611069,'16',NULL,NULL,NULL,'','','',NULL,NULL,NULL,NULL,0),(1615015611415,1615015611069,'17',NULL,NULL,NULL,'','','',NULL,NULL,NULL,NULL,0),(1615015611435,1615015611069,'18',NULL,NULL,NULL,'','','',NULL,NULL,NULL,NULL,0),(1615015611524,1615015611518,'1',NULL,NULL,NULL,'','','',NULL,NULL,NULL,NULL,0),(1615015611544,1615015611518,'2',NULL,NULL,NULL,'','','',NULL,NULL,NULL,NULL,0),(1615015611564,1615015611518,'3',NULL,NULL,NULL,'','','',NULL,NULL,NULL,NULL,0),(1615015611585,1615015611518,'4',NULL,NULL,NULL,'','','',NULL,NULL,NULL,NULL,0),(1615015611605,1615015611518,'5',NULL,NULL,NULL,'','','',NULL,NULL,NULL,NULL,0),(1615015611626,1615015611518,'6',NULL,NULL,NULL,'','','',NULL,NULL,NULL,NULL,0),(1615015611645,1615015611518,'7',NULL,NULL,NULL,'','','',NULL,NULL,NULL,NULL,0),(1615015611665,1615015611518,'8',NULL,NULL,NULL,'','','',NULL,NULL,NULL,NULL,0),(1615015611685,1615015611518,'9',NULL,NULL,NULL,'','','',NULL,NULL,NULL,NULL,0),(1615015611706,1615015611518,'10',NULL,NULL,NULL,'','','',NULL,NULL,NULL,NULL,0),(1615015611726,1615015611518,'11',NULL,NULL,NULL,'','','',NULL,NULL,NULL,NULL,0),(1615015611746,1615015611518,'12',NULL,NULL,NULL,'','','',NULL,NULL,NULL,NULL,0),(1615015611766,1615015611518,'13',NULL,NULL,NULL,'','','',NULL,NULL,NULL,NULL,0),(1615015611785,1615015611518,'14',NULL,NULL,NULL,'','','',NULL,NULL,NULL,NULL,0),(1615015611805,1615015611518,'15',NULL,NULL,NULL,'','','',NULL,NULL,NULL,NULL,0),(1615015611824,1615015611518,'16',NULL,NULL,NULL,'','','',NULL,NULL,NULL,NULL,0),(1615015611844,1615015611518,'17',NULL,NULL,NULL,'','','',NULL,NULL,NULL,NULL,0),(1615015611864,1615015611518,'18',NULL,NULL,NULL,'','','',NULL,NULL,NULL,NULL,0),(1615015611952,1615015611947,'1',NULL,NULL,NULL,'','','',NULL,NULL,NULL,NULL,0),(1615015611972,1615015611947,'2',NULL,NULL,NULL,'','','',NULL,NULL,NULL,NULL,0),(1615015611992,1615015611947,'3',NULL,NULL,NULL,'','','',NULL,NULL,NULL,NULL,0),(1615015612013,1615015611947,'4',NULL,NULL,NULL,'','','',NULL,NULL,NULL,NULL,0),(1615015612033,1615015611947,'5',NULL,NULL,NULL,'','','',NULL,NULL,NULL,NULL,0),(1615015612054,1615015611947,'6',NULL,NULL,NULL,'','','',NULL,NULL,NULL,NULL,0),(1615015612073,1615015611947,'7',NULL,NULL,NULL,'','','',NULL,NULL,NULL,NULL,0),(1615015612094,1615015611947,'8',NULL,NULL,NULL,'','','',NULL,NULL,NULL,NULL,0),(1615015612114,1615015611947,'9',NULL,NULL,NULL,'','','',NULL,NULL,NULL,NULL,0),(1615015612133,1615015611947,'10',NULL,NULL,NULL,'','','',NULL,NULL,NULL,NULL,0),(1615015612152,1615015611947,'11',NULL,NULL,NULL,'','','',NULL,NULL,NULL,NULL,0),(1615015612171,1615015611947,'12',NULL,NULL,NULL,'','','',NULL,NULL,NULL,NULL,0),(1615015612191,1615015611947,'13',NULL,NULL,NULL,'','','',NULL,NULL,NULL,NULL,0),(1615015612210,1615015611947,'14',NULL,NULL,NULL,'','','',NULL,NULL,NULL,NULL,0),(1615015612234,1615015611947,'15',NULL,NULL,NULL,'','','',NULL,NULL,NULL,NULL,0),(1615015612255,1615015611947,'16',NULL,NULL,NULL,'','','',NULL,NULL,NULL,NULL,0),(1615015612274,1615015611947,'17',NULL,NULL,NULL,'','','',NULL,NULL,NULL,NULL,0),(1615015612294,1615015611947,'18',NULL,NULL,NULL,'','','',NULL,NULL,NULL,NULL,0),(1615015612382,1615015612378,'1',NULL,NULL,NULL,'','','',NULL,NULL,NULL,NULL,0),(1615015612403,1615015612378,'2',NULL,NULL,NULL,'','','',NULL,NULL,NULL,NULL,0),(1615015612424,1615015612378,'3',NULL,NULL,NULL,'','','',NULL,NULL,NULL,NULL,0),(1615015612445,1615015612378,'4',NULL,NULL,NULL,'','','',NULL,NULL,NULL,NULL,0),(1615015612465,1615015612378,'5',NULL,NULL,NULL,'','','',NULL,NULL,NULL,NULL,0),(1615015612485,1615015612378,'6',NULL,NULL,NULL,'','','',NULL,NULL,NULL,NULL,0),(1615015612504,1615015612378,'7',NULL,NULL,NULL,'','','',NULL,NULL,NULL,NULL,0),(1615015612524,1615015612378,'8',NULL,NULL,NULL,'','','',NULL,NULL,NULL,NULL,0),(1615015612545,1615015612378,'9',NULL,NULL,NULL,'','','',NULL,NULL,NULL,NULL,0),(1615015612566,1615015612378,'10',NULL,NULL,NULL,'','','',NULL,NULL,NULL,NULL,0),(1615015612585,1615015612378,'11',NULL,NULL,NULL,'','','',NULL,NULL,NULL,NULL,0),(1615015612608,1615015612378,'12',NULL,NULL,NULL,'','','',NULL,NULL,NULL,NULL,0),(1615015612629,1615015612378,'13',NULL,NULL,NULL,'','','',NULL,NULL,NULL,NULL,0),(1615015612648,1615015612378,'14',NULL,NULL,NULL,'','','',NULL,NULL,NULL,NULL,0),(1615015612669,1615015612378,'15',NULL,NULL,NULL,'','','',NULL,NULL,NULL,NULL,0),(1615015612690,1615015612378,'16',NULL,NULL,NULL,'','','',NULL,NULL,NULL,NULL,0),(1615015612711,1615015612378,'17',NULL,NULL,NULL,'','','',NULL,NULL,NULL,NULL,0),(1615015612731,1615015612378,'18',NULL,NULL,NULL,'','','',NULL,NULL,NULL,NULL,0),(1615015612817,1615015612815,'1',NULL,NULL,NULL,'','','',NULL,NULL,NULL,NULL,0),(1615015612838,1615015612815,'2',NULL,NULL,NULL,'','','',NULL,NULL,NULL,NULL,0),(1615015612858,1615015612815,'3',NULL,NULL,NULL,'','','',NULL,NULL,NULL,NULL,0),(1615015612877,1615015612815,'4',NULL,NULL,NULL,'','','',NULL,NULL,NULL,NULL,0),(1615015612897,1615015612815,'5',NULL,NULL,NULL,'','','',NULL,NULL,NULL,NULL,0),(1615015612918,1615015612815,'6',NULL,NULL,NULL,'','','',NULL,NULL,NULL,NULL,0),(1615015612939,1615015612815,'7',NULL,NULL,NULL,'','','',NULL,NULL,NULL,NULL,0),(1615015612959,1615015612815,'8',NULL,NULL,NULL,'','','',NULL,NULL,NULL,NULL,0),(1615015612981,1615015612815,'9',NULL,NULL,NULL,'','','',NULL,NULL,NULL,NULL,0),(1615015613001,1615015612815,'10',NULL,NULL,NULL,'','','',NULL,NULL,NULL,NULL,0),(1615015613022,1615015612815,'11',NULL,NULL,NULL,'','','',NULL,NULL,NULL,NULL,0),(1615015613042,1615015612815,'12',NULL,NULL,NULL,'','','',NULL,NULL,NULL,NULL,0),(1615015613063,1615015612815,'13',NULL,NULL,NULL,'','','',NULL,NULL,NULL,NULL,0),(1615015613084,1615015612815,'14',NULL,NULL,NULL,'','','',NULL,NULL,NULL,NULL,0),(1615015613105,1615015612815,'15',NULL,NULL,NULL,'','','',NULL,NULL,NULL,NULL,0),(1615015613126,1615015612815,'16',NULL,NULL,NULL,'','','',NULL,NULL,NULL,NULL,0),(1615015613147,1615015612815,'17',NULL,NULL,NULL,'','','',NULL,NULL,NULL,NULL,0),(1615015613167,1615015612815,'18',NULL,NULL,NULL,'','','',NULL,NULL,NULL,NULL,0),(1615015613242,1615015613238,'1',NULL,NULL,NULL,'','','',NULL,NULL,NULL,NULL,0),(1615015613254,1615015613238,'2',NULL,NULL,NULL,'','','',NULL,NULL,NULL,NULL,0),(1615015613270,1615015613238,'3',NULL,NULL,NULL,'','','',NULL,NULL,NULL,NULL,0),(1615015613286,1615015613238,'4',NULL,NULL,NULL,'','','',NULL,NULL,NULL,NULL,0),(1615015613301,1615015613238,'5',NULL,NULL,NULL,'','','',NULL,NULL,NULL,NULL,0),(1615015613316,1615015613238,'6',NULL,NULL,NULL,'','','',NULL,NULL,NULL,NULL,0),(1615015613332,1615015613238,'7',NULL,NULL,NULL,'','','',NULL,NULL,NULL,NULL,0),(1615015613357,1615015613238,'8',NULL,NULL,NULL,'','','',NULL,NULL,NULL,NULL,0),(1615015613377,1615015613238,'9',NULL,NULL,NULL,'','','',NULL,NULL,NULL,NULL,0),(1615015613396,1615015613238,'10',NULL,NULL,NULL,'','','',NULL,NULL,NULL,NULL,0),(1615015613415,1615015613238,'11',NULL,NULL,NULL,'','','',NULL,NULL,NULL,NULL,0),(1615015613435,1615015613238,'12',NULL,NULL,NULL,'','','',NULL,NULL,NULL,NULL,0),(1615015613454,1615015613238,'13',NULL,NULL,NULL,'','','',NULL,NULL,NULL,NULL,0),(1615015613474,1615015613238,'14',NULL,NULL,NULL,'','','',NULL,NULL,NULL,NULL,0),(1615015613495,1615015613238,'15',NULL,NULL,NULL,'','','',NULL,NULL,NULL,NULL,0),(1615015613516,1615015613238,'16',NULL,NULL,NULL,'','','',NULL,NULL,NULL,NULL,0),(1615015613537,1615015613238,'17',NULL,NULL,NULL,'','','',NULL,NULL,NULL,NULL,0),(1615015613558,1615015613238,'18',NULL,NULL,NULL,'','','',NULL,NULL,NULL,NULL,0),(1615015613637,1615015613636,'1',NULL,NULL,NULL,'','','',NULL,NULL,NULL,NULL,0),(1615015613653,1615015613636,'2',NULL,NULL,NULL,'','','',NULL,NULL,NULL,NULL,0),(1615015613669,1615015613636,'3',NULL,NULL,NULL,'','','',NULL,NULL,NULL,NULL,0),(1615015613685,1615015613636,'4',NULL,NULL,NULL,'','','',NULL,NULL,NULL,NULL,0),(1615015613700,1615015613636,'5',NULL,NULL,NULL,'','','',NULL,NULL,NULL,NULL,0),(1615015613716,1615015613636,'6',NULL,NULL,NULL,'','','',NULL,NULL,NULL,NULL,0),(1615015613733,1615015613636,'7',NULL,NULL,NULL,'','','',NULL,NULL,NULL,NULL,0),(1615015613749,1615015613636,'8',NULL,NULL,NULL,'','','',NULL,NULL,NULL,NULL,0),(1615015613764,1615015613636,'9',NULL,NULL,NULL,'','','',NULL,NULL,NULL,NULL,0),(1615015613780,1615015613636,'10',NULL,NULL,NULL,'','','',NULL,NULL,NULL,NULL,0),(1615015613796,1615015613636,'11',NULL,NULL,NULL,'','','',NULL,NULL,NULL,NULL,0),(1615015613811,1615015613636,'12',NULL,NULL,NULL,'','','',NULL,NULL,NULL,NULL,0),(1615015613827,1615015613636,'13',NULL,NULL,NULL,'','','',NULL,NULL,NULL,NULL,0),(1615015613843,1615015613636,'14',NULL,NULL,NULL,'','','',NULL,NULL,NULL,NULL,0),(1615015613860,1615015613636,'15',NULL,NULL,NULL,'','','',NULL,NULL,NULL,NULL,0),(1615015613882,1615015613636,'16',NULL,NULL,NULL,'','','',NULL,NULL,NULL,NULL,0),(1615015613901,1615015613636,'17',NULL,NULL,NULL,'','','',NULL,NULL,NULL,NULL,0),(1615015613920,1615015613636,'18',NULL,NULL,NULL,'','','',NULL,NULL,NULL,NULL,0),(1615015614008,1615015614003,'1',NULL,NULL,NULL,'','','',NULL,NULL,NULL,NULL,0),(1615015614018,1615015614003,'2',NULL,NULL,NULL,'','','',NULL,NULL,NULL,NULL,0),(1615015614034,1615015614003,'3',NULL,NULL,NULL,'','','',NULL,NULL,NULL,NULL,0),(1615015614053,1615015614003,'4',NULL,NULL,NULL,'','','',NULL,NULL,NULL,NULL,0),(1615015614072,1615015614003,'5',NULL,NULL,NULL,'','','',NULL,NULL,NULL,NULL,0),(1615015614093,1615015614003,'6',NULL,NULL,NULL,'','','',NULL,NULL,NULL,NULL,0),(1615015614109,1615015614003,'7',NULL,NULL,NULL,'','','',NULL,NULL,NULL,NULL,0),(1615015614132,1615015614003,'8',NULL,NULL,NULL,'','','',NULL,NULL,NULL,NULL,0),(1615015614151,1615015614003,'9',NULL,NULL,NULL,'','','',NULL,NULL,NULL,NULL,0),(1615015614174,1615015614003,'10',NULL,NULL,NULL,'','','',NULL,NULL,NULL,NULL,0),(1615015614195,1615015614003,'11',NULL,NULL,NULL,'','','',NULL,NULL,NULL,NULL,0),(1615015614222,1615015614003,'12',NULL,NULL,NULL,'','','',NULL,NULL,NULL,NULL,0),(1615015614243,1615015614003,'13',NULL,NULL,NULL,'','','',NULL,NULL,NULL,NULL,0),(1615015614263,1615015614003,'14',NULL,NULL,NULL,'','','',NULL,NULL,NULL,NULL,0),(1615015614285,1615015614003,'15',NULL,NULL,NULL,'','','',NULL,NULL,NULL,NULL,0),(1615015614305,1615015614003,'16',NULL,NULL,NULL,'','','',NULL,NULL,NULL,NULL,0),(1615015614326,1615015614003,'17',NULL,NULL,NULL,'','','',NULL,NULL,NULL,NULL,0),(1615015614345,1615015614003,'18',NULL,NULL,NULL,'','','',NULL,NULL,NULL,NULL,0),(1615015614435,1615015614429,'1',NULL,NULL,NULL,'','','',NULL,NULL,NULL,NULL,0),(1615015614456,1615015614429,'2',NULL,NULL,NULL,'','','',NULL,NULL,NULL,NULL,0),(1615015614477,1615015614429,'3',NULL,NULL,NULL,'','','',NULL,NULL,NULL,NULL,0),(1615015614497,1615015614429,'4',NULL,NULL,NULL,'','','',NULL,NULL,NULL,NULL,0),(1615015614518,1615015614429,'5',NULL,NULL,NULL,'','','',NULL,NULL,NULL,NULL,0),(1615015614537,1615015614429,'6',NULL,NULL,NULL,'','','',NULL,NULL,NULL,NULL,0),(1615015614557,1615015614429,'7',NULL,NULL,NULL,'','','',NULL,NULL,NULL,NULL,0),(1615015614577,1615015614429,'8',NULL,NULL,NULL,'','','',NULL,NULL,NULL,NULL,0),(1615015614596,1615015614429,'9',NULL,NULL,NULL,'','','',NULL,NULL,NULL,NULL,0),(1615015614617,1615015614429,'10',NULL,NULL,NULL,'','','',NULL,NULL,NULL,NULL,0),(1615015614638,1615015614429,'11',NULL,NULL,NULL,'','','',NULL,NULL,NULL,NULL,0),(1615015614657,1615015614429,'12',NULL,NULL,NULL,'','','',NULL,NULL,NULL,NULL,0),(1615015614678,1615015614429,'13',NULL,NULL,NULL,'','','',NULL,NULL,NULL,NULL,0),(1615015614699,1615015614429,'14',NULL,NULL,NULL,'','','',NULL,NULL,NULL,NULL,0),(1615015614719,1615015614429,'15',NULL,NULL,NULL,'','','',NULL,NULL,NULL,NULL,0),(1615015614739,1615015614429,'16',NULL,NULL,NULL,'','','',NULL,NULL,NULL,NULL,0),(1615015614759,1615015614429,'17',NULL,NULL,NULL,'','','',NULL,NULL,NULL,NULL,0),(1615015614779,1615015614429,'18',NULL,NULL,NULL,'','','',NULL,NULL,NULL,NULL,0),(1615015614869,1615015614865,'1',NULL,NULL,NULL,'','','',NULL,NULL,NULL,NULL,0),(1615015614889,1615015614865,'2',NULL,NULL,NULL,'','','',NULL,NULL,NULL,NULL,0),(1615015614910,1615015614865,'3',NULL,NULL,NULL,'','','',NULL,NULL,NULL,NULL,0),(1615015614929,1615015614865,'4',NULL,NULL,NULL,'','','',NULL,NULL,NULL,NULL,0),(1615015614949,1615015614865,'5',NULL,NULL,NULL,'','','',NULL,NULL,NULL,NULL,0),(1615015614969,1615015614865,'6',NULL,NULL,NULL,'','','',NULL,NULL,NULL,NULL,0),(1615015614990,1615015614865,'7',NULL,NULL,NULL,'','','',NULL,NULL,NULL,NULL,0),(1615015615009,1615015614865,'8',NULL,NULL,NULL,'','','',NULL,NULL,NULL,NULL,0),(1615015615030,1615015614865,'9',NULL,NULL,NULL,'','','',NULL,NULL,NULL,NULL,0),(1615015615050,1615015614865,'10',NULL,NULL,NULL,'','','',NULL,NULL,NULL,NULL,0),(1615015615069,1615015614865,'11',NULL,NULL,NULL,'','','',NULL,NULL,NULL,NULL,0),(1615015615089,1615015614865,'12',NULL,NULL,NULL,'','','',NULL,NULL,NULL,NULL,0),(1615015615110,1615015614865,'13',NULL,NULL,NULL,'','','',NULL,NULL,NULL,NULL,0),(1615015615130,1615015614865,'14',NULL,NULL,NULL,'','','',NULL,NULL,NULL,NULL,0),(1615015615151,1615015614865,'15',NULL,NULL,NULL,'','','',NULL,NULL,NULL,NULL,0),(1615015615172,1615015614865,'16',NULL,NULL,NULL,'','','',NULL,NULL,NULL,NULL,0),(1615015615192,1615015614865,'17',NULL,NULL,NULL,'','','',NULL,NULL,NULL,NULL,0),(1615015615212,1615015614865,'18',NULL,NULL,NULL,'','','',NULL,NULL,NULL,NULL,0),(1615015615307,1615015615303,'1',NULL,NULL,NULL,'','','',NULL,NULL,NULL,NULL,0),(1615015615328,1615015615303,'2',NULL,NULL,NULL,'','','',NULL,NULL,NULL,NULL,0),(1615015615348,1615015615303,'3',NULL,NULL,NULL,'','','',NULL,NULL,NULL,NULL,0),(1615015615367,1615015615303,'4',NULL,NULL,NULL,'','','',NULL,NULL,NULL,NULL,0),(1615015615386,1615015615303,'5',NULL,NULL,NULL,'','','',NULL,NULL,NULL,NULL,0),(1615015615405,1615015615303,'6',NULL,NULL,NULL,'','','',NULL,NULL,NULL,NULL,0),(1615015615422,1615015615303,'7',NULL,NULL,NULL,'','','',NULL,NULL,NULL,NULL,0),(1615015615442,1615015615303,'8',NULL,NULL,NULL,'','','',NULL,NULL,NULL,NULL,0),(1615015615461,1615015615303,'9',NULL,NULL,NULL,'','','',NULL,NULL,NULL,NULL,0),(1615015615480,1615015615303,'10',NULL,NULL,NULL,'','','',NULL,NULL,NULL,NULL,0),(1615015615500,1615015615303,'11',NULL,NULL,NULL,'','','',NULL,NULL,NULL,NULL,0),(1615015615519,1615015615303,'12',NULL,NULL,NULL,'','','',NULL,NULL,NULL,NULL,0),(1615015615538,1615015615303,'13',NULL,NULL,NULL,'','','',NULL,NULL,NULL,NULL,0),(1615015615559,1615015615303,'14',NULL,NULL,NULL,'','','',NULL,NULL,NULL,NULL,0),(1615015615578,1615015615303,'15',NULL,NULL,NULL,'','','',NULL,NULL,NULL,NULL,0),(1615015615597,1615015615303,'16',NULL,NULL,NULL,'','','',NULL,NULL,NULL,NULL,0),(1615015615618,1615015615303,'17',NULL,NULL,NULL,'','','',NULL,NULL,NULL,NULL,0),(1615015615639,1615015615303,'18',NULL,NULL,NULL,'','','',NULL,NULL,NULL,NULL,0),(1615015615716,1615015615710,'1',NULL,NULL,NULL,'','','',NULL,NULL,NULL,NULL,0),(1615015615736,1615015615710,'2',NULL,NULL,NULL,'','','',NULL,NULL,NULL,NULL,0),(1615015615755,1615015615710,'3',NULL,NULL,NULL,'','','',NULL,NULL,NULL,NULL,0),(1615015615775,1615015615710,'4',NULL,NULL,NULL,'','','',NULL,NULL,NULL,NULL,0),(1615015615796,1615015615710,'5',NULL,NULL,NULL,'','','',NULL,NULL,NULL,NULL,0),(1615015615815,1615015615710,'6',NULL,NULL,NULL,'','','',NULL,NULL,NULL,NULL,0),(1615015615836,1615015615710,'7',NULL,NULL,NULL,'','','',NULL,NULL,NULL,NULL,0),(1615015615855,1615015615710,'8',NULL,NULL,NULL,'','','',NULL,NULL,NULL,NULL,0),(1615015615874,1615015615710,'9',NULL,NULL,NULL,'','','',NULL,NULL,NULL,NULL,0),(1615015615893,1615015615710,'10',NULL,NULL,NULL,'','','',NULL,NULL,NULL,NULL,0),(1615015615913,1615015615710,'11',NULL,NULL,NULL,'','','',NULL,NULL,NULL,NULL,0),(1615015615933,1615015615710,'12',NULL,NULL,NULL,'','','',NULL,NULL,NULL,NULL,0),(1615015615954,1615015615710,'13',NULL,NULL,NULL,'','','',NULL,NULL,NULL,NULL,0),(1615015615974,1615015615710,'14',NULL,NULL,NULL,'','','',NULL,NULL,NULL,NULL,0),(1615015615995,1615015615710,'15',NULL,NULL,NULL,'','','',NULL,NULL,NULL,NULL,0),(1615015616014,1615015615710,'16',NULL,NULL,NULL,'','','',NULL,NULL,NULL,NULL,0),(1615015616035,1615015615710,'17',NULL,NULL,NULL,'','','',NULL,NULL,NULL,NULL,0),(1615015616054,1615015615710,'18',NULL,NULL,NULL,'','','',NULL,NULL,NULL,NULL,0),(1615015616144,1615015616138,'1',NULL,NULL,NULL,'','','',NULL,NULL,NULL,NULL,0),(1615015616165,1615015616138,'2',NULL,NULL,NULL,'','','',NULL,NULL,NULL,NULL,0),(1615015616186,1615015616138,'3',NULL,NULL,NULL,'','','',NULL,NULL,NULL,NULL,0),(1615015616205,1615015616138,'4',NULL,NULL,NULL,'','','',NULL,NULL,NULL,NULL,0),(1615015616233,1615015616138,'5',NULL,NULL,NULL,'','','',NULL,NULL,NULL,NULL,0),(1615015616254,1615015616138,'6',NULL,NULL,NULL,'','','',NULL,NULL,NULL,NULL,0),(1615015616274,1615015616138,'7',NULL,NULL,NULL,'','','',NULL,NULL,NULL,NULL,0),(1615015616294,1615015616138,'8',NULL,NULL,NULL,'','','',NULL,NULL,NULL,NULL,0),(1615015616314,1615015616138,'9',NULL,NULL,NULL,'','','',NULL,NULL,NULL,NULL,0),(1615015616336,1615015616138,'10',NULL,NULL,NULL,'','','',NULL,NULL,NULL,NULL,0),(1615015616355,1615015616138,'11',NULL,NULL,NULL,'','','',NULL,NULL,NULL,NULL,0),(1615015616376,1615015616138,'12',NULL,NULL,NULL,'','','',NULL,NULL,NULL,NULL,0),(1615015616395,1615015616138,'13',NULL,NULL,NULL,'','','',NULL,NULL,NULL,NULL,0),(1615015616414,1615015616138,'14',NULL,NULL,NULL,'','','',NULL,NULL,NULL,NULL,0),(1615015616434,1615015616138,'15',NULL,NULL,NULL,'','','',NULL,NULL,NULL,NULL,0),(1615015616454,1615015616138,'16',NULL,NULL,NULL,'','','',NULL,NULL,NULL,NULL,0),(1615015616475,1615015616138,'17',NULL,NULL,NULL,'','','',NULL,NULL,NULL,NULL,0),(1615015616495,1615015616138,'18',NULL,NULL,NULL,'','','',NULL,NULL,NULL,NULL,0),(1615015616584,1615015616579,'1',NULL,NULL,NULL,'','','',NULL,NULL,NULL,NULL,0),(1615015616604,1615015616579,'2',NULL,NULL,NULL,'','','',NULL,NULL,NULL,NULL,0),(1615015616624,1615015616579,'3',NULL,NULL,NULL,'','','',NULL,NULL,NULL,NULL,0),(1615015616643,1615015616579,'4',NULL,NULL,NULL,'','','',NULL,NULL,NULL,NULL,0),(1615015616664,1615015616579,'5',NULL,NULL,NULL,'','','',NULL,NULL,NULL,NULL,0),(1615015616683,1615015616579,'6',NULL,NULL,NULL,'','','',NULL,NULL,NULL,NULL,0),(1615015616704,1615015616579,'7',NULL,NULL,NULL,'','','',NULL,NULL,NULL,NULL,0),(1615015616725,1615015616579,'8',NULL,NULL,NULL,'','','',NULL,NULL,NULL,NULL,0),(1615015616746,1615015616579,'9',NULL,NULL,NULL,'','','',NULL,NULL,NULL,NULL,0),(1615015616767,1615015616579,'10',NULL,NULL,NULL,'','','',NULL,NULL,NULL,NULL,0),(1615015616786,1615015616579,'11',NULL,NULL,NULL,'','','',NULL,NULL,NULL,NULL,0),(1615015616805,1615015616579,'12',NULL,NULL,NULL,'','','',NULL,NULL,NULL,NULL,0),(1615015616825,1615015616579,'13',NULL,NULL,NULL,'','','',NULL,NULL,NULL,NULL,0),(1615015616844,1615015616579,'14',NULL,NULL,NULL,'','','',NULL,NULL,NULL,NULL,0),(1615015616865,1615015616579,'15',NULL,NULL,NULL,'','','',NULL,NULL,NULL,NULL,0),(1615015616885,1615015616579,'16',NULL,NULL,NULL,'','','',NULL,NULL,NULL,NULL,0),(1615015616906,1615015616579,'17',NULL,NULL,NULL,'','','',NULL,NULL,NULL,NULL,0),(1615015616925,1615015616579,'18',NULL,NULL,NULL,'','','',NULL,NULL,NULL,NULL,0),(1615015617013,1615015617008,'1',NULL,NULL,NULL,'','','',NULL,NULL,NULL,NULL,0),(1615015617034,1615015617008,'2',NULL,NULL,NULL,'','','',NULL,NULL,NULL,NULL,0),(1615015617054,1615015617008,'3',NULL,NULL,NULL,'','','',NULL,NULL,NULL,NULL,0),(1615015617073,1615015617008,'4',NULL,NULL,NULL,'','','',NULL,NULL,NULL,NULL,0),(1615015617094,1615015617008,'5',NULL,NULL,NULL,'','','',NULL,NULL,NULL,NULL,0),(1615015617113,1615015617008,'6',NULL,NULL,NULL,'','','',NULL,NULL,NULL,NULL,0),(1615015617134,1615015617008,'7',NULL,NULL,NULL,'','','',NULL,NULL,NULL,NULL,0),(1615015617154,1615015617008,'8',NULL,NULL,NULL,'','','',NULL,NULL,NULL,NULL,0),(1615015617173,1615015617008,'9',NULL,NULL,NULL,'','','',NULL,NULL,NULL,NULL,0),(1615015617194,1615015617008,'10',NULL,NULL,NULL,'','','',NULL,NULL,NULL,NULL,0),(1615015617215,1615015617008,'11',NULL,NULL,NULL,'','','',NULL,NULL,NULL,NULL,0),(1615015617242,1615015617008,'12',NULL,NULL,NULL,'','','',NULL,NULL,NULL,NULL,0),(1615015617263,1615015617008,'13',NULL,NULL,NULL,'','','',NULL,NULL,NULL,NULL,0),(1615015617283,1615015617008,'14',NULL,NULL,NULL,'','','',NULL,NULL,NULL,NULL,0),(1615015617303,1615015617008,'15',NULL,NULL,NULL,'','','',NULL,NULL,NULL,NULL,0),(1615015617322,1615015617008,'16',NULL,NULL,NULL,'','','',NULL,NULL,NULL,NULL,0),(1615015617341,1615015617008,'17',NULL,NULL,NULL,'','','',NULL,NULL,NULL,NULL,0),(1615015617361,1615015617008,'18',NULL,NULL,NULL,'','','',NULL,NULL,NULL,NULL,0),(1615015617448,1615015617442,'1',NULL,NULL,NULL,'','','',NULL,NULL,NULL,NULL,0),(1615015617468,1615015617442,'2',NULL,NULL,NULL,'','','',NULL,NULL,NULL,NULL,0),(1615015617489,1615015617442,'3',NULL,NULL,NULL,'','','',NULL,NULL,NULL,NULL,0),(1615015617509,1615015617442,'4',NULL,NULL,NULL,'','','',NULL,NULL,NULL,NULL,0),(1615015617528,1615015617442,'5',NULL,NULL,NULL,'','','',NULL,NULL,NULL,NULL,0),(1615015617550,1615015617442,'6',NULL,NULL,NULL,'','','',NULL,NULL,NULL,NULL,0),(1615015617566,1615015617442,'7',NULL,NULL,NULL,'','','',NULL,NULL,NULL,NULL,0),(1615015617582,1615015617442,'8',NULL,NULL,NULL,'','','',NULL,NULL,NULL,NULL,0),(1615015617598,1615015617442,'9',NULL,NULL,NULL,'','','',NULL,NULL,NULL,NULL,0),(1615015617614,1615015617442,'10',NULL,NULL,NULL,'','','',NULL,NULL,NULL,NULL,0),(1615015617629,1615015617442,'11',NULL,NULL,NULL,'','','',NULL,NULL,NULL,NULL,0),(1615015617644,1615015617442,'12',NULL,NULL,NULL,'','','',NULL,NULL,NULL,NULL,0),(1615015617660,1615015617442,'13',NULL,NULL,NULL,'','','',NULL,NULL,NULL,NULL,0),(1615015617680,1615015617442,'14',NULL,NULL,NULL,'','','',NULL,NULL,NULL,NULL,0),(1615015617701,1615015617442,'15',NULL,NULL,NULL,'','','',NULL,NULL,NULL,NULL,0),(1615015617720,1615015617442,'16',NULL,NULL,NULL,'','','',NULL,NULL,NULL,NULL,0),(1615015617738,1615015617442,'17',NULL,NULL,NULL,'','','',NULL,NULL,NULL,NULL,0),(1615015617757,1615015617442,'18',NULL,NULL,NULL,'','','',NULL,NULL,NULL,NULL,0),(1615015617841,1615015617839,'1',NULL,NULL,NULL,'','','',NULL,NULL,NULL,NULL,0),(1615015617860,1615015617839,'2',NULL,NULL,NULL,'','','',NULL,NULL,NULL,NULL,0),(1615015617878,1615015617839,'3',NULL,NULL,NULL,'','','',NULL,NULL,NULL,NULL,0),(1615015617896,1615015617839,'4',NULL,NULL,NULL,'','','',NULL,NULL,NULL,NULL,0),(1615015617914,1615015617839,'5',NULL,NULL,NULL,'','','',NULL,NULL,NULL,NULL,0),(1615015617934,1615015617839,'6',NULL,NULL,NULL,'','','',NULL,NULL,NULL,NULL,0),(1615015617952,1615015617839,'7',NULL,NULL,NULL,'','','',NULL,NULL,NULL,NULL,0),(1615015617971,1615015617839,'8',NULL,NULL,NULL,'','','',NULL,NULL,NULL,NULL,0),(1615015617989,1615015617839,'9',NULL,NULL,NULL,'','','',NULL,NULL,NULL,NULL,0),(1615015618007,1615015617839,'10',NULL,NULL,NULL,'','','',NULL,NULL,NULL,NULL,0),(1615015618030,1615015617839,'11',NULL,NULL,NULL,'','','',NULL,NULL,NULL,NULL,0),(1615015618048,1615015617839,'12',NULL,NULL,NULL,'','','',NULL,NULL,NULL,NULL,0),(1615015618067,1615015617839,'13',NULL,NULL,NULL,'','','',NULL,NULL,NULL,NULL,0),(1615015618085,1615015617839,'14',NULL,NULL,NULL,'','','',NULL,NULL,NULL,NULL,0),(1615015618104,1615015617839,'15',NULL,NULL,NULL,'','','',NULL,NULL,NULL,NULL,0),(1615015618122,1615015617839,'16',NULL,NULL,NULL,'','','',NULL,NULL,NULL,NULL,0),(1615015618139,1615015617839,'17',NULL,NULL,NULL,'','','',NULL,NULL,NULL,NULL,0),(1615015618157,1615015617839,'18',NULL,NULL,NULL,'','','',NULL,NULL,NULL,NULL,0),(1615015618229,1615015618227,'1',NULL,NULL,NULL,'','','',NULL,NULL,NULL,NULL,0),(1615015618247,1615015618227,'2',NULL,NULL,NULL,'','','',NULL,NULL,NULL,NULL,0),(1615015618265,1615015618227,'3',NULL,NULL,NULL,'','','',NULL,NULL,NULL,NULL,0),(1615015618283,1615015618227,'4',NULL,NULL,NULL,'','','',NULL,NULL,NULL,NULL,0),(1615015618302,1615015618227,'5',NULL,NULL,NULL,'','','',NULL,NULL,NULL,NULL,0),(1615015618323,1615015618227,'6',NULL,NULL,NULL,'','','',NULL,NULL,NULL,NULL,0),(1615015618342,1615015618227,'7',NULL,NULL,NULL,'','','',NULL,NULL,NULL,NULL,0),(1615015618364,1615015618227,'8',NULL,NULL,NULL,'','','',NULL,NULL,NULL,NULL,0),(1615015618391,1615015618227,'9',NULL,NULL,NULL,'','','',NULL,NULL,NULL,NULL,0),(1615015618420,1615015618227,'10',NULL,NULL,NULL,'','','',NULL,NULL,NULL,NULL,0),(1615015618439,1615015618227,'11',NULL,NULL,NULL,'','','',NULL,NULL,NULL,NULL,0),(1615015618457,1615015618227,'12',NULL,NULL,NULL,'','','',NULL,NULL,NULL,NULL,0),(1615015618475,1615015618227,'13',NULL,NULL,NULL,'','','',NULL,NULL,NULL,NULL,0),(1615015618494,1615015618227,'14',NULL,NULL,NULL,'','','',NULL,NULL,NULL,NULL,0),(1615015618510,1615015618227,'15',NULL,NULL,NULL,'','','',NULL,NULL,NULL,NULL,0),(1615015618528,1615015618227,'16',NULL,NULL,NULL,'','','',NULL,NULL,NULL,NULL,0),(1615015618547,1615015618227,'17',NULL,NULL,NULL,'','','',NULL,NULL,NULL,NULL,0),(1615015618576,1615015618227,'18',NULL,NULL,NULL,'','','',NULL,NULL,NULL,NULL,0),(1615015618662,1615015618660,'1',NULL,NULL,NULL,'','','',NULL,NULL,NULL,NULL,0),(1615015618680,1615015618660,'2',NULL,NULL,NULL,'','','',NULL,NULL,NULL,NULL,0),(1615015618696,1615015618660,'3',NULL,NULL,NULL,'','','',NULL,NULL,NULL,NULL,0),(1615015618714,1615015618660,'4',NULL,NULL,NULL,'','','',NULL,NULL,NULL,NULL,0),(1615015618732,1615015618660,'5',NULL,NULL,NULL,'','','',NULL,NULL,NULL,NULL,0),(1615015618750,1615015618660,'6',NULL,NULL,NULL,'','','',NULL,NULL,NULL,NULL,0),(1615015618768,1615015618660,'7',NULL,NULL,NULL,'','','',NULL,NULL,NULL,NULL,0),(1615015618786,1615015618660,'8',NULL,NULL,NULL,'','','',NULL,NULL,NULL,NULL,0),(1615015618803,1615015618660,'9',NULL,NULL,NULL,'','','',NULL,NULL,NULL,NULL,0),(1615015618821,1615015618660,'10',NULL,NULL,NULL,'','','',NULL,NULL,NULL,NULL,0),(1615015618839,1615015618660,'11',NULL,NULL,NULL,'','','',NULL,NULL,NULL,NULL,0),(1615015618857,1615015618660,'12',NULL,NULL,NULL,'','','',NULL,NULL,NULL,NULL,0),(1615015618880,1615015618660,'13',NULL,NULL,NULL,'','','',NULL,NULL,NULL,NULL,0),(1615015618896,1615015618660,'14',NULL,NULL,NULL,'','','',NULL,NULL,NULL,NULL,0),(1615015618911,1615015618660,'15',NULL,NULL,NULL,'','','',NULL,NULL,NULL,NULL,0),(1615015618927,1615015618660,'16',NULL,NULL,NULL,'','','',NULL,NULL,NULL,NULL,0),(1615015618937,1615015618660,'17',NULL,NULL,NULL,'','','',NULL,NULL,NULL,NULL,0),(1615015618952,1615015618660,'18',NULL,NULL,NULL,'','','',NULL,NULL,NULL,NULL,0),(1615015619021,1615015619019,'1',NULL,NULL,NULL,'','','',NULL,NULL,NULL,NULL,0),(1615015619035,1615015619019,'2',NULL,NULL,NULL,'','','',NULL,NULL,NULL,NULL,0),(1615015619051,1615015619019,'3',NULL,NULL,NULL,'','','',NULL,NULL,NULL,NULL,0),(1615015619066,1615015619019,'4',NULL,NULL,NULL,'','','',NULL,NULL,NULL,NULL,0),(1615015619091,1615015619019,'5',NULL,NULL,NULL,'','','',NULL,NULL,NULL,NULL,0),(1615015619110,1615015619019,'6',NULL,NULL,NULL,'','','',NULL,NULL,NULL,NULL,0),(1615015619126,1615015619019,'7',NULL,NULL,NULL,'','','',NULL,NULL,NULL,NULL,0),(1615015619148,1615015619019,'8',NULL,NULL,NULL,'','','',NULL,NULL,NULL,NULL,0),(1615015619167,1615015619019,'9',NULL,NULL,NULL,'','','',NULL,NULL,NULL,NULL,0),(1615015619186,1615015619019,'10',NULL,NULL,NULL,'','','',NULL,NULL,NULL,NULL,0),(1615015619203,1615015619019,'11',NULL,NULL,NULL,'','','',NULL,NULL,NULL,NULL,0),(1615015619223,1615015619019,'12',NULL,NULL,NULL,'','','',NULL,NULL,NULL,NULL,0),(1615015619241,1615015619019,'13',NULL,NULL,NULL,'','','',NULL,NULL,NULL,NULL,0),(1615015619257,1615015619019,'14',NULL,NULL,NULL,'','','',NULL,NULL,NULL,NULL,0),(1615015619272,1615015619019,'15',NULL,NULL,NULL,'','','',NULL,NULL,NULL,NULL,0),(1615015619288,1615015619019,'16',NULL,NULL,NULL,'','','',NULL,NULL,NULL,NULL,0),(1615015619303,1615015619019,'17',NULL,NULL,NULL,'','','',NULL,NULL,NULL,NULL,0),(1615015619319,1615015619019,'18',NULL,NULL,NULL,'','','',NULL,NULL,NULL,NULL,0),(1615015619402,1615015619400,'1',NULL,NULL,NULL,'','','',NULL,NULL,NULL,NULL,0),(1615015619421,1615015619400,'2',NULL,NULL,NULL,'','','',NULL,NULL,NULL,NULL,0),(1615015619441,1615015619400,'3',NULL,NULL,NULL,'','','',NULL,NULL,NULL,NULL,0),(1615015619460,1615015619400,'4',NULL,NULL,NULL,'','','',NULL,NULL,NULL,NULL,0),(1615015619479,1615015619400,'5',NULL,NULL,NULL,'','','',NULL,NULL,NULL,NULL,0),(1615015619498,1615015619400,'6',NULL,NULL,NULL,'','','',NULL,NULL,NULL,NULL,0),(1615015619518,1615015619400,'7',NULL,NULL,NULL,'','','',NULL,NULL,NULL,NULL,0),(1615015619537,1615015619400,'8',NULL,NULL,NULL,'','','',NULL,NULL,NULL,NULL,0),(1615015619556,1615015619400,'9',NULL,NULL,NULL,'','','',NULL,NULL,NULL,NULL,0),(1615015619575,1615015619400,'10',NULL,NULL,NULL,'','','',NULL,NULL,NULL,NULL,0),(1615015619594,1615015619400,'11',NULL,NULL,NULL,'','','',NULL,NULL,NULL,NULL,0),(1615015619615,1615015619400,'12',NULL,NULL,NULL,'','','',NULL,NULL,NULL,NULL,0),(1615015619635,1615015619400,'13',NULL,NULL,NULL,'','','',NULL,NULL,NULL,NULL,0),(1615015619655,1615015619400,'14',NULL,NULL,NULL,'','','',NULL,NULL,NULL,NULL,0),(1615015619673,1615015619400,'15',NULL,NULL,NULL,'','','',NULL,NULL,NULL,NULL,0),(1615015619693,1615015619400,'16',NULL,NULL,NULL,'','','',NULL,NULL,NULL,NULL,0),(1615015619712,1615015619400,'17',NULL,NULL,NULL,'','','',NULL,NULL,NULL,NULL,0),(1615015619732,1615015619400,'18',NULL,NULL,NULL,'','','',NULL,NULL,NULL,NULL,0),(1615015619816,1615015619815,'1',NULL,NULL,NULL,'','','',NULL,NULL,NULL,NULL,0),(1615015619836,1615015619815,'2',NULL,NULL,NULL,'','','',NULL,NULL,NULL,NULL,0),(1615015619854,1615015619815,'3',NULL,NULL,NULL,'','','',NULL,NULL,NULL,NULL,0),(1615015619872,1615015619815,'4',NULL,NULL,NULL,'','','',NULL,NULL,NULL,NULL,0),(1615015619890,1615015619815,'5',NULL,NULL,NULL,'','','',NULL,NULL,NULL,NULL,0),(1615015619907,1615015619815,'6',NULL,NULL,NULL,'','','',NULL,NULL,NULL,NULL,0),(1615015619925,1615015619815,'7',NULL,NULL,NULL,'','','',NULL,NULL,NULL,NULL,0),(1615015619943,1615015619815,'8',NULL,NULL,NULL,'','','',NULL,NULL,NULL,NULL,0),(1615015619962,1615015619815,'9',NULL,NULL,NULL,'','','',NULL,NULL,NULL,NULL,0),(1615015619981,1615015619815,'10',NULL,NULL,NULL,'','','',NULL,NULL,NULL,NULL,0),(1615015619998,1615015619815,'11',NULL,NULL,NULL,'','','',NULL,NULL,NULL,NULL,0),(1615015620019,1615015619815,'12',NULL,NULL,NULL,'','','',NULL,NULL,NULL,NULL,0),(1615015620039,1615015619815,'13',NULL,NULL,NULL,'','','',NULL,NULL,NULL,NULL,0),(1615015620057,1615015619815,'14',NULL,NULL,NULL,'','','',NULL,NULL,NULL,NULL,0),(1615015620075,1615015619815,'15',NULL,NULL,NULL,'','','',NULL,NULL,NULL,NULL,0),(1615015620096,1615015619815,'16',NULL,NULL,NULL,'','','',NULL,NULL,NULL,NULL,0),(1615015620114,1615015619815,'17',NULL,NULL,NULL,'','','',NULL,NULL,NULL,NULL,0),(1615015620132,1615015619815,'18',NULL,NULL,NULL,'','','',NULL,NULL,NULL,NULL,0),(1615015620220,1615015620218,'1',NULL,NULL,NULL,'','','',NULL,NULL,NULL,NULL,0),(1615015620238,1615015620218,'2',NULL,NULL,NULL,'','','',NULL,NULL,NULL,NULL,0),(1615015620263,1615015620218,'3',NULL,NULL,NULL,'','','',NULL,NULL,NULL,NULL,0),(1615015620287,1615015620218,'4',NULL,NULL,NULL,'','','',NULL,NULL,NULL,NULL,0),(1615015620305,1615015620218,'5',NULL,NULL,NULL,'','','',NULL,NULL,NULL,NULL,0),(1615015620324,1615015620218,'6',NULL,NULL,NULL,'','','',NULL,NULL,NULL,NULL,0),(1615015620342,1615015620218,'7',NULL,NULL,NULL,'','','',NULL,NULL,NULL,NULL,0),(1615015620361,1615015620218,'8',NULL,NULL,NULL,'','','',NULL,NULL,NULL,NULL,0),(1615015620379,1615015620218,'9',NULL,NULL,NULL,'','','',NULL,NULL,NULL,NULL,0),(1615015620397,1615015620218,'10',NULL,NULL,NULL,'','','',NULL,NULL,NULL,NULL,0),(1615015620420,1615015620218,'11',NULL,NULL,NULL,'','','',NULL,NULL,NULL,NULL,0),(1615015620438,1615015620218,'12',NULL,NULL,NULL,'','','',NULL,NULL,NULL,NULL,0),(1615015620456,1615015620218,'13',NULL,NULL,NULL,'','','',NULL,NULL,NULL,NULL,0),(1615015620474,1615015620218,'14',NULL,NULL,NULL,'','','',NULL,NULL,NULL,NULL,0),(1615015620492,1615015620218,'15',NULL,NULL,NULL,'','','',NULL,NULL,NULL,NULL,0),(1615015620508,1615015620218,'16',NULL,NULL,NULL,'','','',NULL,NULL,NULL,NULL,0),(1615015620527,1615015620218,'17',NULL,NULL,NULL,'','','',NULL,NULL,NULL,NULL,0),(1615015620545,1615015620218,'18',NULL,NULL,NULL,'','','',NULL,NULL,NULL,NULL,0),(1615015620620,1615015620619,'1',NULL,NULL,NULL,'','','',NULL,NULL,NULL,NULL,0),(1615015620639,1615015620619,'2',NULL,NULL,NULL,'','','',NULL,NULL,NULL,NULL,0),(1615015620656,1615015620619,'3',NULL,NULL,NULL,'','','',NULL,NULL,NULL,NULL,0),(1615015620673,1615015620619,'4',NULL,NULL,NULL,'','','',NULL,NULL,NULL,NULL,0),(1615015620691,1615015620619,'5',NULL,NULL,NULL,'','','',NULL,NULL,NULL,NULL,0),(1615015620716,1615015620619,'6',NULL,NULL,NULL,'','','',NULL,NULL,NULL,NULL,0),(1615015620734,1615015620619,'7',NULL,NULL,NULL,'','','',NULL,NULL,NULL,NULL,0),(1615015620753,1615015620619,'8',NULL,NULL,NULL,'','','',NULL,NULL,NULL,NULL,0),(1615015620769,1615015620619,'9',NULL,NULL,NULL,'','','',NULL,NULL,NULL,NULL,0),(1615015620790,1615015620619,'10',NULL,NULL,NULL,'','','',NULL,NULL,NULL,NULL,0),(1615015620808,1615015620619,'11',NULL,NULL,NULL,'','','',NULL,NULL,NULL,NULL,0),(1615015620826,1615015620619,'12',NULL,NULL,NULL,'','','',NULL,NULL,NULL,NULL,0),(1615015620844,1615015620619,'13',NULL,NULL,NULL,'','','',NULL,NULL,NULL,NULL,0),(1615015620863,1615015620619,'14',NULL,NULL,NULL,'','','',NULL,NULL,NULL,NULL,0),(1615015620881,1615015620619,'15',NULL,NULL,NULL,'','','',NULL,NULL,NULL,NULL,0),(1615015620899,1615015620619,'16',NULL,NULL,NULL,'','','',NULL,NULL,NULL,NULL,0),(1615015620918,1615015620619,'17',NULL,NULL,NULL,'','','',NULL,NULL,NULL,NULL,0),(1615015620937,1615015620619,'18',NULL,NULL,NULL,'','','',NULL,NULL,NULL,NULL,0),(1615015621014,1615015621012,'1',NULL,NULL,NULL,'','','',NULL,NULL,NULL,NULL,0),(1615015621032,1615015621012,'2',NULL,NULL,NULL,'','','',NULL,NULL,NULL,NULL,0),(1615015621050,1615015621012,'3',NULL,NULL,NULL,'','','',NULL,NULL,NULL,NULL,0),(1615015621068,1615015621012,'4',NULL,NULL,NULL,'','','',NULL,NULL,NULL,NULL,0),(1615015621086,1615015621012,'5',NULL,NULL,NULL,'','','',NULL,NULL,NULL,NULL,0),(1615015621104,1615015621012,'6',NULL,NULL,NULL,'','','',NULL,NULL,NULL,NULL,0),(1615015621122,1615015621012,'7',NULL,NULL,NULL,'','','',NULL,NULL,NULL,NULL,0),(1615015621140,1615015621012,'8',NULL,NULL,NULL,'','','',NULL,NULL,NULL,NULL,0),(1615015621158,1615015621012,'9',NULL,NULL,NULL,'','','',NULL,NULL,NULL,NULL,0),(1615015621178,1615015621012,'10',NULL,NULL,NULL,'','','',NULL,NULL,NULL,NULL,0),(1615015621196,1615015621012,'11',NULL,NULL,NULL,'','','',NULL,NULL,NULL,NULL,0),(1615015621218,1615015621012,'12',NULL,NULL,NULL,'','','',NULL,NULL,NULL,NULL,0),(1615015621236,1615015621012,'13',NULL,NULL,NULL,'','','',NULL,NULL,NULL,NULL,0),(1615015621254,1615015621012,'14',NULL,NULL,NULL,'','','',NULL,NULL,NULL,NULL,0),(1615015621272,1615015621012,'15',NULL,NULL,NULL,'','','',NULL,NULL,NULL,NULL,0),(1615015621291,1615015621012,'16',NULL,NULL,NULL,'','','',NULL,NULL,NULL,NULL,0),(1615015621310,1615015621012,'17',NULL,NULL,NULL,'','','',NULL,NULL,NULL,NULL,0),(1615015621331,1615015621012,'18',NULL,NULL,NULL,'','','',NULL,NULL,NULL,NULL,0),(1615015621413,1615015621412,'1',NULL,NULL,NULL,'','','',NULL,NULL,NULL,NULL,0),(1615015621436,1615015621412,'2',NULL,NULL,NULL,'','','',NULL,NULL,NULL,NULL,0),(1615015621451,1615015621412,'3',NULL,NULL,NULL,'','','',NULL,NULL,NULL,NULL,0),(1615015621469,1615015621412,'4',NULL,NULL,NULL,'','','',NULL,NULL,NULL,NULL,0),(1615015621487,1615015621412,'5',NULL,NULL,NULL,'','','',NULL,NULL,NULL,NULL,0),(1615015621507,1615015621412,'6',NULL,NULL,NULL,'','','',NULL,NULL,NULL,NULL,0),(1615015621525,1615015621412,'7',NULL,NULL,NULL,'','','',NULL,NULL,NULL,NULL,0),(1615015621545,1615015621412,'8',NULL,NULL,NULL,'','','',NULL,NULL,NULL,NULL,0),(1615015621564,1615015621412,'9',NULL,NULL,NULL,'','','',NULL,NULL,NULL,NULL,0),(1615015621582,1615015621412,'10',NULL,NULL,NULL,'','','',NULL,NULL,NULL,NULL,0),(1615015621600,1615015621412,'11',NULL,NULL,NULL,'','','',NULL,NULL,NULL,NULL,0),(1615015621618,1615015621412,'12',NULL,NULL,NULL,'','','',NULL,NULL,NULL,NULL,0),(1615015621636,1615015621412,'13',NULL,NULL,NULL,'','','',NULL,NULL,NULL,NULL,0),(1615015621653,1615015621412,'14',NULL,NULL,NULL,'','','',NULL,NULL,NULL,NULL,0),(1615015621671,1615015621412,'15',NULL,NULL,NULL,'','','',NULL,NULL,NULL,NULL,0),(1615015621700,1615015621412,'16',NULL,NULL,NULL,'','','',NULL,NULL,NULL,NULL,0),(1615015621718,1615015621412,'17',NULL,NULL,NULL,'','','',NULL,NULL,NULL,NULL,0),(1615015621736,1615015621412,'18',NULL,NULL,NULL,'','','',NULL,NULL,NULL,NULL,0),(1615015621819,1615015621817,'1',NULL,NULL,NULL,'','','',NULL,NULL,NULL,NULL,0),(1615015621837,1615015621817,'2',NULL,NULL,NULL,'','','',NULL,NULL,NULL,NULL,0),(1615015621855,1615015621817,'3',NULL,NULL,NULL,'','','',NULL,NULL,NULL,NULL,0),(1615015621871,1615015621817,'4',NULL,NULL,NULL,'','','',NULL,NULL,NULL,NULL,0),(1615015621890,1615015621817,'5',NULL,NULL,NULL,'','','',NULL,NULL,NULL,NULL,0),(1615015621908,1615015621817,'6',NULL,NULL,NULL,'','','',NULL,NULL,NULL,NULL,0),(1615015621926,1615015621817,'7',NULL,NULL,NULL,'','','',NULL,NULL,NULL,NULL,0),(1615015621944,1615015621817,'8',NULL,NULL,NULL,'','','',NULL,NULL,NULL,NULL,0),(1615015621963,1615015621817,'9',NULL,NULL,NULL,'','','',NULL,NULL,NULL,NULL,0),(1615015621981,1615015621817,'10',NULL,NULL,NULL,'','','',NULL,NULL,NULL,NULL,0),(1615015621999,1615015621817,'11',NULL,NULL,NULL,'','','',NULL,NULL,NULL,NULL,0),(1615015622016,1615015621817,'12',NULL,NULL,NULL,'','','',NULL,NULL,NULL,NULL,0),(1615015622033,1615015621817,'13',NULL,NULL,NULL,'','','',NULL,NULL,NULL,NULL,0),(1615015622050,1615015621817,'14',NULL,NULL,NULL,'','','',NULL,NULL,NULL,NULL,0),(1615015622068,1615015621817,'15',NULL,NULL,NULL,'','','',NULL,NULL,NULL,NULL,0),(1615015622085,1615015621817,'16',NULL,NULL,NULL,'','','',NULL,NULL,NULL,NULL,0),(1615015622102,1615015621817,'17',NULL,NULL,NULL,'','','',NULL,NULL,NULL,NULL,0),(1615015622120,1615015621817,'18',NULL,NULL,NULL,'','','',NULL,NULL,NULL,NULL,0),(1615015622203,1615015622201,'1',NULL,NULL,NULL,'','','',NULL,NULL,NULL,NULL,0),(1615015622222,1615015622201,'2',NULL,NULL,NULL,'','','',NULL,NULL,NULL,NULL,0),(1615015622241,1615015622201,'3',NULL,NULL,NULL,'','','',NULL,NULL,NULL,NULL,0),(1615015622259,1615015622201,'4',NULL,NULL,NULL,'','','',NULL,NULL,NULL,NULL,0),(1615015622275,1615015622201,'5',NULL,NULL,NULL,'','','',NULL,NULL,NULL,NULL,0),(1615015622304,1615015622201,'6',NULL,NULL,NULL,'','','',NULL,NULL,NULL,NULL,0),(1615015622323,1615015622201,'7',NULL,NULL,NULL,'','','',NULL,NULL,NULL,NULL,0),(1615015622341,1615015622201,'8',NULL,NULL,NULL,'','','',NULL,NULL,NULL,NULL,0),(1615015622358,1615015622201,'9',NULL,NULL,NULL,'','','',NULL,NULL,NULL,NULL,0),(1615015622376,1615015622201,'10',NULL,NULL,NULL,'','','',NULL,NULL,NULL,NULL,0),(1615015622393,1615015622201,'11',NULL,NULL,NULL,'','','',NULL,NULL,NULL,NULL,0),(1615015622410,1615015622201,'12',NULL,NULL,NULL,'','','',NULL,NULL,NULL,NULL,0),(1615015622427,1615015622201,'13',NULL,NULL,NULL,'','','',NULL,NULL,NULL,NULL,0),(1615015622443,1615015622201,'14',NULL,NULL,NULL,'','','',NULL,NULL,NULL,NULL,0),(1615015622461,1615015622201,'15',NULL,NULL,NULL,'','','',NULL,NULL,NULL,NULL,0),(1615015622479,1615015622201,'16',NULL,NULL,NULL,'','','',NULL,NULL,NULL,NULL,0),(1615015622496,1615015622201,'17',NULL,NULL,NULL,'','','',NULL,NULL,NULL,NULL,0),(1615015622514,1615015622201,'18',NULL,NULL,NULL,'','','',NULL,NULL,NULL,NULL,0),(1615015622597,1615015622595,'1',NULL,NULL,NULL,'','','',NULL,NULL,NULL,NULL,0),(1615015622616,1615015622595,'2',NULL,NULL,NULL,'','','',NULL,NULL,NULL,NULL,0),(1615015622634,1615015622595,'3',NULL,NULL,NULL,'','','',NULL,NULL,NULL,NULL,0),(1615015622652,1615015622595,'4',NULL,NULL,NULL,'','','',NULL,NULL,NULL,NULL,0),(1615015622669,1615015622595,'5',NULL,NULL,NULL,'','','',NULL,NULL,NULL,NULL,0),(1615015622688,1615015622595,'6',NULL,NULL,NULL,'','','',NULL,NULL,NULL,NULL,0),(1615015622706,1615015622595,'7',NULL,NULL,NULL,'','','',NULL,NULL,NULL,NULL,0),(1615015622725,1615015622595,'8',NULL,NULL,NULL,'','','',NULL,NULL,NULL,NULL,0),(1615015622743,1615015622595,'9',NULL,NULL,NULL,'','','',NULL,NULL,NULL,NULL,0),(1615015622761,1615015622595,'10',NULL,NULL,NULL,'','','',NULL,NULL,NULL,NULL,0),(1615015622779,1615015622595,'11',NULL,NULL,NULL,'','','',NULL,NULL,NULL,NULL,0),(1615015622797,1615015622595,'12',NULL,NULL,NULL,'','','',NULL,NULL,NULL,NULL,0),(1615015622814,1615015622595,'13',NULL,NULL,NULL,'','','',NULL,NULL,NULL,NULL,0),(1615015622830,1615015622595,'14',NULL,NULL,NULL,'','','',NULL,NULL,NULL,NULL,0),(1615015622849,1615015622595,'15',NULL,NULL,NULL,'','','',NULL,NULL,NULL,NULL,0),(1615015622865,1615015622595,'16',NULL,NULL,NULL,'','','',NULL,NULL,NULL,NULL,0),(1615015622883,1615015622595,'17',NULL,NULL,NULL,'','','',NULL,NULL,NULL,NULL,0),(1615015622899,1615015622595,'18',NULL,NULL,NULL,'','','',NULL,NULL,NULL,NULL,0),(1615015622968,1615015622967,'1',NULL,NULL,NULL,'','','',NULL,NULL,NULL,NULL,0),(1615015622982,1615015622967,'2',NULL,NULL,NULL,'','','',NULL,NULL,NULL,NULL,0),(1615015622998,1615015622967,'3',NULL,NULL,NULL,'','','',NULL,NULL,NULL,NULL,0),(1615015623013,1615015622967,'4',NULL,NULL,NULL,'','','',NULL,NULL,NULL,NULL,0),(1615015623030,1615015622967,'5',NULL,NULL,NULL,'','','',NULL,NULL,NULL,NULL,0),(1615015623046,1615015622967,'6',NULL,NULL,NULL,'','','',NULL,NULL,NULL,NULL,0),(1615015623062,1615015622967,'7',NULL,NULL,NULL,'','','',NULL,NULL,NULL,NULL,0),(1615015623077,1615015622967,'8',NULL,NULL,NULL,'','','',NULL,NULL,NULL,NULL,0),(1615015623093,1615015622967,'9',NULL,NULL,NULL,'','','',NULL,NULL,NULL,NULL,0),(1615015623109,1615015622967,'10',NULL,NULL,NULL,'','','',NULL,NULL,NULL,NULL,0),(1615015623125,1615015622967,'11',NULL,NULL,NULL,'','','',NULL,NULL,NULL,NULL,0),(1615015623141,1615015622967,'12',NULL,NULL,NULL,'','','',NULL,NULL,NULL,NULL,0),(1615015623156,1615015622967,'13',NULL,NULL,NULL,'','','',NULL,NULL,NULL,NULL,0),(1615015623171,1615015622967,'14',NULL,NULL,NULL,'','','',NULL,NULL,NULL,NULL,0),(1615015623187,1615015622967,'15',NULL,NULL,NULL,'','','',NULL,NULL,NULL,NULL,0),(1615015623202,1615015622967,'16',NULL,NULL,NULL,'','','',NULL,NULL,NULL,NULL,0),(1615015623217,1615015622967,'17',NULL,NULL,NULL,'','','',NULL,NULL,NULL,NULL,0),(1615015623233,1615015622967,'18',NULL,NULL,NULL,'','','',NULL,NULL,NULL,NULL,0),(1615015623313,1615015623312,'1',NULL,NULL,NULL,'','','',NULL,NULL,NULL,NULL,0),(1615015623327,1615015623312,'2',NULL,NULL,NULL,'','','',NULL,NULL,NULL,NULL,0),(1615015623343,1615015623312,'3',NULL,NULL,NULL,'','','',NULL,NULL,NULL,NULL,0),(1615015623358,1615015623312,'4',NULL,NULL,NULL,'','','',NULL,NULL,NULL,NULL,0),(1615015623373,1615015623312,'5',NULL,NULL,NULL,'','','',NULL,NULL,NULL,NULL,0),(1615015623389,1615015623312,'6',NULL,NULL,NULL,'','','',NULL,NULL,NULL,NULL,0),(1615015623404,1615015623312,'7',NULL,NULL,NULL,'','','',NULL,NULL,NULL,NULL,0),(1615015623419,1615015623312,'8',NULL,NULL,NULL,'','','',NULL,NULL,NULL,NULL,0),(1615015623435,1615015623312,'9',NULL,NULL,NULL,'','','',NULL,NULL,NULL,NULL,0),(1615015623451,1615015623312,'10',NULL,NULL,NULL,'','','',NULL,NULL,NULL,NULL,0),(1615015623467,1615015623312,'11',NULL,NULL,NULL,'','','',NULL,NULL,NULL,NULL,0),(1615015623482,1615015623312,'12',NULL,NULL,NULL,'','','',NULL,NULL,NULL,NULL,0),(1615015623498,1615015623312,'13',NULL,NULL,NULL,'','','',NULL,NULL,NULL,NULL,0),(1615015623514,1615015623312,'14',NULL,NULL,NULL,'','','',NULL,NULL,NULL,NULL,0),(1615015623529,1615015623312,'15',NULL,NULL,NULL,'','','',NULL,NULL,NULL,NULL,0),(1615015623545,1615015623312,'16',NULL,NULL,NULL,'','','',NULL,NULL,NULL,NULL,0),(1615015623561,1615015623312,'17',NULL,NULL,NULL,'','','',NULL,NULL,NULL,NULL,0),(1615015623576,1615015623312,'18',NULL,NULL,NULL,'','','',NULL,NULL,NULL,NULL,0),(1615015623655,1615015623654,'1',NULL,NULL,NULL,'','','',NULL,NULL,NULL,NULL,0),(1615015623670,1615015623654,'2',NULL,NULL,NULL,'','','',NULL,NULL,NULL,NULL,0),(1615015623685,1615015623654,'3',NULL,NULL,NULL,'','','',NULL,NULL,NULL,NULL,0),(1615015623701,1615015623654,'4',NULL,NULL,NULL,'','','',NULL,NULL,NULL,NULL,0),(1615015623716,1615015623654,'5',NULL,NULL,NULL,'','','',NULL,NULL,NULL,NULL,0),(1615015623732,1615015623654,'6',NULL,NULL,NULL,'','','',NULL,NULL,NULL,NULL,0),(1615015623748,1615015623654,'7',NULL,NULL,NULL,'','','',NULL,NULL,NULL,NULL,0),(1615015623764,1615015623654,'8',NULL,NULL,NULL,'','','',NULL,NULL,NULL,NULL,0),(1615015623779,1615015623654,'9',NULL,NULL,NULL,'','','',NULL,NULL,NULL,NULL,0),(1615015623795,1615015623654,'10',NULL,NULL,NULL,'','','',NULL,NULL,NULL,NULL,0),(1615015623810,1615015623654,'11',NULL,NULL,NULL,'','','',NULL,NULL,NULL,NULL,0),(1615015623826,1615015623654,'12',NULL,NULL,NULL,'','','',NULL,NULL,NULL,NULL,0),(1615015623842,1615015623654,'13',NULL,NULL,NULL,'','','',NULL,NULL,NULL,NULL,0),(1615015623857,1615015623654,'14',NULL,NULL,NULL,'','','',NULL,NULL,NULL,NULL,0),(1615015623873,1615015623654,'15',NULL,NULL,NULL,'','','',NULL,NULL,NULL,NULL,0),(1615015623888,1615015623654,'16',NULL,NULL,NULL,'','','',NULL,NULL,NULL,NULL,0),(1615015623903,1615015623654,'17',NULL,NULL,NULL,'','','',NULL,NULL,NULL,NULL,0),(1615015623919,1615015623654,'18',NULL,NULL,NULL,'','','',NULL,NULL,NULL,NULL,0),(1615015623999,1615015623998,'1',NULL,NULL,NULL,'','','',NULL,NULL,NULL,NULL,0),(1615015624013,1615015623998,'2',NULL,NULL,NULL,'','','',NULL,NULL,NULL,NULL,0),(1615015624029,1615015623998,'3',NULL,NULL,NULL,'','','',NULL,NULL,NULL,NULL,0),(1615015624045,1615015623998,'4',NULL,NULL,NULL,'','','',NULL,NULL,NULL,NULL,0),(1615015624060,1615015623998,'5',NULL,NULL,NULL,'','','',NULL,NULL,NULL,NULL,0),(1615015624076,1615015623998,'6',NULL,NULL,NULL,'','','',NULL,NULL,NULL,NULL,0),(1615015624092,1615015623998,'7',NULL,NULL,NULL,'','','',NULL,NULL,NULL,NULL,0),(1615015624108,1615015623998,'8',NULL,NULL,NULL,'','','',NULL,NULL,NULL,NULL,0),(1615015624123,1615015623998,'9',NULL,NULL,NULL,'','','',NULL,NULL,NULL,NULL,0),(1615015624139,1615015623998,'10',NULL,NULL,NULL,'','','',NULL,NULL,NULL,NULL,0),(1615015624154,1615015623998,'11',NULL,NULL,NULL,'','','',NULL,NULL,NULL,NULL,0),(1615015624169,1615015623998,'12',NULL,NULL,NULL,'','','',NULL,NULL,NULL,NULL,0),(1615015624185,1615015623998,'13',NULL,NULL,NULL,'','','',NULL,NULL,NULL,NULL,0),(1615015624201,1615015623998,'14',NULL,NULL,NULL,'','','',NULL,NULL,NULL,NULL,0),(1615015624221,1615015623998,'15',NULL,NULL,NULL,'','','',NULL,NULL,NULL,NULL,0),(1615015624237,1615015623998,'16',NULL,NULL,NULL,'','','',NULL,NULL,NULL,NULL,0),(1615015624253,1615015623998,'17',NULL,NULL,NULL,'','','',NULL,NULL,NULL,NULL,0),(1615015624269,1615015623998,'18',NULL,NULL,NULL,'','','',NULL,NULL,NULL,NULL,0),(1615015624348,1615015624347,'1',NULL,NULL,NULL,'','','',NULL,NULL,NULL,NULL,0),(1615015624363,1615015624347,'2',NULL,NULL,NULL,'','','',NULL,NULL,NULL,NULL,0),(1615015624378,1615015624347,'3',NULL,NULL,NULL,'','','',NULL,NULL,NULL,NULL,0),(1615015624394,1615015624347,'4',NULL,NULL,NULL,'','','',NULL,NULL,NULL,NULL,0),(1615015624409,1615015624347,'5',NULL,NULL,NULL,'','','',NULL,NULL,NULL,NULL,0),(1615015624425,1615015624347,'6',NULL,NULL,NULL,'','','',NULL,NULL,NULL,NULL,0),(1615015624440,1615015624347,'7',NULL,NULL,NULL,'','','',NULL,NULL,NULL,NULL,0),(1615015624455,1615015624347,'8',NULL,NULL,NULL,'','','',NULL,NULL,NULL,NULL,0),(1615015624471,1615015624347,'9',NULL,NULL,NULL,'','','',NULL,NULL,NULL,NULL,0),(1615015624486,1615015624347,'10',NULL,NULL,NULL,'','','',NULL,NULL,NULL,NULL,0),(1615015624502,1615015624347,'11',NULL,NULL,NULL,'','','',NULL,NULL,NULL,NULL,0),(1615015624518,1615015624347,'12',NULL,NULL,NULL,'','','',NULL,NULL,NULL,NULL,0),(1615015624533,1615015624347,'13',NULL,NULL,NULL,'','','',NULL,NULL,NULL,NULL,0),(1615015624549,1615015624347,'14',NULL,NULL,NULL,'','','',NULL,NULL,NULL,NULL,0),(1615015624565,1615015624347,'15',NULL,NULL,NULL,'','','',NULL,NULL,NULL,NULL,0),(1615015624580,1615015624347,'16',NULL,NULL,NULL,'','','',NULL,NULL,NULL,NULL,0),(1615015624596,1615015624347,'17',NULL,NULL,NULL,'','','',NULL,NULL,NULL,NULL,0),(1615015624611,1615015624347,'18',NULL,NULL,NULL,'','','',NULL,NULL,NULL,NULL,0),(1615015624694,1615015624693,'1',NULL,NULL,NULL,'','','',NULL,NULL,NULL,NULL,0),(1615015624708,1615015624693,'2',NULL,NULL,NULL,'','','',NULL,NULL,NULL,NULL,0),(1615015624724,1615015624693,'3',NULL,NULL,NULL,'','','',NULL,NULL,NULL,NULL,0),(1615015624739,1615015624693,'4',NULL,NULL,NULL,'','','',NULL,NULL,NULL,NULL,0),(1615015624755,1615015624693,'5',NULL,NULL,NULL,'','','',NULL,NULL,NULL,NULL,0),(1615015624771,1615015624693,'6',NULL,NULL,NULL,'','','',NULL,NULL,NULL,NULL,0),(1615015624787,1615015624693,'7',NULL,NULL,NULL,'','','',NULL,NULL,NULL,NULL,0),(1615015624802,1615015624693,'8',NULL,NULL,NULL,'','','',NULL,NULL,NULL,NULL,0),(1615015624817,1615015624693,'9',NULL,NULL,NULL,'','','',NULL,NULL,NULL,NULL,0),(1615015624832,1615015624693,'10',NULL,NULL,NULL,'','','',NULL,NULL,NULL,NULL,0),(1615015624848,1615015624693,'11',NULL,NULL,NULL,'','','',NULL,NULL,NULL,NULL,0),(1615015624864,1615015624693,'12',NULL,NULL,NULL,'','','',NULL,NULL,NULL,NULL,0),(1615015624879,1615015624693,'13',NULL,NULL,NULL,'','','',NULL,NULL,NULL,NULL,0),(1615015624895,1615015624693,'14',NULL,NULL,NULL,'','','',NULL,NULL,NULL,NULL,0),(1615015624911,1615015624693,'15',NULL,NULL,NULL,'','','',NULL,NULL,NULL,NULL,0),(1615015624927,1615015624693,'16',NULL,NULL,NULL,'','','',NULL,NULL,NULL,NULL,0),(1615015624943,1615015624693,'17',NULL,NULL,NULL,'','','',NULL,NULL,NULL,NULL,0),(1615015624959,1615015624693,'18',NULL,NULL,NULL,'','','',NULL,NULL,NULL,NULL,0),(1615015625036,1615015625036,'1',NULL,NULL,NULL,'','','',NULL,NULL,NULL,NULL,0),(1615015625052,1615015625036,'2',NULL,NULL,NULL,'','','',NULL,NULL,NULL,NULL,0),(1615015625067,1615015625036,'3',NULL,NULL,NULL,'','','',NULL,NULL,NULL,NULL,0),(1615015625083,1615015625036,'4',NULL,NULL,NULL,'','','',NULL,NULL,NULL,NULL,0),(1615015625098,1615015625036,'5',NULL,NULL,NULL,'','','',NULL,NULL,NULL,NULL,0),(1615015625114,1615015625036,'6',NULL,NULL,NULL,'','','',NULL,NULL,NULL,NULL,0),(1615015625129,1615015625036,'7',NULL,NULL,NULL,'','','',NULL,NULL,NULL,NULL,0),(1615015625145,1615015625036,'8',NULL,NULL,NULL,'','','',NULL,NULL,NULL,NULL,0),(1615015625161,1615015625036,'9',NULL,NULL,NULL,'','','',NULL,NULL,NULL,NULL,0),(1615015625176,1615015625036,'10',NULL,NULL,NULL,'','','',NULL,NULL,NULL,NULL,0),(1615015625192,1615015625036,'11',NULL,NULL,NULL,'','','',NULL,NULL,NULL,NULL,0),(1615015625208,1615015625036,'12',NULL,NULL,NULL,'','','',NULL,NULL,NULL,NULL,0),(1615015625224,1615015625036,'13',NULL,NULL,NULL,'','','',NULL,NULL,NULL,NULL,0),(1615015625240,1615015625036,'14',NULL,NULL,NULL,'','','',NULL,NULL,NULL,NULL,0),(1615015625255,1615015625036,'15',NULL,NULL,NULL,'','','',NULL,NULL,NULL,NULL,0),(1615015625271,1615015625036,'16',NULL,NULL,NULL,'','','',NULL,NULL,NULL,NULL,0),(1615015625287,1615015625036,'17',NULL,NULL,NULL,'','','',NULL,NULL,NULL,NULL,0),(1615015625302,1615015625036,'18',NULL,NULL,NULL,'','','',NULL,NULL,NULL,NULL,0),(1615015625380,1615015625379,'1',NULL,NULL,NULL,'','','',NULL,NULL,NULL,NULL,0),(1615015625395,1615015625379,'2',NULL,NULL,NULL,'','','',NULL,NULL,NULL,NULL,0),(1615015625411,1615015625379,'3',NULL,NULL,NULL,'','','',NULL,NULL,NULL,NULL,0),(1615015625427,1615015625379,'4',NULL,NULL,NULL,'','','',NULL,NULL,NULL,NULL,0),(1615015625442,1615015625379,'5',NULL,NULL,NULL,'','','',NULL,NULL,NULL,NULL,0),(1615015625458,1615015625379,'6',NULL,NULL,NULL,'','','',NULL,NULL,NULL,NULL,0),(1615015625473,1615015625379,'7',NULL,NULL,NULL,'','','',NULL,NULL,NULL,NULL,0),(1615015625489,1615015625379,'8',NULL,NULL,NULL,'','','',NULL,NULL,NULL,NULL,0),(1615015625505,1615015625379,'9',NULL,NULL,NULL,'','','',NULL,NULL,NULL,NULL,0),(1615015625521,1615015625379,'10',NULL,NULL,NULL,'','','',NULL,NULL,NULL,NULL,0),(1615015625536,1615015625379,'11',NULL,NULL,NULL,'','','',NULL,NULL,NULL,NULL,0),(1615015625552,1615015625379,'12',NULL,NULL,NULL,'','','',NULL,NULL,NULL,NULL,0),(1615015625567,1615015625379,'13',NULL,NULL,NULL,'','','',NULL,NULL,NULL,NULL,0),(1615015625582,1615015625379,'14',NULL,NULL,NULL,'','','',NULL,NULL,NULL,NULL,0),(1615015625598,1615015625379,'15',NULL,NULL,NULL,'','','',NULL,NULL,NULL,NULL,0),(1615015625613,1615015625379,'16',NULL,NULL,NULL,'','','',NULL,NULL,NULL,NULL,0),(1615015625629,1615015625379,'17',NULL,NULL,NULL,'','','',NULL,NULL,NULL,NULL,0),(1615015625644,1615015625379,'18',NULL,NULL,NULL,'','','',NULL,NULL,NULL,NULL,0),(1615015625723,1615015625722,'1',NULL,NULL,NULL,'','','',NULL,NULL,NULL,NULL,0),(1615015625738,1615015625722,'2',NULL,NULL,NULL,'','','',NULL,NULL,NULL,NULL,0),(1615015625754,1615015625722,'3',NULL,NULL,NULL,'','','',NULL,NULL,NULL,NULL,0),(1615015625769,1615015625722,'4',NULL,NULL,NULL,'','','',NULL,NULL,NULL,NULL,0),(1615015625785,1615015625722,'5',NULL,NULL,NULL,'','','',NULL,NULL,NULL,NULL,0),(1615015625801,1615015625722,'6',NULL,NULL,NULL,'','','',NULL,NULL,NULL,NULL,0),(1615015625817,1615015625722,'7',NULL,NULL,NULL,'','','',NULL,NULL,NULL,NULL,0),(1615015625833,1615015625722,'8',NULL,NULL,NULL,'','','',NULL,NULL,NULL,NULL,0),(1615015625848,1615015625722,'9',NULL,NULL,NULL,'','','',NULL,NULL,NULL,NULL,0),(1615015625864,1615015625722,'10',NULL,NULL,NULL,'','','',NULL,NULL,NULL,NULL,0),(1615015625880,1615015625722,'11',NULL,NULL,NULL,'','','',NULL,NULL,NULL,NULL,0),(1615015625896,1615015625722,'12',NULL,NULL,NULL,'','','',NULL,NULL,NULL,NULL,0),(1615015625911,1615015625722,'13',NULL,NULL,NULL,'','','',NULL,NULL,NULL,NULL,0),(1615015625927,1615015625722,'14',NULL,NULL,NULL,'','','',NULL,NULL,NULL,NULL,0),(1615015625943,1615015625722,'15',NULL,NULL,NULL,'','','',NULL,NULL,NULL,NULL,0),(1615015625964,1615015625722,'16',NULL,NULL,NULL,'','','',NULL,NULL,NULL,NULL,0),(1615015625985,1615015625722,'17',NULL,NULL,NULL,'','','',NULL,NULL,NULL,NULL,0),(1615015626005,1615015625722,'18',NULL,NULL,NULL,'','','',NULL,NULL,NULL,NULL,0),(1615015626097,1615015626092,'1',NULL,NULL,NULL,'','','',NULL,NULL,NULL,NULL,0),(1615015626118,1615015626092,'2',NULL,NULL,NULL,'','','',NULL,NULL,NULL,NULL,0),(1615015626148,1615015626092,'3',NULL,NULL,NULL,'','','',NULL,NULL,NULL,NULL,0),(1615015626169,1615015626092,'4',NULL,NULL,NULL,'','','',NULL,NULL,NULL,NULL,0),(1615015626190,1615015626092,'5',NULL,NULL,NULL,'','','',NULL,NULL,NULL,NULL,0),(1615015626210,1615015626092,'6',NULL,NULL,NULL,'','','',NULL,NULL,NULL,NULL,0),(1615015626237,1615015626092,'7',NULL,NULL,NULL,'','','',NULL,NULL,NULL,NULL,0),(1615015626257,1615015626092,'8',NULL,NULL,NULL,'','','',NULL,NULL,NULL,NULL,0),(1615015626278,1615015626092,'9',NULL,NULL,NULL,'','','',NULL,NULL,NULL,NULL,0),(1615015626297,1615015626092,'10','5',NULL,'','','','',NULL,NULL,NULL,NULL,2),(1615015626318,1615015626092,'11','4',NULL,'','','','',NULL,NULL,NULL,NULL,2),(1615015626338,1615015626092,'12','3',NULL,'','','','',NULL,NULL,NULL,NULL,2),(1615015626358,1615015626092,'13','4',NULL,'','','','',NULL,NULL,NULL,NULL,2),(1615015626379,1615015626092,'14','3',NULL,'','','','',NULL,NULL,NULL,NULL,2),(1615015626400,1615015626092,'15','4',NULL,'','','','',NULL,NULL,NULL,NULL,2),(1615015626419,1615015626092,'16','3',NULL,'','','','',NULL,NULL,NULL,NULL,2),(1615015626440,1615015626092,'17',NULL,NULL,NULL,'','','',NULL,NULL,NULL,NULL,0),(1615015626461,1615015626092,'18',NULL,NULL,NULL,'','','',NULL,NULL,NULL,NULL,0),(1615015626545,1615015626540,'1',NULL,NULL,NULL,'','','',NULL,NULL,NULL,NULL,0),(1615015626567,1615015626540,'2',NULL,NULL,NULL,'','','',NULL,NULL,NULL,NULL,0),(1615015626586,1615015626540,'3',NULL,NULL,NULL,'','','',NULL,NULL,NULL,NULL,0),(1615015626605,1615015626540,'4',NULL,NULL,NULL,'','','',NULL,NULL,NULL,NULL,0),(1615015626624,1615015626540,'5',NULL,NULL,NULL,'','','',NULL,NULL,NULL,NULL,0),(1615015626644,1615015626540,'6',NULL,NULL,NULL,'','','',NULL,NULL,NULL,NULL,0),(1615015626665,1615015626540,'7',NULL,NULL,NULL,'','','',NULL,NULL,NULL,NULL,0),(1615015626684,1615015626540,'8',NULL,NULL,NULL,'','','',NULL,NULL,NULL,NULL,0),(1615015626705,1615015626540,'9',NULL,NULL,NULL,'','','',NULL,NULL,NULL,NULL,0),(1615015626726,1615015626540,'10','4',NULL,'','','','',NULL,NULL,NULL,NULL,2),(1615015626747,1615015626540,'11','6',NULL,'','','','',NULL,NULL,NULL,NULL,2),(1615015626767,1615015626540,'12','3',NULL,'','','','',NULL,NULL,NULL,NULL,2),(1615015626788,1615015626540,'13','4',NULL,'','','','',NULL,NULL,NULL,NULL,2),(1615015626809,1615015626540,'14','3',NULL,'','','','',NULL,NULL,NULL,NULL,2),(1615015626828,1615015626540,'15','3',NULL,'','','','',NULL,NULL,NULL,NULL,2),(1615015626846,1615015626540,'16','4',NULL,'','','','',NULL,NULL,NULL,NULL,2),(1615015626866,1615015626540,'17',NULL,NULL,NULL,'','','',NULL,NULL,NULL,NULL,0),(1615015626885,1615015626540,'18',NULL,NULL,NULL,'','','',NULL,NULL,NULL,NULL,0),(1615015626976,1615015626971,'1',NULL,NULL,NULL,'','','',NULL,NULL,NULL,NULL,0),(1615015626996,1615015626971,'2',NULL,NULL,NULL,'','','',NULL,NULL,NULL,NULL,0),(1615015627017,1615015626971,'3',NULL,NULL,NULL,'','','',NULL,NULL,NULL,NULL,0),(1615015627037,1615015626971,'4',NULL,NULL,NULL,'','','',NULL,NULL,NULL,NULL,0),(1615015627057,1615015626971,'5',NULL,NULL,NULL,'','','',NULL,NULL,NULL,NULL,0),(1615015627075,1615015626971,'6',NULL,NULL,NULL,'','','',NULL,NULL,NULL,NULL,0),(1615015627096,1615015626971,'7',NULL,NULL,NULL,'','','',NULL,NULL,NULL,NULL,0),(1615015627115,1615015626971,'8',NULL,NULL,NULL,'','','',NULL,NULL,NULL,NULL,0),(1615015627136,1615015626971,'9',NULL,NULL,NULL,'','','',NULL,NULL,NULL,NULL,0),(1615015627155,1615015626971,'10','5',NULL,'','','','',NULL,NULL,NULL,NULL,2),(1615015627176,1615015626971,'11','4',NULL,'','','','',NULL,NULL,NULL,NULL,2),(1615015627196,1615015626971,'12','2',NULL,'','','','',NULL,NULL,NULL,NULL,2),(1615015627223,1615015626971,'13','4',NULL,'','','','',NULL,NULL,NULL,NULL,2),(1615015627244,1615015626971,'14','5',NULL,'','','','',NULL,NULL,NULL,NULL,2),(1615015627265,1615015626971,'15','4',NULL,'','','','',NULL,NULL,NULL,NULL,2),(1615015627283,1615015626971,'16','4',NULL,'','','','',NULL,NULL,NULL,NULL,2),(1615015627303,1615015626971,'17',NULL,NULL,NULL,'','','',NULL,NULL,NULL,NULL,0),(1615015627322,1615015626971,'18',NULL,NULL,NULL,'','','',NULL,NULL,NULL,NULL,0),(1615015627402,1615015627397,'1',NULL,NULL,NULL,'','','',NULL,NULL,NULL,NULL,0),(1615015627422,1615015627397,'2',NULL,NULL,NULL,'','','',NULL,NULL,NULL,NULL,0),(1615015627441,1615015627397,'3',NULL,NULL,NULL,'','','',NULL,NULL,NULL,NULL,0),(1615015627462,1615015627397,'4',NULL,NULL,NULL,'','','',NULL,NULL,NULL,NULL,0),(1615015627483,1615015627397,'5',NULL,NULL,NULL,'','','',NULL,NULL,NULL,NULL,0),(1615015627504,1615015627397,'6',NULL,NULL,NULL,'','','',NULL,NULL,NULL,NULL,0),(1615015627523,1615015627397,'7',NULL,NULL,NULL,'','','',NULL,NULL,NULL,NULL,0),(1615015627542,1615015627397,'8',NULL,NULL,NULL,'','','',NULL,NULL,NULL,NULL,0),(1615015627563,1615015627397,'9',NULL,NULL,NULL,'','','',NULL,NULL,NULL,NULL,0),(1615015627584,1615015627397,'10','3',NULL,'','','','',NULL,NULL,NULL,NULL,2),(1615015627605,1615015627397,'11','4',NULL,'','','','',NULL,NULL,NULL,NULL,2),(1615015627624,1615015627397,'12','3',NULL,'','','','',NULL,NULL,NULL,NULL,2),(1615015627645,1615015627397,'13','5',NULL,'','','','',NULL,NULL,NULL,NULL,2),(1615015627666,1615015627397,'14','4',NULL,'','','','',NULL,NULL,NULL,NULL,2),(1615015627687,1615015627397,'15','4',NULL,'','','','',NULL,NULL,NULL,NULL,2),(1615015627707,1615015627397,'16','2',NULL,'','','','',NULL,NULL,NULL,NULL,2),(1615015627728,1615015627397,'17',NULL,NULL,NULL,'','','',NULL,NULL,NULL,NULL,0),(1615015627748,1615015627397,'18',NULL,NULL,NULL,'','','',NULL,NULL,NULL,NULL,0),(1615015627837,1615015627831,'1',NULL,NULL,NULL,'','','',NULL,NULL,NULL,NULL,0),(1615015627857,1615015627831,'2',NULL,NULL,NULL,'','','',NULL,NULL,NULL,NULL,0),(1615015627876,1615015627831,'3',NULL,NULL,NULL,'','','',NULL,NULL,NULL,NULL,0),(1615015627901,1615015627831,'4',NULL,NULL,NULL,'','','',NULL,NULL,NULL,NULL,0),(1615015627920,1615015627831,'5',NULL,NULL,NULL,'','','',NULL,NULL,NULL,NULL,0),(1615015627940,1615015627831,'6',NULL,NULL,NULL,'','','',NULL,NULL,NULL,NULL,0),(1615015627960,1615015627831,'7',NULL,NULL,NULL,'','','',NULL,NULL,NULL,NULL,0),(1615015627981,1615015627831,'8',NULL,NULL,NULL,'','','',NULL,NULL,NULL,NULL,0),(1615015628000,1615015627831,'9',NULL,NULL,NULL,'','','',NULL,NULL,NULL,NULL,0),(1615015628029,1615015627831,'10','6',NULL,'','','','',NULL,NULL,NULL,NULL,2),(1615015628049,1615015627831,'11','5',NULL,'','','','',NULL,NULL,NULL,NULL,2),(1615015628069,1615015627831,'12','3',NULL,'','','','',NULL,NULL,NULL,NULL,2),(1615015628085,1615015627831,'13','4',NULL,'','','','',NULL,NULL,NULL,NULL,2),(1615015628105,1615015627831,'14','3',NULL,'','','','',NULL,NULL,NULL,NULL,2),(1615015628126,1615015627831,'15','4',NULL,'','','','',NULL,NULL,NULL,NULL,2),(1615015628147,1615015627831,'16',NULL,NULL,NULL,'','','',NULL,NULL,NULL,NULL,0),(1615015628167,1615015627831,'17',NULL,NULL,NULL,'','','',NULL,NULL,NULL,NULL,0),(1615015628187,1615015627831,'18',NULL,NULL,NULL,'','','',NULL,NULL,NULL,NULL,0),(1615015628274,1615015628268,'1',NULL,NULL,NULL,'','','',NULL,NULL,NULL,NULL,0),(1615015628294,1615015628268,'2',NULL,NULL,NULL,'','','',NULL,NULL,NULL,NULL,0),(1615015628315,1615015628268,'3',NULL,NULL,NULL,'','','',NULL,NULL,NULL,NULL,0),(1615015628335,1615015628268,'4',NULL,NULL,NULL,'','','',NULL,NULL,NULL,NULL,0),(1615015628355,1615015628268,'5',NULL,NULL,NULL,'','','',NULL,NULL,NULL,NULL,0),(1615015628376,1615015628268,'6',NULL,NULL,NULL,'','','',NULL,NULL,NULL,NULL,0),(1615015628395,1615015628268,'7',NULL,NULL,NULL,'','','',NULL,NULL,NULL,NULL,0),(1615015628416,1615015628268,'8',NULL,NULL,NULL,'','','',NULL,NULL,NULL,NULL,0),(1615015628436,1615015628268,'9',NULL,NULL,NULL,'','','',NULL,NULL,NULL,NULL,0),(1615015628456,1615015628268,'10','4',NULL,'','','','',NULL,NULL,NULL,NULL,2),(1615015628476,1615015628268,'11','5',NULL,'','','','',NULL,NULL,NULL,NULL,2),(1615015628496,1615015628268,'12','3',NULL,'','','','',NULL,NULL,NULL,NULL,2),(1615015628517,1615015628268,'13','4',NULL,'','','','',NULL,NULL,NULL,NULL,2),(1615015628538,1615015628268,'14','3',NULL,'','','','',NULL,NULL,NULL,NULL,2),(1615015628558,1615015628268,'15','4',NULL,'','','','',NULL,NULL,NULL,NULL,2),(1615015628579,1615015628268,'16',NULL,NULL,NULL,'','','',NULL,NULL,NULL,NULL,0),(1615015628600,1615015628268,'17',NULL,NULL,NULL,'','','',NULL,NULL,NULL,NULL,0),(1615015628620,1615015628268,'18',NULL,NULL,NULL,'','','',NULL,NULL,NULL,NULL,0),(1615015628709,1615015628703,'1',NULL,NULL,NULL,'','','',NULL,NULL,NULL,NULL,0),(1615015628730,1615015628703,'2',NULL,NULL,NULL,'','','',NULL,NULL,NULL,NULL,0),(1615015628751,1615015628703,'3',NULL,NULL,NULL,'','','',NULL,NULL,NULL,NULL,0),(1615015628771,1615015628703,'4',NULL,NULL,NULL,'','','',NULL,NULL,NULL,NULL,0),(1615015628797,1615015628703,'5',NULL,NULL,NULL,'','','',NULL,NULL,NULL,NULL,0),(1615015628816,1615015628703,'6',NULL,NULL,NULL,'','','',NULL,NULL,NULL,NULL,0),(1615015628837,1615015628703,'7',NULL,NULL,NULL,'','','',NULL,NULL,NULL,NULL,0),(1615015628858,1615015628703,'8',NULL,NULL,NULL,'','','',NULL,NULL,NULL,NULL,0),(1615015628879,1615015628703,'9',NULL,NULL,NULL,'','','',NULL,NULL,NULL,NULL,0),(1615015628900,1615015628703,'10','4',NULL,'','','','',NULL,NULL,NULL,NULL,2),(1615015628920,1615015628703,'11','5',NULL,'','','','',NULL,NULL,NULL,NULL,2),(1615015628940,1615015628703,'12','3',NULL,'','','','',NULL,NULL,NULL,NULL,2),(1615015628959,1615015628703,'13','3',NULL,'','','','',NULL,NULL,NULL,NULL,2),(1615015628979,1615015628703,'14','5',NULL,'','','','',NULL,NULL,NULL,NULL,2),(1615015628999,1615015628703,'15',NULL,NULL,NULL,'','','',NULL,NULL,NULL,NULL,0),(1615015629019,1615015628703,'16',NULL,NULL,NULL,'','','',NULL,NULL,NULL,NULL,0),(1615015629040,1615015628703,'17',NULL,NULL,NULL,'','','',NULL,NULL,NULL,NULL,0),(1615015629069,1615015628703,'18',NULL,NULL,NULL,'','','',NULL,NULL,NULL,NULL,0),(1615015629157,1615015629152,'1',NULL,NULL,NULL,'','','',NULL,NULL,NULL,NULL,0),(1615015629178,1615015629152,'2',NULL,NULL,NULL,'','','',NULL,NULL,NULL,NULL,0),(1615015629199,1615015629152,'3',NULL,NULL,NULL,'','','',NULL,NULL,NULL,NULL,0),(1615015629226,1615015629152,'4',NULL,NULL,NULL,'','','',NULL,NULL,NULL,NULL,0),(1615015629246,1615015629152,'5',NULL,NULL,NULL,'','','',NULL,NULL,NULL,NULL,0),(1615015629267,1615015629152,'6',NULL,NULL,NULL,'','','',NULL,NULL,NULL,NULL,0),(1615015629292,1615015629152,'7',NULL,NULL,NULL,'','','',NULL,NULL,NULL,NULL,0),(1615015629313,1615015629152,'8',NULL,NULL,NULL,'','','',NULL,NULL,NULL,NULL,0),(1615015629334,1615015629152,'9',NULL,NULL,NULL,'','','',NULL,NULL,NULL,NULL,0),(1615015629355,1615015629152,'10','5',NULL,'','','','',NULL,NULL,NULL,NULL,2),(1615015629376,1615015629152,'11','6',NULL,'','','','',NULL,NULL,NULL,NULL,2),(1615015629391,1615015629152,'12','3',NULL,'','','','',NULL,NULL,NULL,NULL,2),(1615015629406,1615015629152,'13','3',NULL,'','','','',NULL,NULL,NULL,NULL,2),(1615015629421,1615015629152,'14','4',NULL,'','','','',NULL,NULL,NULL,NULL,2),(1615015629437,1615015629152,'15',NULL,NULL,NULL,'','','',NULL,NULL,NULL,NULL,0),(1615015629444,1615015629152,'16',NULL,NULL,NULL,'','','',NULL,NULL,NULL,NULL,0),(1615015629461,1615015629152,'17',NULL,NULL,NULL,'','','',NULL,NULL,NULL,NULL,0),(1615015629478,1615015629152,'18',NULL,NULL,NULL,'','','',NULL,NULL,NULL,NULL,0),(1615015629564,1615015629562,'1',NULL,NULL,NULL,'','','',NULL,NULL,NULL,NULL,0),(1615015629578,1615015629562,'2',NULL,NULL,NULL,'','','',NULL,NULL,NULL,NULL,0),(1615015629596,1615015629562,'3',NULL,NULL,NULL,'','','',NULL,NULL,NULL,NULL,0),(1615015629614,1615015629562,'4',NULL,NULL,NULL,'','','',NULL,NULL,NULL,NULL,0),(1615015629633,1615015629562,'5',NULL,NULL,NULL,'','','',NULL,NULL,NULL,NULL,0),(1615015629649,1615015629562,'6',NULL,NULL,NULL,'','','',NULL,NULL,NULL,NULL,0),(1615015629667,1615015629562,'7',NULL,NULL,NULL,'','','',NULL,NULL,NULL,NULL,0),(1615015629688,1615015629562,'8',NULL,NULL,NULL,'','','',NULL,NULL,NULL,NULL,0),(1615015629707,1615015629562,'9',NULL,NULL,NULL,'','','',NULL,NULL,NULL,NULL,0),(1615015629726,1615015629562,'10','6',NULL,'','','','',NULL,NULL,NULL,NULL,2),(1615015629745,1615015629562,'11','5',NULL,'','','','',NULL,NULL,NULL,NULL,2),(1615015629763,1615015629562,'12','3',NULL,'','','','',NULL,NULL,NULL,NULL,2),(1615015629783,1615015629562,'13','4',NULL,'','','','',NULL,NULL,NULL,NULL,2),(1615015629802,1615015629562,'14',NULL,NULL,NULL,'','','',NULL,NULL,NULL,NULL,0),(1615015629821,1615015629562,'15',NULL,NULL,NULL,'','','',NULL,NULL,NULL,NULL,0),(1615015629841,1615015629562,'16',NULL,NULL,NULL,'','','',NULL,NULL,NULL,NULL,0),(1615015629861,1615015629562,'17',NULL,NULL,NULL,'','','',NULL,NULL,NULL,NULL,0),(1615015629880,1615015629562,'18',NULL,NULL,NULL,'','','',NULL,NULL,NULL,NULL,0),(1615015629973,1615015629967,'1',NULL,NULL,NULL,'','','',NULL,NULL,NULL,NULL,0),(1615015629993,1615015629967,'2',NULL,NULL,NULL,'','','',NULL,NULL,NULL,NULL,0),(1615015630014,1615015629967,'3',NULL,NULL,NULL,'','','',NULL,NULL,NULL,NULL,0),(1615015630035,1615015629967,'4',NULL,NULL,NULL,'','','',NULL,NULL,NULL,NULL,0),(1615015630054,1615015629967,'5',NULL,NULL,NULL,'','','',NULL,NULL,NULL,NULL,0),(1615015630075,1615015629967,'6',NULL,NULL,NULL,'','','',NULL,NULL,NULL,NULL,0),(1615015630096,1615015629967,'7',NULL,NULL,NULL,'','','',NULL,NULL,NULL,NULL,0),(1615015630117,1615015629967,'8',NULL,NULL,NULL,'','','',NULL,NULL,NULL,NULL,0),(1615015630137,1615015629967,'9',NULL,NULL,NULL,'','','',NULL,NULL,NULL,NULL,0),(1615015630158,1615015629967,'10','4',NULL,'','','','',NULL,NULL,NULL,NULL,2),(1615015630179,1615015629967,'11','4',NULL,'','','','',NULL,NULL,NULL,NULL,2),(1615015630198,1615015629967,'12','2',NULL,'','','','',NULL,NULL,NULL,NULL,2),(1615015630226,1615015629967,'13','5',NULL,'','','','',NULL,NULL,NULL,NULL,2),(1615015630245,1615015629967,'14',NULL,NULL,NULL,'','','',NULL,NULL,NULL,NULL,0),(1615015630266,1615015629967,'15',NULL,NULL,NULL,'','','',NULL,NULL,NULL,NULL,0),(1615015630285,1615015629967,'16',NULL,NULL,NULL,'','','',NULL,NULL,NULL,NULL,0),(1615015630306,1615015629967,'17',NULL,NULL,NULL,'','','',NULL,NULL,NULL,NULL,0),(1615015630325,1615015629967,'18',NULL,NULL,NULL,'','','',NULL,NULL,NULL,NULL,0),(1615015630424,1615015630418,'1',NULL,NULL,NULL,'','','',NULL,NULL,NULL,NULL,0),(1615015630444,1615015630418,'2',NULL,NULL,NULL,'','','',NULL,NULL,NULL,NULL,0),(1615015630463,1615015630418,'3',NULL,NULL,NULL,'','','',NULL,NULL,NULL,NULL,0),(1615015630482,1615015630418,'4',NULL,NULL,NULL,'','','',NULL,NULL,NULL,NULL,0),(1615015630503,1615015630418,'5',NULL,NULL,NULL,'','','',NULL,NULL,NULL,NULL,0),(1615015630524,1615015630418,'6',NULL,NULL,NULL,'','','',NULL,NULL,NULL,NULL,0),(1615015630543,1615015630418,'7',NULL,NULL,NULL,'','','',NULL,NULL,NULL,NULL,0),(1615015630563,1615015630418,'8',NULL,NULL,NULL,'','','',NULL,NULL,NULL,NULL,0),(1615015630582,1615015630418,'9',NULL,NULL,NULL,'','','',NULL,NULL,NULL,NULL,0),(1615015630603,1615015630418,'10','5',NULL,'','','','',NULL,NULL,NULL,NULL,2),(1615015630623,1615015630418,'11','4',NULL,'','','','',NULL,NULL,NULL,NULL,2),(1615015630643,1615015630418,'12','3',NULL,'','','','',NULL,NULL,NULL,NULL,2),(1615015630664,1615015630418,'13',NULL,NULL,NULL,'','','',NULL,NULL,NULL,NULL,0),(1615015630683,1615015630418,'14',NULL,NULL,NULL,'','','',NULL,NULL,NULL,NULL,0),(1615015630704,1615015630418,'15',NULL,NULL,NULL,'','','',NULL,NULL,NULL,NULL,0),(1615015630724,1615015630418,'16',NULL,NULL,NULL,'','','',NULL,NULL,NULL,NULL,0),(1615015630744,1615015630418,'17',NULL,NULL,NULL,'','','',NULL,NULL,NULL,NULL,0),(1615015630764,1615015630418,'18',NULL,NULL,NULL,'','','',NULL,NULL,NULL,NULL,0),(1615015630852,1615015630847,'1',NULL,NULL,NULL,'','','',NULL,NULL,NULL,NULL,0),(1615015630873,1615015630847,'2',NULL,NULL,NULL,'','','',NULL,NULL,NULL,NULL,0),(1615015630892,1615015630847,'3',NULL,NULL,NULL,'','','',NULL,NULL,NULL,NULL,0),(1615015630913,1615015630847,'4',NULL,NULL,NULL,'','','',NULL,NULL,NULL,NULL,0),(1615015630932,1615015630847,'5',NULL,NULL,NULL,'','','',NULL,NULL,NULL,NULL,0),(1615015630949,1615015630847,'6',NULL,NULL,NULL,'','','',NULL,NULL,NULL,NULL,0),(1615015630967,1615015630847,'7',NULL,NULL,NULL,'','','',NULL,NULL,NULL,NULL,0),(1615015630985,1615015630847,'8',NULL,NULL,NULL,'','','',NULL,NULL,NULL,NULL,0),(1615015631004,1615015630847,'9',NULL,NULL,NULL,'','','',NULL,NULL,NULL,NULL,0),(1615015631024,1615015630847,'10','5',NULL,'','','','',NULL,NULL,NULL,NULL,2),(1615015631044,1615015630847,'11','4',NULL,'','','','',NULL,NULL,NULL,NULL,2),(1615015631063,1615015630847,'12','6',NULL,'','','','',NULL,NULL,NULL,NULL,2),(1615015631082,1615015630847,'13',NULL,NULL,NULL,'','','',NULL,NULL,NULL,NULL,0),(1615015631103,1615015630847,'14',NULL,NULL,NULL,'','','',NULL,NULL,NULL,NULL,0),(1615015631124,1615015630847,'15',NULL,NULL,NULL,'','','',NULL,NULL,NULL,NULL,0),(1615015631144,1615015630847,'16',NULL,NULL,NULL,'','','',NULL,NULL,NULL,NULL,0),(1615015631165,1615015630847,'17',NULL,NULL,NULL,'','','',NULL,NULL,NULL,NULL,0),(1615015631185,1615015630847,'18',NULL,NULL,NULL,'','','',NULL,NULL,NULL,NULL,0),(1615015631272,1615015631266,'1',NULL,NULL,NULL,'','','',NULL,NULL,NULL,NULL,0),(1615015631292,1615015631266,'2',NULL,NULL,NULL,'','','',NULL,NULL,NULL,NULL,0),(1615015631313,1615015631266,'3',NULL,NULL,NULL,'','','',NULL,NULL,NULL,NULL,0),(1615015631334,1615015631266,'4',NULL,NULL,NULL,'','','',NULL,NULL,NULL,NULL,0),(1615015631354,1615015631266,'5',NULL,NULL,NULL,'','','',NULL,NULL,NULL,NULL,0),(1615015631375,1615015631266,'6',NULL,NULL,NULL,'','','',NULL,NULL,NULL,NULL,0),(1615015631396,1615015631266,'7',NULL,NULL,NULL,'','','',NULL,NULL,NULL,NULL,0),(1615015631416,1615015631266,'8',NULL,NULL,NULL,'','','',NULL,NULL,NULL,NULL,0),(1615015631437,1615015631266,'9',NULL,NULL,NULL,'','','',NULL,NULL,NULL,NULL,0),(1615015631457,1615015631266,'10','4',NULL,'','','','',NULL,NULL,NULL,NULL,2),(1615015631478,1615015631266,'11','4',NULL,'','','','',NULL,NULL,NULL,NULL,2),(1615015631499,1615015631266,'12','3',NULL,'','','','',NULL,NULL,NULL,NULL,2),(1615015631519,1615015631266,'13',NULL,NULL,NULL,'','','',NULL,NULL,NULL,NULL,0),(1615015631540,1615015631266,'14',NULL,NULL,NULL,'','','',NULL,NULL,NULL,NULL,0),(1615015631560,1615015631266,'15',NULL,NULL,NULL,'','','',NULL,NULL,NULL,NULL,0),(1615015631581,1615015631266,'16',NULL,NULL,NULL,'','','',NULL,NULL,NULL,NULL,0),(1615015631601,1615015631266,'17',NULL,NULL,NULL,'','','',NULL,NULL,NULL,NULL,0),(1615015631622,1615015631266,'18',NULL,NULL,NULL,'','','',NULL,NULL,NULL,NULL,0),(1615015631713,1615015631707,'1',NULL,NULL,NULL,'','','',NULL,NULL,NULL,NULL,0),(1615015631734,1615015631707,'2',NULL,NULL,NULL,'','','',NULL,NULL,NULL,NULL,0),(1615015631754,1615015631707,'3',NULL,NULL,NULL,'','','',NULL,NULL,NULL,NULL,0),(1615015631775,1615015631707,'4',NULL,NULL,NULL,'','','',NULL,NULL,NULL,NULL,0),(1615015631796,1615015631707,'5',NULL,NULL,NULL,'','','',NULL,NULL,NULL,NULL,0),(1615015631816,1615015631707,'6',NULL,NULL,NULL,'','','',NULL,NULL,NULL,NULL,0),(1615015631836,1615015631707,'7',NULL,NULL,NULL,'','','',NULL,NULL,NULL,NULL,0),(1615015631857,1615015631707,'8',NULL,NULL,NULL,'','','',NULL,NULL,NULL,NULL,0),(1615015631877,1615015631707,'9',NULL,NULL,NULL,'','','',NULL,NULL,NULL,NULL,0),(1615015631898,1615015631707,'10','4',NULL,'','','','',NULL,NULL,NULL,NULL,2),(1615015631919,1615015631707,'11','4',NULL,'','','','',NULL,NULL,NULL,NULL,2),(1615015631939,1615015631707,'12','3',NULL,'','','','',NULL,NULL,NULL,NULL,2),(1615015631958,1615015631707,'13',NULL,NULL,NULL,'','','',NULL,NULL,NULL,NULL,0),(1615015631978,1615015631707,'14',NULL,NULL,NULL,'','','',NULL,NULL,NULL,NULL,0),(1615015631997,1615015631707,'15',NULL,NULL,NULL,'','','',NULL,NULL,NULL,NULL,0),(1615015632020,1615015631707,'16',NULL,NULL,NULL,'','','',NULL,NULL,NULL,NULL,0),(1615015632041,1615015631707,'17',NULL,NULL,NULL,'','','',NULL,NULL,NULL,NULL,0),(1615015632061,1615015631707,'18',NULL,NULL,NULL,'','','',NULL,NULL,NULL,NULL,0),(1615015632151,1615015632146,'1',NULL,NULL,NULL,'','','',NULL,NULL,NULL,NULL,0),(1615015632173,1615015632146,'2',NULL,NULL,NULL,'','','',NULL,NULL,NULL,NULL,0),(1615015632194,1615015632146,'3',NULL,NULL,NULL,'','','',NULL,NULL,NULL,NULL,0),(1615015632215,1615015632146,'4',NULL,NULL,NULL,'','','',NULL,NULL,NULL,NULL,0),(1615015632242,1615015632146,'5',NULL,NULL,NULL,'','','',NULL,NULL,NULL,NULL,0),(1615015632262,1615015632146,'6',NULL,NULL,NULL,'','','',NULL,NULL,NULL,NULL,0),(1615015632283,1615015632146,'7',NULL,NULL,NULL,'','','',NULL,NULL,NULL,NULL,0),(1615015632304,1615015632146,'8',NULL,NULL,NULL,'','','',NULL,NULL,NULL,NULL,0),(1615015632323,1615015632146,'9',NULL,NULL,NULL,'','','',NULL,NULL,NULL,NULL,0),(1615015632344,1615015632146,'10','4',NULL,'','','','',NULL,NULL,NULL,NULL,2),(1615015632365,1615015632146,'11','3',NULL,'','','','',NULL,NULL,NULL,NULL,2),(1615015632386,1615015632146,'12',NULL,NULL,NULL,'','','',NULL,NULL,NULL,NULL,0),(1615015632406,1615015632146,'13',NULL,NULL,NULL,'','','',NULL,NULL,NULL,NULL,0),(1615015632435,1615015632146,'14',NULL,NULL,NULL,'','','',NULL,NULL,NULL,NULL,0),(1615015632455,1615015632146,'15',NULL,NULL,NULL,'','','',NULL,NULL,NULL,NULL,0),(1615015632475,1615015632146,'16',NULL,NULL,NULL,'','','',NULL,NULL,NULL,NULL,0),(1615015632494,1615015632146,'17',NULL,NULL,NULL,'','','',NULL,NULL,NULL,NULL,0),(1615015632515,1615015632146,'18',NULL,NULL,NULL,'','','',NULL,NULL,NULL,NULL,0),(1615015632606,1615015632600,'1',NULL,NULL,NULL,'','','',NULL,NULL,NULL,NULL,0),(1615015632626,1615015632600,'2',NULL,NULL,NULL,'','','',NULL,NULL,NULL,NULL,0),(1615015632647,1615015632600,'3',NULL,NULL,NULL,'','','',NULL,NULL,NULL,NULL,0),(1615015632667,1615015632600,'4',NULL,NULL,NULL,'','','',NULL,NULL,NULL,NULL,0),(1615015632687,1615015632600,'5',NULL,NULL,NULL,'','','',NULL,NULL,NULL,NULL,0),(1615015632707,1615015632600,'6',NULL,NULL,NULL,'','','',NULL,NULL,NULL,NULL,0),(1615015632728,1615015632600,'7',NULL,NULL,NULL,'','','',NULL,NULL,NULL,NULL,0),(1615015632747,1615015632600,'8',NULL,NULL,NULL,'','','',NULL,NULL,NULL,NULL,0),(1615015632767,1615015632600,'9',NULL,NULL,NULL,'','','',NULL,NULL,NULL,NULL,0),(1615015632785,1615015632600,'10','4',NULL,'','','','',NULL,NULL,NULL,NULL,2),(1615015632805,1615015632600,'11','3',NULL,'','','','',NULL,NULL,NULL,NULL,2),(1615015632826,1615015632600,'12',NULL,NULL,NULL,'','','',NULL,NULL,NULL,NULL,0),(1615015632847,1615015632600,'13',NULL,NULL,NULL,'','','',NULL,NULL,NULL,NULL,0),(1615015632867,1615015632600,'14',NULL,NULL,NULL,'','','',NULL,NULL,NULL,NULL,0),(1615015632888,1615015632600,'15',NULL,NULL,NULL,'','','',NULL,NULL,NULL,NULL,0),(1615015632909,1615015632600,'16',NULL,NULL,NULL,'','','',NULL,NULL,NULL,NULL,0),(1615015632928,1615015632600,'17',NULL,NULL,NULL,'','','',NULL,NULL,NULL,NULL,0),(1615015632947,1615015632600,'18',NULL,NULL,NULL,'','','',NULL,NULL,NULL,NULL,0),(1615015633036,1615015633030,'1','4',NULL,'','','','',NULL,NULL,NULL,NULL,2),(1615015633057,1615015633030,'2','4',NULL,'','','','',NULL,NULL,NULL,NULL,2),(1615015633078,1615015633030,'3','4',NULL,'','','','',NULL,NULL,NULL,NULL,2),(1615015633098,1615015633030,'4','3',NULL,'','','','',NULL,NULL,NULL,NULL,2),(1615015633118,1615015633030,'5','3',NULL,'','','','',NULL,NULL,NULL,NULL,2),(1615015633139,1615015633030,'6','5',NULL,'','','','',NULL,NULL,NULL,NULL,2),(1615015633159,1615015633030,'7','5',NULL,'','','','',NULL,NULL,NULL,NULL,2),(1615015633180,1615015633030,'8',NULL,NULL,NULL,'','','',NULL,NULL,NULL,NULL,0),(1615015633201,1615015633030,'9',NULL,NULL,NULL,'','','',NULL,NULL,NULL,NULL,0),(1615015633228,1615015633030,'10',NULL,NULL,NULL,'','','',NULL,NULL,NULL,NULL,0),(1615015633249,1615015633030,'11',NULL,NULL,NULL,'','','',NULL,NULL,NULL,NULL,0),(1615015633269,1615015633030,'12',NULL,NULL,NULL,'','','',NULL,NULL,NULL,NULL,0),(1615015633289,1615015633030,'13',NULL,NULL,NULL,'','','',NULL,NULL,NULL,NULL,0),(1615015633308,1615015633030,'14',NULL,NULL,NULL,'','','',NULL,NULL,NULL,NULL,0),(1615015633329,1615015633030,'15',NULL,NULL,NULL,'','','',NULL,NULL,NULL,NULL,0),(1615015633349,1615015633030,'16',NULL,NULL,NULL,'','','',NULL,NULL,NULL,NULL,0),(1615015633369,1615015633030,'17',NULL,NULL,NULL,'','','',NULL,NULL,NULL,NULL,0),(1615015633389,1615015633030,'18',NULL,NULL,NULL,'','','',NULL,NULL,NULL,NULL,0),(1615015633480,1615015633475,'1','4',NULL,'','','','',NULL,NULL,NULL,NULL,2),(1615015633501,1615015633475,'2','4',NULL,'','','','',NULL,NULL,NULL,NULL,2),(1615015633520,1615015633475,'3','6',NULL,'','','','',NULL,NULL,NULL,NULL,2),(1615015633541,1615015633475,'4','4',NULL,'','','','',NULL,NULL,NULL,NULL,2),(1615015633562,1615015633475,'5','3',NULL,'','','','',NULL,NULL,NULL,NULL,2),(1615015633583,1615015633475,'6','5',NULL,'','','','',NULL,NULL,NULL,NULL,2),(1615015633602,1615015633475,'7','4',NULL,'','','','',NULL,NULL,NULL,NULL,2),(1615015633622,1615015633475,'8',NULL,NULL,NULL,'','','',NULL,NULL,NULL,NULL,0),(1615015633641,1615015633475,'9',NULL,NULL,NULL,'','','',NULL,NULL,NULL,NULL,0),(1615015633662,1615015633475,'10',NULL,NULL,NULL,'','','',NULL,NULL,NULL,NULL,0),(1615015633682,1615015633475,'11',NULL,NULL,NULL,'','','',NULL,NULL,NULL,NULL,0),(1615015633703,1615015633475,'12',NULL,NULL,NULL,'','','',NULL,NULL,NULL,NULL,0),(1615015633723,1615015633475,'13',NULL,NULL,NULL,'','','',NULL,NULL,NULL,NULL,0),(1615015633742,1615015633475,'14',NULL,NULL,NULL,'','','',NULL,NULL,NULL,NULL,0),(1615015633763,1615015633475,'15',NULL,NULL,NULL,'','','',NULL,NULL,NULL,NULL,0),(1615015633783,1615015633475,'16',NULL,NULL,NULL,'','','',NULL,NULL,NULL,NULL,0),(1615015633804,1615015633475,'17',NULL,NULL,NULL,'','','',NULL,NULL,NULL,NULL,0),(1615015633825,1615015633475,'18',NULL,NULL,NULL,'','','',NULL,NULL,NULL,NULL,0),(1615015633900,1615015633894,'1','4',NULL,'','','','',NULL,NULL,NULL,NULL,2),(1615015633920,1615015633894,'2','3',NULL,'','','','',NULL,NULL,NULL,NULL,2),(1615015633941,1615015633894,'3','5',NULL,'','','','',NULL,NULL,NULL,NULL,2),(1615015633960,1615015633894,'4','4',NULL,'','','','',NULL,NULL,NULL,NULL,2),(1615015633986,1615015633894,'5','4',NULL,'','','','',NULL,NULL,NULL,NULL,2),(1615015634006,1615015633894,'6','5',NULL,'','','','',NULL,NULL,NULL,NULL,2),(1615015634027,1615015633894,'7',NULL,NULL,NULL,'','','',NULL,NULL,NULL,NULL,0),(1615015634046,1615015633894,'8',NULL,NULL,NULL,'','','',NULL,NULL,NULL,NULL,0),(1615015634067,1615015633894,'9',NULL,NULL,NULL,'','','',NULL,NULL,NULL,NULL,0),(1615015634088,1615015633894,'10',NULL,NULL,NULL,'','','',NULL,NULL,NULL,NULL,0),(1615015634114,1615015633894,'11',NULL,NULL,NULL,'','','',NULL,NULL,NULL,NULL,0),(1615015634134,1615015633894,'12',NULL,NULL,NULL,'','','',NULL,NULL,NULL,NULL,0),(1615015634155,1615015633894,'13',NULL,NULL,NULL,'','','',NULL,NULL,NULL,NULL,0),(1615015634174,1615015633894,'14',NULL,NULL,NULL,'','','',NULL,NULL,NULL,NULL,0),(1615015634195,1615015633894,'15',NULL,NULL,NULL,'','','',NULL,NULL,NULL,NULL,0),(1615015634223,1615015633894,'16',NULL,NULL,NULL,'','','',NULL,NULL,NULL,NULL,0),(1615015634242,1615015633894,'17',NULL,NULL,NULL,'','','',NULL,NULL,NULL,NULL,0),(1615015634263,1615015633894,'18',NULL,NULL,NULL,'','','',NULL,NULL,NULL,NULL,0),(1615015634352,1615015634346,'1','6',NULL,'','','','',NULL,NULL,NULL,NULL,2),(1615015634374,1615015634346,'2','4',NULL,'','','','',NULL,NULL,NULL,NULL,2),(1615015634393,1615015634346,'3','4',NULL,'','','','',NULL,NULL,NULL,NULL,2),(1615015634414,1615015634346,'4','4',NULL,'','','','',NULL,NULL,NULL,NULL,2),(1615015634434,1615015634346,'5','3',NULL,'','','','',NULL,NULL,NULL,NULL,2),(1615015634455,1615015634346,'6','5',NULL,'','','','',NULL,NULL,NULL,NULL,2),(1615015634476,1615015634346,'7',NULL,NULL,NULL,'','','',NULL,NULL,NULL,NULL,0),(1615015634496,1615015634346,'8',NULL,NULL,NULL,'','','',NULL,NULL,NULL,NULL,0),(1615015634516,1615015634346,'9',NULL,NULL,NULL,'','','',NULL,NULL,NULL,NULL,0),(1615015634536,1615015634346,'10',NULL,NULL,NULL,'','','',NULL,NULL,NULL,NULL,0),(1615015634557,1615015634346,'11',NULL,NULL,NULL,'','','',NULL,NULL,NULL,NULL,0),(1615015634576,1615015634346,'12',NULL,NULL,NULL,'','','',NULL,NULL,NULL,NULL,0),(1615015634597,1615015634346,'13',NULL,NULL,NULL,'','','',NULL,NULL,NULL,NULL,0),(1615015634617,1615015634346,'14',NULL,NULL,NULL,'','','',NULL,NULL,NULL,NULL,0),(1615015634637,1615015634346,'15',NULL,NULL,NULL,'','','',NULL,NULL,NULL,NULL,0),(1615015634657,1615015634346,'16',NULL,NULL,NULL,'','','',NULL,NULL,NULL,NULL,0),(1615015634678,1615015634346,'17',NULL,NULL,NULL,'','','',NULL,NULL,NULL,NULL,0),(1615015634699,1615015634346,'18',NULL,NULL,NULL,'','','',NULL,NULL,NULL,NULL,0),(1615015634778,1615015634776,'1','4',NULL,'','','','',NULL,NULL,NULL,NULL,2),(1615015634792,1615015634776,'2','4',NULL,'','','','',NULL,NULL,NULL,NULL,2),(1615015634807,1615015634776,'3','6',NULL,'','','','',NULL,NULL,NULL,NULL,2),(1615015634823,1615015634776,'4','5',NULL,'','','','',NULL,NULL,NULL,NULL,2),(1615015634838,1615015634776,'5','5',NULL,'','','','',NULL,NULL,NULL,NULL,2),(1615015634853,1615015634776,'6','5',NULL,'','','','',NULL,NULL,NULL,NULL,2),(1615015634869,1615015634776,'7',NULL,NULL,NULL,'','','',NULL,NULL,NULL,NULL,0),(1615015634884,1615015634776,'8',NULL,NULL,NULL,'','','',NULL,NULL,NULL,NULL,0),(1615015634899,1615015634776,'9',NULL,NULL,NULL,'','','',NULL,NULL,NULL,NULL,0),(1615015634915,1615015634776,'10',NULL,NULL,NULL,'','','',NULL,NULL,NULL,NULL,0),(1615015634930,1615015634776,'11',NULL,NULL,NULL,'','','',NULL,NULL,NULL,NULL,0),(1615015634945,1615015634776,'12',NULL,NULL,NULL,'','','',NULL,NULL,NULL,NULL,0),(1615015634961,1615015634776,'13',NULL,NULL,NULL,'','','',NULL,NULL,NULL,NULL,0),(1615015634987,1615015634776,'14',NULL,NULL,NULL,'','','',NULL,NULL,NULL,NULL,0),(1615015635010,1615015634776,'15',NULL,NULL,NULL,'','','',NULL,NULL,NULL,NULL,0),(1615015635029,1615015634776,'16',NULL,NULL,NULL,'','','',NULL,NULL,NULL,NULL,0),(1615015635047,1615015634776,'17',NULL,NULL,NULL,'','','',NULL,NULL,NULL,NULL,0),(1615015635065,1615015634776,'18',NULL,NULL,NULL,'','','',NULL,NULL,NULL,NULL,0),(1615015635154,1615015635148,'1','5',NULL,'','','','',NULL,NULL,NULL,NULL,2),(1615015635174,1615015635148,'2','3',NULL,'','','','',NULL,NULL,NULL,NULL,2),(1615015635195,1615015635148,'3','5',NULL,'','','','',NULL,NULL,NULL,NULL,2),(1615015635222,1615015635148,'4','5',NULL,'','','','',NULL,NULL,NULL,NULL,2),(1615015635243,1615015635148,'5','3',NULL,'','','','',NULL,NULL,NULL,NULL,2),(1615015635264,1615015635148,'6','5',NULL,'','','','',NULL,NULL,NULL,NULL,2),(1615015635284,1615015635148,'7',NULL,NULL,NULL,'','','',NULL,NULL,NULL,NULL,0),(1615015635304,1615015635148,'8',NULL,NULL,NULL,'','','',NULL,NULL,NULL,NULL,0),(1615015635324,1615015635148,'9',NULL,NULL,NULL,'','','',NULL,NULL,NULL,NULL,0),(1615015635343,1615015635148,'10',NULL,NULL,NULL,'','','',NULL,NULL,NULL,NULL,0),(1615015635364,1615015635148,'11',NULL,NULL,NULL,'','','',NULL,NULL,NULL,NULL,0),(1615015635383,1615015635148,'12',NULL,NULL,NULL,'','','',NULL,NULL,NULL,NULL,0),(1615015635404,1615015635148,'13',NULL,NULL,NULL,'','','',NULL,NULL,NULL,NULL,0),(1615015635424,1615015635148,'14',NULL,NULL,NULL,'','','',NULL,NULL,NULL,NULL,0),(1615015635443,1615015635148,'15',NULL,NULL,NULL,'','','',NULL,NULL,NULL,NULL,0),(1615015635463,1615015635148,'16',NULL,NULL,NULL,'','','',NULL,NULL,NULL,NULL,0),(1615015635482,1615015635148,'17',NULL,NULL,NULL,'','','',NULL,NULL,NULL,NULL,0),(1615015635503,1615015635148,'18',NULL,NULL,NULL,'','','',NULL,NULL,NULL,NULL,0),(1615015635591,1615015635586,'1','5',NULL,'','','','',NULL,NULL,NULL,NULL,2),(1615015635614,1615015635586,'2','3',NULL,'','','','',NULL,NULL,NULL,NULL,2),(1615015635634,1615015635586,'3','5',NULL,'','','','',NULL,NULL,NULL,NULL,2),(1615015635653,1615015635586,'4','4',NULL,'','','','',NULL,NULL,NULL,NULL,2),(1615015635672,1615015635586,'5','3',NULL,'','','','',NULL,NULL,NULL,NULL,2),(1615015635693,1615015635586,'6',NULL,NULL,NULL,'','','',NULL,NULL,NULL,NULL,0),(1615015635712,1615015635586,'7',NULL,NULL,NULL,'','','',NULL,NULL,NULL,NULL,0),(1615015635733,1615015635586,'8',NULL,NULL,NULL,'','','',NULL,NULL,NULL,NULL,0),(1615015635753,1615015635586,'9',NULL,NULL,NULL,'','','',NULL,NULL,NULL,NULL,0),(1615015635775,1615015635586,'10',NULL,NULL,NULL,'','','',NULL,NULL,NULL,NULL,0),(1615015635794,1615015635586,'11',NULL,NULL,NULL,'','','',NULL,NULL,NULL,NULL,0),(1615015635815,1615015635586,'12',NULL,NULL,NULL,'','','',NULL,NULL,NULL,NULL,0),(1615015635834,1615015635586,'13',NULL,NULL,NULL,'','','',NULL,NULL,NULL,NULL,0),(1615015635853,1615015635586,'14',NULL,NULL,NULL,'','','',NULL,NULL,NULL,NULL,0),(1615015635874,1615015635586,'15',NULL,NULL,NULL,'','','',NULL,NULL,NULL,NULL,0),(1615015635893,1615015635586,'16',NULL,NULL,NULL,'','','',NULL,NULL,NULL,NULL,0),(1615015635914,1615015635586,'17',NULL,NULL,NULL,'','','',NULL,NULL,NULL,NULL,0),(1615015635935,1615015635586,'18',NULL,NULL,NULL,'','','',NULL,NULL,NULL,NULL,0),(1615015636019,1615015636017,'1','4',NULL,'','','','',NULL,NULL,NULL,NULL,2),(1615015636040,1615015636017,'2','3',NULL,'','','','',NULL,NULL,NULL,NULL,2),(1615015636061,1615015636017,'3','5',NULL,'','','','',NULL,NULL,NULL,NULL,2),(1615015636081,1615015636017,'4','4',NULL,'','','','',NULL,NULL,NULL,NULL,2),(1615015636102,1615015636017,'5','2',NULL,'','','','',NULL,NULL,NULL,NULL,2),(1615015636118,1615015636017,'6',NULL,NULL,NULL,'','','',NULL,NULL,NULL,NULL,0),(1615015636134,1615015636017,'7',NULL,NULL,NULL,'','','',NULL,NULL,NULL,NULL,0),(1615015636150,1615015636017,'8',NULL,NULL,NULL,'','','',NULL,NULL,NULL,NULL,0),(1615015636165,1615015636017,'9',NULL,NULL,NULL,'','','',NULL,NULL,NULL,NULL,0),(1615015636181,1615015636017,'10',NULL,NULL,NULL,'','','',NULL,NULL,NULL,NULL,0),(1615015636200,1615015636017,'11',NULL,NULL,NULL,'','','',NULL,NULL,NULL,NULL,0),(1615015636226,1615015636017,'12',NULL,NULL,NULL,'','','',NULL,NULL,NULL,NULL,0),(1615015636242,1615015636017,'13',NULL,NULL,NULL,'','','',NULL,NULL,NULL,NULL,0),(1615015636261,1615015636017,'14',NULL,NULL,NULL,'','','',NULL,NULL,NULL,NULL,0),(1615015636279,1615015636017,'15',NULL,NULL,NULL,'','','',NULL,NULL,NULL,NULL,0),(1615015636299,1615015636017,'16',NULL,NULL,NULL,'','','',NULL,NULL,NULL,NULL,0),(1615015636318,1615015636017,'17',NULL,NULL,NULL,'','','',NULL,NULL,NULL,NULL,0),(1615015636337,1615015636017,'18',NULL,NULL,NULL,'','','',NULL,NULL,NULL,NULL,0),(1615015636424,1615015636419,'1','4',NULL,'','','','',NULL,NULL,NULL,NULL,2),(1615015636442,1615015636419,'2','4',NULL,'','','','',NULL,NULL,NULL,NULL,2),(1615015636461,1615015636419,'3','5',NULL,'','','','',NULL,NULL,NULL,NULL,2),(1615015636483,1615015636419,'4','4',NULL,'','','','',NULL,NULL,NULL,NULL,2),(1615015636502,1615015636419,'5',NULL,NULL,NULL,'','','',NULL,NULL,NULL,NULL,0),(1615015636523,1615015636419,'6',NULL,NULL,NULL,'','','',NULL,NULL,NULL,NULL,0),(1615015636543,1615015636419,'7',NULL,NULL,NULL,'','','',NULL,NULL,NULL,NULL,0),(1615015636564,1615015636419,'8',NULL,NULL,NULL,'','','',NULL,NULL,NULL,NULL,0),(1615015636594,1615015636419,'9',NULL,NULL,NULL,'','','',NULL,NULL,NULL,NULL,0),(1615015636620,1615015636419,'10',NULL,NULL,NULL,'','','',NULL,NULL,NULL,NULL,0),(1615015636640,1615015636419,'11',NULL,NULL,NULL,'','','',NULL,NULL,NULL,NULL,0),(1615015636660,1615015636419,'12',NULL,NULL,NULL,'','','',NULL,NULL,NULL,NULL,0),(1615015636681,1615015636419,'13',NULL,NULL,NULL,'','','',NULL,NULL,NULL,NULL,0),(1615015636702,1615015636419,'14',NULL,NULL,NULL,'','','',NULL,NULL,NULL,NULL,0),(1615015636728,1615015636419,'15',NULL,NULL,NULL,'','','',NULL,NULL,NULL,NULL,0),(1615015636749,1615015636419,'16',NULL,NULL,NULL,'','','',NULL,NULL,NULL,NULL,0),(1615015636770,1615015636419,'17',NULL,NULL,NULL,'','','',NULL,NULL,NULL,NULL,0),(1615015636791,1615015636419,'18',NULL,NULL,NULL,'','','',NULL,NULL,NULL,NULL,0),(1615015636881,1615015636876,'1','4',NULL,'','','','',NULL,NULL,NULL,NULL,2),(1615015636902,1615015636876,'2','3',NULL,'','','','',NULL,NULL,NULL,NULL,2),(1615015636923,1615015636876,'3','4',NULL,'','','','',NULL,NULL,NULL,NULL,2),(1615015636944,1615015636876,'4','4',NULL,'','','','',NULL,NULL,NULL,NULL,2),(1615015636964,1615015636876,'5',NULL,NULL,NULL,'','','',NULL,NULL,NULL,NULL,0),(1615015636984,1615015636876,'6',NULL,NULL,NULL,'','','',NULL,NULL,NULL,NULL,0),(1615015637004,1615015636876,'7',NULL,NULL,NULL,'','','',NULL,NULL,NULL,NULL,0),(1615015637022,1615015636876,'8',NULL,NULL,NULL,'','','',NULL,NULL,NULL,NULL,0),(1615015637043,1615015636876,'9',NULL,NULL,NULL,'','','',NULL,NULL,NULL,NULL,0),(1615015637064,1615015636876,'10',NULL,NULL,NULL,'','','',NULL,NULL,NULL,NULL,0),(1615015637084,1615015636876,'11',NULL,NULL,NULL,'','','',NULL,NULL,NULL,NULL,0),(1615015637110,1615015636876,'12',NULL,NULL,NULL,'','','',NULL,NULL,NULL,NULL,0),(1615015637131,1615015636876,'13',NULL,NULL,NULL,'','','',NULL,NULL,NULL,NULL,0),(1615015637152,1615015636876,'14',NULL,NULL,NULL,'','','',NULL,NULL,NULL,NULL,0),(1615015637171,1615015636876,'15',NULL,NULL,NULL,'','','',NULL,NULL,NULL,NULL,0),(1615015637192,1615015636876,'16',NULL,NULL,NULL,'','','',NULL,NULL,NULL,NULL,0),(1615015637214,1615015636876,'17',NULL,NULL,NULL,'','','',NULL,NULL,NULL,NULL,0),(1615015637236,1615015636876,'18',NULL,NULL,NULL,'','','',NULL,NULL,NULL,NULL,0),(1615015637319,1615015637314,'1','4',NULL,'','','','',NULL,NULL,NULL,NULL,2),(1615015637340,1615015637314,'2','4',NULL,'','','','',NULL,NULL,NULL,NULL,2),(1615015637361,1615015637314,'3','5',NULL,'','','','',NULL,NULL,NULL,NULL,2),(1615015637381,1615015637314,'4',NULL,NULL,NULL,'','','',NULL,NULL,NULL,NULL,0),(1615015637402,1615015637314,'5',NULL,NULL,NULL,'','','',NULL,NULL,NULL,NULL,0),(1615015637422,1615015637314,'6',NULL,NULL,NULL,'','','',NULL,NULL,NULL,NULL,0),(1615015637442,1615015637314,'7',NULL,NULL,NULL,'','','',NULL,NULL,NULL,NULL,0),(1615015637462,1615015637314,'8',NULL,NULL,NULL,'','','',NULL,NULL,NULL,NULL,0),(1615015637482,1615015637314,'9',NULL,NULL,NULL,'','','',NULL,NULL,NULL,NULL,0),(1615015637502,1615015637314,'10',NULL,NULL,NULL,'','','',NULL,NULL,NULL,NULL,0),(1615015637523,1615015637314,'11',NULL,NULL,NULL,'','','',NULL,NULL,NULL,NULL,0),(1615015637538,1615015637314,'12',NULL,NULL,NULL,'','','',NULL,NULL,NULL,NULL,0),(1615015637559,1615015637314,'13',NULL,NULL,NULL,'','','',NULL,NULL,NULL,NULL,0),(1615015637574,1615015637314,'14',NULL,NULL,NULL,'','','',NULL,NULL,NULL,NULL,0),(1615015637592,1615015637314,'15',NULL,NULL,NULL,'','','',NULL,NULL,NULL,NULL,0),(1615015637607,1615015637314,'16',NULL,NULL,NULL,'','','',NULL,NULL,NULL,NULL,0),(1615015637623,1615015637314,'17',NULL,NULL,NULL,'','','',NULL,NULL,NULL,NULL,0),(1615015637642,1615015637314,'18',NULL,NULL,NULL,'','','',NULL,NULL,NULL,NULL,0),(1615015637723,1615015637719,'1','5',NULL,'','','','',NULL,NULL,NULL,NULL,2),(1615015637744,1615015637719,'2','3',NULL,'','','','',NULL,NULL,NULL,NULL,2),(1615015637764,1615015637719,'3','4',NULL,'','','','',NULL,NULL,NULL,NULL,2),(1615015637784,1615015637719,'4',NULL,NULL,NULL,'','','',NULL,NULL,NULL,NULL,0),(1615015637800,1615015637719,'5',NULL,NULL,NULL,'','','',NULL,NULL,NULL,NULL,0),(1615015637826,1615015637719,'6',NULL,NULL,NULL,'','','',NULL,NULL,NULL,NULL,0),(1615015637842,1615015637719,'7',NULL,NULL,NULL,'','','',NULL,NULL,NULL,NULL,0),(1615015637862,1615015637719,'8',NULL,NULL,NULL,'','','',NULL,NULL,NULL,NULL,0),(1615015637884,1615015637719,'9',NULL,NULL,NULL,'','','',NULL,NULL,NULL,NULL,0),(1615015637903,1615015637719,'10',NULL,NULL,NULL,'','','',NULL,NULL,NULL,NULL,0),(1615015637919,1615015637719,'11',NULL,NULL,NULL,'','','',NULL,NULL,NULL,NULL,0),(1615015637935,1615015637719,'12',NULL,NULL,NULL,'','','',NULL,NULL,NULL,NULL,0),(1615015637950,1615015637719,'13',NULL,NULL,NULL,'','','',NULL,NULL,NULL,NULL,0),(1615015637971,1615015637719,'14',NULL,NULL,NULL,'','','',NULL,NULL,NULL,NULL,0),(1615015637990,1615015637719,'15',NULL,NULL,NULL,'','','',NULL,NULL,NULL,NULL,0),(1615015638010,1615015637719,'16',NULL,NULL,NULL,'','','',NULL,NULL,NULL,NULL,0),(1615015638027,1615015637719,'17',NULL,NULL,NULL,'','','',NULL,NULL,NULL,NULL,0),(1615015638045,1615015637719,'18',NULL,NULL,NULL,'','','',NULL,NULL,NULL,NULL,0),(1615015638117,1615015638112,'1','5',NULL,'','','','',NULL,NULL,NULL,NULL,2),(1615015638139,1615015638112,'2','3',NULL,'','','','',NULL,NULL,NULL,NULL,2),(1615015638159,1615015638112,'3',NULL,NULL,NULL,'','','',NULL,NULL,NULL,NULL,0),(1615015638179,1615015638112,'4',NULL,NULL,NULL,'','','',NULL,NULL,NULL,NULL,0),(1615015638199,1615015638112,'5',NULL,NULL,NULL,'','','',NULL,NULL,NULL,NULL,0),(1615015638229,1615015638112,'6',NULL,NULL,NULL,'','','',NULL,NULL,NULL,NULL,0),(1615015638244,1615015638112,'7',NULL,NULL,NULL,'','','',NULL,NULL,NULL,NULL,0),(1615015638262,1615015638112,'8',NULL,NULL,NULL,'','','',NULL,NULL,NULL,NULL,0),(1615015638281,1615015638112,'9',NULL,NULL,NULL,'','','',NULL,NULL,NULL,NULL,0),(1615015638300,1615015638112,'10',NULL,NULL,NULL,'','','',NULL,NULL,NULL,NULL,0),(1615015638316,1615015638112,'11',NULL,NULL,NULL,'','','',NULL,NULL,NULL,NULL,0),(1615015638332,1615015638112,'12',NULL,NULL,NULL,'','','',NULL,NULL,NULL,NULL,0),(1615015638347,1615015638112,'13',NULL,NULL,NULL,'','','',NULL,NULL,NULL,NULL,0),(1615015638363,1615015638112,'14',NULL,NULL,NULL,'','','',NULL,NULL,NULL,NULL,0),(1615015638379,1615015638112,'15',NULL,NULL,NULL,'','','',NULL,NULL,NULL,NULL,0),(1615015638405,1615015638112,'16',NULL,NULL,NULL,'','','',NULL,NULL,NULL,NULL,0),(1615015638423,1615015638112,'17',NULL,NULL,NULL,'','','',NULL,NULL,NULL,NULL,0),(1615015638441,1615015638112,'18',NULL,NULL,NULL,'','','',NULL,NULL,NULL,NULL,0),(1615015638533,1615015638530,'1','4',NULL,'','','','',NULL,NULL,NULL,NULL,2),(1615015638553,1615015638530,'2','3',NULL,'','','','',NULL,NULL,NULL,NULL,2),(1615015638573,1615015638530,'3',NULL,NULL,NULL,'','','',NULL,NULL,NULL,NULL,0),(1615015638592,1615015638530,'4',NULL,NULL,NULL,'','','',NULL,NULL,NULL,NULL,0),(1615015638615,1615015638530,'5',NULL,NULL,NULL,'','','',NULL,NULL,NULL,NULL,0),(1615015638635,1615015638530,'6',NULL,NULL,NULL,'','','',NULL,NULL,NULL,NULL,0),(1615015638655,1615015638530,'7',NULL,NULL,NULL,'','','',NULL,NULL,NULL,NULL,0),(1615015638683,1615015638530,'8',NULL,NULL,NULL,'','','',NULL,NULL,NULL,NULL,0),(1615015638704,1615015638530,'9',NULL,NULL,NULL,'','','',NULL,NULL,NULL,NULL,0),(1615015638724,1615015638530,'10',NULL,NULL,NULL,'','','',NULL,NULL,NULL,NULL,0),(1615015638744,1615015638530,'11',NULL,NULL,NULL,'','','',NULL,NULL,NULL,NULL,0),(1615015638765,1615015638530,'12',NULL,NULL,NULL,'','','',NULL,NULL,NULL,NULL,0),(1615015638786,1615015638530,'13',NULL,NULL,NULL,'','','',NULL,NULL,NULL,NULL,0),(1615015638807,1615015638530,'14',NULL,NULL,NULL,'','','',NULL,NULL,NULL,NULL,0),(1615015638829,1615015638530,'15',NULL,NULL,NULL,'','','',NULL,NULL,NULL,NULL,0),(1615015638848,1615015638530,'16',NULL,NULL,NULL,'','','',NULL,NULL,NULL,NULL,0),(1615015638867,1615015638530,'17',NULL,NULL,NULL,'','','',NULL,NULL,NULL,NULL,0),(1615015638898,1615015638530,'18',NULL,NULL,NULL,'','','',NULL,NULL,NULL,NULL,0),(1615015638998,1615015638994,'1','5',NULL,'','','','',NULL,NULL,NULL,NULL,2),(1615015639019,1615015638994,'2','3',NULL,'','','','',NULL,NULL,NULL,NULL,2),(1615015639039,1615015638994,'3',NULL,NULL,NULL,'','','',NULL,NULL,NULL,NULL,0),(1615015639059,1615015638994,'4',NULL,NULL,NULL,'','','',NULL,NULL,NULL,NULL,0),(1615015639079,1615015638994,'5',NULL,NULL,NULL,'','','',NULL,NULL,NULL,NULL,0),(1615015639100,1615015638994,'6',NULL,NULL,NULL,'','','',NULL,NULL,NULL,NULL,0),(1615015639121,1615015638994,'7',NULL,NULL,NULL,'','','',NULL,NULL,NULL,NULL,0),(1615015639141,1615015638994,'8',NULL,NULL,NULL,'','','',NULL,NULL,NULL,NULL,0),(1615015639162,1615015638994,'9',NULL,NULL,NULL,'','','',NULL,NULL,NULL,NULL,0),(1615015639184,1615015638994,'10',NULL,NULL,NULL,'','','',NULL,NULL,NULL,NULL,0),(1615015639204,1615015638994,'11',NULL,NULL,NULL,'','','',NULL,NULL,NULL,NULL,0),(1615015639222,1615015638994,'12',NULL,NULL,NULL,'','','',NULL,NULL,NULL,NULL,0),(1615015639244,1615015638994,'13',NULL,NULL,NULL,'','','',NULL,NULL,NULL,NULL,0),(1615015639260,1615015638994,'14',NULL,NULL,NULL,'','','',NULL,NULL,NULL,NULL,0),(1615015639275,1615015638994,'15',NULL,NULL,NULL,'','','',NULL,NULL,NULL,NULL,0),(1615015639292,1615015638994,'16',NULL,NULL,NULL,'','','',NULL,NULL,NULL,NULL,0),(1615015639312,1615015638994,'17',NULL,NULL,NULL,'','','',NULL,NULL,NULL,NULL,0),(1615015639341,1615015638994,'18',NULL,NULL,NULL,'','','',NULL,NULL,NULL,NULL,0),(1615015639436,1615015639431,'1','4',NULL,'','','','',NULL,NULL,NULL,NULL,2),(1615015639458,1615015639431,'2','4',NULL,'','','','',NULL,NULL,NULL,NULL,2),(1615015639478,1615015639431,'3',NULL,NULL,NULL,'','','',NULL,NULL,NULL,NULL,0),(1615015639498,1615015639431,'4',NULL,NULL,NULL,'','','',NULL,NULL,NULL,NULL,0),(1615015639518,1615015639431,'5',NULL,NULL,NULL,'','','',NULL,NULL,NULL,NULL,0),(1615015639541,1615015639431,'6',NULL,NULL,NULL,'','','',NULL,NULL,NULL,NULL,0),(1615015639557,1615015639431,'7',NULL,NULL,NULL,'','','',NULL,NULL,NULL,NULL,0),(1615015639572,1615015639431,'8',NULL,NULL,NULL,'','','',NULL,NULL,NULL,NULL,0),(1615015639588,1615015639431,'9',NULL,NULL,NULL,'','','',NULL,NULL,NULL,NULL,0),(1615015639603,1615015639431,'10',NULL,NULL,NULL,'','','',NULL,NULL,NULL,NULL,0),(1615015639627,1615015639431,'11',NULL,NULL,NULL,'','','',NULL,NULL,NULL,NULL,0),(1615015639645,1615015639431,'12',NULL,NULL,NULL,'','','',NULL,NULL,NULL,NULL,0),(1615015639661,1615015639431,'13',NULL,NULL,NULL,'','','',NULL,NULL,NULL,NULL,0),(1615015639676,1615015639431,'14',NULL,NULL,NULL,'','','',NULL,NULL,NULL,NULL,0),(1615015639703,1615015639431,'15',NULL,NULL,NULL,'','','',NULL,NULL,NULL,NULL,0),(1615015639721,1615015639431,'16',NULL,NULL,NULL,'','','',NULL,NULL,NULL,NULL,0),(1615015639739,1615015639431,'17',NULL,NULL,NULL,'','','',NULL,NULL,NULL,NULL,0),(1615015639756,1615015639431,'18',NULL,NULL,NULL,'','','',NULL,NULL,NULL,NULL,0);
/*!40000 ALTER TABLE `shots` ENABLE KEYS */;
UNLOCK TABLES;

--
-- Table structure for table `shotsflag`
--

DROP TABLE IF EXISTS `shotsflag`;
/*!40101 SET @saved_cs_client     = @@character_set_client */;
/*!40101 SET character_set_client = utf8 */;
CREATE TABLE `shotsflag` (
  `shotsflagid` int(11) NOT NULL,
  `Desc` varchar(45) DEFAULT NULL,
  PRIMARY KEY (`shotsflagid`)
) ENGINE=InnoDB DEFAULT CHARSET=latin1;
/*!40101 SET character_set_client = @saved_cs_client */;

--
-- Dumping data for table `shotsflag`
--

LOCK TABLES `shotsflag` WRITE;
/*!40000 ALTER TABLE `shotsflag` DISABLE KEYS */;
INSERT INTO `shotsflag` VALUES (1,'1st Shot'),(2,'2nd Shot'),(3,'3rd Shot'),(4,'4th Shot'),(5,'5th Shot'),(6,'6th Shot'),(7,'7th Shot'),(8,'8th Shot'),(9,'9th Shot'),(10,'10th Shot');
/*!40000 ALTER TABLE `shotsflag` ENABLE KEYS */;
UNLOCK TABLES;

--
-- Table structure for table `tournament`
--

DROP TABLE IF EXISTS `tournament`;
/*!40101 SET @saved_cs_client     = @@character_set_client */;
/*!40101 SET character_set_client = utf8 */;
CREATE TABLE `tournament` (
  `tournamentid` bigint(20) NOT NULL,
  `courseid` bigint(20) DEFAULT NULL,
  `Description` varchar(250) DEFAULT NULL,
  `Country` varchar(100) DEFAULT NULL,
  `BeginDate` datetime DEFAULT NULL,
  `EndDate` datetime DEFAULT NULL,
  `LastRoundCompleted` varchar(100) DEFAULT NULL,
  `CurrentRound` varchar(100) DEFAULT NULL,
  `statusid` int(11) DEFAULT NULL,
  `webserverid` bigint(20) DEFAULT NULL,
  `Logo1` varchar(1000) DEFAULT '',
  `Logo2` varchar(1000) DEFAULT '',
  `Logo3` varchar(1000) DEFAULT '',
  PRIMARY KEY (`tournamentid`)
) ENGINE=InnoDB DEFAULT CHARSET=latin1;
/*!40101 SET character_set_client = @saved_cs_client */;

--
-- Dumping data for table `tournament`
--

LOCK TABLES `tournament` WRITE;
/*!40000 ALTER TABLE `tournament` DISABLE KEYS */;
INSERT INTO `tournament` VALUES (1,1614697043090,'KIT KAT GROUP PRO-AM','South Africa','2020-12-04 00:00:00','2020-12-07 00:00:00','9','9',1,2020105,'IMAGE*Seb4_Projects/Supersport_2018/_Images/Logos/Golf/Kit_Kat_Group_Pro-am ','IMAGE*Seb4_Projects/Supersport_2018/_Images/Logos/Golf/Kit_Kat_Group_Pro-am ','IMAGE*Seb4_Projects/Supersport_2018/_Images/Logos/Golf/Kit_Kat_Group_Pro-am ');
/*!40000 ALTER TABLE `tournament` ENABLE KEYS */;
UNLOCK TABLES;

--
-- Table structure for table `uiselected`
--

DROP TABLE IF EXISTS `uiselected`;
/*!40101 SET @saved_cs_client     = @@character_set_client */;
/*!40101 SET character_set_client = utf8 */;
CREATE TABLE `uiselected` (
  `iduiselected` int(11) NOT NULL,
  `SelectedTournament` bigint(20) DEFAULT '-1',
  `SelectedScoreEntry` bigint(20) DEFAULT '-1',
  `SelectedHole` bigint(20) DEFAULT '-1',
  `SelectedRound` bigint(20) DEFAULT '-1',
  `updatetimestamp` datetime DEFAULT '0000-00-00 00:00:00',
  PRIMARY KEY (`iduiselected`)
) ENGINE=InnoDB DEFAULT CHARSET=latin1;
/*!40101 SET character_set_client = @saved_cs_client */;

--
-- Dumping data for table `uiselected`
--

LOCK TABLES `uiselected` WRITE;
/*!40000 ALTER TABLE `uiselected` DISABLE KEYS */;
INSERT INTO `uiselected` VALUES (0,1,1615015622967,1615015621014,2,'0000-00-00 00:00:00');
/*!40000 ALTER TABLE `uiselected` ENABLE KEYS */;
UNLOCK TABLES;

--
-- Dumping routines for database 'golf'
--
/*!50003 DROP FUNCTION IF EXISTS `GetPlayerAgeFromID` */;
/*!50003 SET @saved_cs_client      = @@character_set_client */ ;
/*!50003 SET @saved_cs_results     = @@character_set_results */ ;
/*!50003 SET @saved_col_connection = @@collation_connection */ ;
/*!50003 SET character_set_client  = utf8mb4 */ ;
/*!50003 SET character_set_results = utf8mb4 */ ;
/*!50003 SET collation_connection  = utf8mb4_general_ci */ ;
/*!50003 SET @saved_sql_mode       = @@sql_mode */ ;
/*!50003 SET sql_mode              = 'STRICT_TRANS_TABLES,NO_AUTO_CREATE_USER,NO_ENGINE_SUBSTITUTION' */ ;
DELIMITER ;;
CREATE DEFINER=`root`@`localhost` FUNCTION `GetPlayerAgeFromID`(iSelectedID BIGINT) RETURNS int(11)
    READS SQL DATA
    DETERMINISTIC
BEGIN
declare Age int;
SELECT FLOOR(((TO_DAYS(NOW())+1)- TO_DAYS(DOB)) / (365.25)) into Age FROM golf.players where playerid = iSelectedID;

RETURN Age;
END ;;
DELIMITER ;
/*!50003 SET sql_mode              = @saved_sql_mode */ ;
/*!50003 SET character_set_client  = @saved_cs_client */ ;
/*!50003 SET character_set_results = @saved_cs_results */ ;
/*!50003 SET collation_connection  = @saved_col_connection */ ;
/*!50003 DROP FUNCTION IF EXISTS `GetPlayerCountryFlagFromID` */;
/*!50003 SET @saved_cs_client      = @@character_set_client */ ;
/*!50003 SET @saved_cs_results     = @@character_set_results */ ;
/*!50003 SET @saved_col_connection = @@collation_connection */ ;
/*!50003 SET character_set_client  = utf8mb4 */ ;
/*!50003 SET character_set_results = utf8mb4 */ ;
/*!50003 SET collation_connection  = utf8mb4_general_ci */ ;
/*!50003 SET @saved_sql_mode       = @@sql_mode */ ;
/*!50003 SET sql_mode              = 'STRICT_TRANS_TABLES,NO_AUTO_CREATE_USER,NO_ENGINE_SUBSTITUTION' */ ;
DELIMITER ;;
CREATE DEFINER=`root`@`localhost` FUNCTION `GetPlayerCountryFlagFromID`(iSelectedId bigint) RETURNS varchar(400) CHARSET latin1
    READS SQL DATA
    DETERMINISTIC
BEGIN
declare retCountryFlag varchar(400) default '';
select c.countryFlag into retCountryFlag from players c where PlayerID = iSelectedId;

RETURN retCountryFlag;
END ;;
DELIMITER ;
/*!50003 SET sql_mode              = @saved_sql_mode */ ;
/*!50003 SET character_set_client  = @saved_cs_client */ ;
/*!50003 SET character_set_results = @saved_cs_results */ ;
/*!50003 SET collation_connection  = @saved_col_connection */ ;
/*!50003 DROP FUNCTION IF EXISTS `GetPlayerCountryFromID` */;
/*!50003 SET @saved_cs_client      = @@character_set_client */ ;
/*!50003 SET @saved_cs_results     = @@character_set_results */ ;
/*!50003 SET @saved_col_connection = @@collation_connection */ ;
/*!50003 SET character_set_client  = utf8mb4 */ ;
/*!50003 SET character_set_results = utf8mb4 */ ;
/*!50003 SET collation_connection  = utf8mb4_general_ci */ ;
/*!50003 SET @saved_sql_mode       = @@sql_mode */ ;
/*!50003 SET sql_mode              = 'STRICT_TRANS_TABLES,NO_AUTO_CREATE_USER,NO_ENGINE_SUBSTITUTION' */ ;
DELIMITER ;;
CREATE DEFINER=`root`@`localhost` FUNCTION `GetPlayerCountryFromID`(iSelectedId bigint) RETURNS varchar(400) CHARSET latin1
    READS SQL DATA
    DETERMINISTIC
BEGIN
declare retCountry varchar(400) default '';
select c.country into retCountry from players c where PlayerID = iSelectedId;

RETURN retCountry;
END ;;
DELIMITER ;
/*!50003 SET sql_mode              = @saved_sql_mode */ ;
/*!50003 SET character_set_client  = @saved_cs_client */ ;
/*!50003 SET character_set_results = @saved_cs_results */ ;
/*!50003 SET collation_connection  = @saved_col_connection */ ;
/*!50003 DROP FUNCTION IF EXISTS `GetPlayerInitialAndSurnameFromID` */;
/*!50003 SET @saved_cs_client      = @@character_set_client */ ;
/*!50003 SET @saved_cs_results     = @@character_set_results */ ;
/*!50003 SET @saved_col_connection = @@collation_connection */ ;
/*!50003 SET character_set_client  = utf8mb4 */ ;
/*!50003 SET character_set_results = utf8mb4 */ ;
/*!50003 SET collation_connection  = utf8mb4_general_ci */ ;
/*!50003 SET @saved_sql_mode       = @@sql_mode */ ;
/*!50003 SET sql_mode              = 'STRICT_TRANS_TABLES,NO_AUTO_CREATE_USER,NO_ENGINE_SUBSTITUTION' */ ;
DELIMITER ;;
CREATE DEFINER=`root`@`localhost` FUNCTION `GetPlayerInitialAndSurnameFromID`(iSelectedId bigint) RETURNS varchar(400) CHARSET latin1
    READS SQL DATA
    DETERMINISTIC
BEGIN
declare result varchar(400) default '';
select concat(left(firstname,1),'. ', lastname) into result from players c where PlayerID = iSelectedId;

RETURN result;
END ;;
DELIMITER ;
/*!50003 SET sql_mode              = @saved_sql_mode */ ;
/*!50003 SET character_set_client  = @saved_cs_client */ ;
/*!50003 SET character_set_results = @saved_cs_results */ ;
/*!50003 SET collation_connection  = @saved_col_connection */ ;
/*!50003 DROP FUNCTION IF EXISTS `GetPlayerNameAndSurnameFromID` */;
/*!50003 SET @saved_cs_client      = @@character_set_client */ ;
/*!50003 SET @saved_cs_results     = @@character_set_results */ ;
/*!50003 SET @saved_col_connection = @@collation_connection */ ;
/*!50003 SET character_set_client  = utf8mb4 */ ;
/*!50003 SET character_set_results = utf8mb4 */ ;
/*!50003 SET collation_connection  = utf8mb4_general_ci */ ;
/*!50003 SET @saved_sql_mode       = @@sql_mode */ ;
/*!50003 SET sql_mode              = 'STRICT_TRANS_TABLES,NO_AUTO_CREATE_USER,NO_ENGINE_SUBSTITUTION' */ ;
DELIMITER ;;
CREATE DEFINER=`root`@`localhost` FUNCTION `GetPlayerNameAndSurnameFromID`(iSelectedId bigint) RETURNS varchar(400) CHARSET latin1
    READS SQL DATA
    DETERMINISTIC
BEGIN
declare retSurname varchar(400) default '';
select concat(c.firstname,' ',c.lastname) into retSurname from players c where PlayerID = iSelectedId;

RETURN retSurname;
END ;;
DELIMITER ;
/*!50003 SET sql_mode              = @saved_sql_mode */ ;
/*!50003 SET character_set_client  = @saved_cs_client */ ;
/*!50003 SET character_set_results = @saved_cs_results */ ;
/*!50003 SET collation_connection  = @saved_col_connection */ ;
/*!50003 DROP FUNCTION IF EXISTS `GetPlayerNameFromID` */;
/*!50003 SET @saved_cs_client      = @@character_set_client */ ;
/*!50003 SET @saved_cs_results     = @@character_set_results */ ;
/*!50003 SET @saved_col_connection = @@collation_connection */ ;
/*!50003 SET character_set_client  = utf8mb4 */ ;
/*!50003 SET character_set_results = utf8mb4 */ ;
/*!50003 SET collation_connection  = utf8mb4_general_ci */ ;
/*!50003 SET @saved_sql_mode       = @@sql_mode */ ;
/*!50003 SET sql_mode              = 'STRICT_TRANS_TABLES,NO_AUTO_CREATE_USER,NO_ENGINE_SUBSTITUTION' */ ;
DELIMITER ;;
CREATE DEFINER=`root`@`localhost` FUNCTION `GetPlayerNameFromID`(iSelectedId bigint) RETURNS varchar(400) CHARSET latin1
    READS SQL DATA
    DETERMINISTIC
BEGIN
declare retname varchar(400) default '';
select c.firstname into retname from players c where PlayerID = iSelectedId;

RETURN retname;
END ;;
DELIMITER ;
/*!50003 SET sql_mode              = @saved_sql_mode */ ;
/*!50003 SET character_set_client  = @saved_cs_client */ ;
/*!50003 SET character_set_results = @saved_cs_results */ ;
/*!50003 SET collation_connection  = @saved_col_connection */ ;
/*!50003 DROP FUNCTION IF EXISTS `GetPlayerNameIfSurnameEmpty` */;
/*!50003 SET @saved_cs_client      = @@character_set_client */ ;
/*!50003 SET @saved_cs_results     = @@character_set_results */ ;
/*!50003 SET @saved_col_connection = @@collation_connection */ ;
/*!50003 SET character_set_client  = utf8mb4 */ ;
/*!50003 SET character_set_results = utf8mb4 */ ;
/*!50003 SET collation_connection  = utf8mb4_general_ci */ ;
/*!50003 SET @saved_sql_mode       = @@sql_mode */ ;
/*!50003 SET sql_mode              = 'STRICT_TRANS_TABLES,NO_AUTO_CREATE_USER,NO_ENGINE_SUBSTITUTION' */ ;
DELIMITER ;;
CREATE DEFINER=`root`@`localhost` FUNCTION `GetPlayerNameIfSurnameEmpty`(iPlayerID BIGINT) RETURNS varchar(120) CHARSET latin1
    READS SQL DATA
    DETERMINISTIC
BEGIN
DECLARE ReturnName varchar(120); 
select if(lastname IS NULL OR lastname = '',firstname,lastname) INTO ReturnName from golf.players where playerid =  iPlayerID;
RETURN ReturnName;
END ;;
DELIMITER ;
/*!50003 SET sql_mode              = @saved_sql_mode */ ;
/*!50003 SET character_set_client  = @saved_cs_client */ ;
/*!50003 SET character_set_results = @saved_cs_results */ ;
/*!50003 SET collation_connection  = @saved_col_connection */ ;
/*!50003 DROP FUNCTION IF EXISTS `GetPlayerSelectedHoleParScore` */;
/*!50003 SET @saved_cs_client      = @@character_set_client */ ;
/*!50003 SET @saved_cs_results     = @@character_set_results */ ;
/*!50003 SET @saved_col_connection = @@collation_connection */ ;
/*!50003 SET character_set_client  = utf8mb4 */ ;
/*!50003 SET character_set_results = utf8mb4 */ ;
/*!50003 SET collation_connection  = utf8mb4_general_ci */ ;
/*!50003 SET @saved_sql_mode       = @@sql_mode */ ;
/*!50003 SET sql_mode              = 'STRICT_TRANS_TABLES,NO_AUTO_CREATE_USER,NO_ENGINE_SUBSTITUTION' */ ;
DELIMITER ;;
CREATE DEFINER=`root`@`localhost` FUNCTION `GetPlayerSelectedHoleParScore`(iSelectedID BIGINT) RETURNS int(11)
    READS SQL DATA
    DETERMINISTIC
BEGIN
declare retPar int default 0;
SELECT c.par into retPar FROM golf.courseholes c where  c.idcourseholes = iSelectedID;

RETURN retPar;
END ;;
DELIMITER ;
/*!50003 SET sql_mode              = @saved_sql_mode */ ;
/*!50003 SET character_set_client  = @saved_cs_client */ ;
/*!50003 SET character_set_results = @saved_cs_results */ ;
/*!50003 SET collation_connection  = @saved_col_connection */ ;
/*!50003 DROP FUNCTION IF EXISTS `GetPlayerSelectedRoundHolesPlayed` */;
/*!50003 SET @saved_cs_client      = @@character_set_client */ ;
/*!50003 SET @saved_cs_results     = @@character_set_results */ ;
/*!50003 SET @saved_col_connection = @@collation_connection */ ;
/*!50003 SET character_set_client  = utf8mb4 */ ;
/*!50003 SET character_set_results = utf8mb4 */ ;
/*!50003 SET collation_connection  = utf8mb4_general_ci */ ;
/*!50003 SET @saved_sql_mode       = @@sql_mode */ ;
/*!50003 SET sql_mode              = 'STRICT_TRANS_TABLES,NO_AUTO_CREATE_USER,NO_ENGINE_SUBSTITUTION' */ ;
DELIMITER ;;
CREATE DEFINER=`root`@`localhost` FUNCTION `GetPlayerSelectedRoundHolesPlayed`(iSelectedID BIGINT) RETURNS int(11)
    READS SQL DATA
    DETERMINISTIC
BEGIN
declare retResult int default 0;

SELECT Count(*)  into retResult FROM golf.shots s where s.idscore = iSelectedID and HoleStatus=2;

RETURN retResult;
END ;;
DELIMITER ;
/*!50003 SET sql_mode              = @saved_sql_mode */ ;
/*!50003 SET character_set_client  = @saved_cs_client */ ;
/*!50003 SET character_set_results = @saved_cs_results */ ;
/*!50003 SET collation_connection  = @saved_col_connection */ ;
/*!50003 DROP FUNCTION IF EXISTS `GetPlayerSelectedRoundHolesPlayedBack9` */;
/*!50003 SET @saved_cs_client      = @@character_set_client */ ;
/*!50003 SET @saved_cs_results     = @@character_set_results */ ;
/*!50003 SET @saved_col_connection = @@collation_connection */ ;
/*!50003 SET character_set_client  = utf8mb4 */ ;
/*!50003 SET character_set_results = utf8mb4 */ ;
/*!50003 SET collation_connection  = utf8mb4_general_ci */ ;
/*!50003 SET @saved_sql_mode       = @@sql_mode */ ;
/*!50003 SET sql_mode              = 'STRICT_TRANS_TABLES,NO_AUTO_CREATE_USER,NO_ENGINE_SUBSTITUTION' */ ;
DELIMITER ;;
CREATE DEFINER=`root`@`localhost` FUNCTION `GetPlayerSelectedRoundHolesPlayedBack9`(iSelectedID BIGINT) RETURNS int(11)
    READS SQL DATA
    DETERMINISTIC
BEGIN
declare retResult int default 0;

SELECT count(*) into retResult FROM golf.courseholes sc,golf.shots s  where sc.idcourseholes=s.holeid and   s.idscore = iSelectedID and HoleStatus=2  and sc.HoleNumber between 10 and 18;

RETURN retResult;
END ;;
DELIMITER ;
/*!50003 SET sql_mode              = @saved_sql_mode */ ;
/*!50003 SET character_set_client  = @saved_cs_client */ ;
/*!50003 SET character_set_results = @saved_cs_results */ ;
/*!50003 SET collation_connection  = @saved_col_connection */ ;
/*!50003 DROP FUNCTION IF EXISTS `GetPlayerSelectedRoundHolesPlayedBack9Total` */;
/*!50003 SET @saved_cs_client      = @@character_set_client */ ;
/*!50003 SET @saved_cs_results     = @@character_set_results */ ;
/*!50003 SET @saved_col_connection = @@collation_connection */ ;
/*!50003 SET character_set_client  = utf8mb4 */ ;
/*!50003 SET character_set_results = utf8mb4 */ ;
/*!50003 SET collation_connection  = utf8mb4_general_ci */ ;
/*!50003 SET @saved_sql_mode       = @@sql_mode */ ;
/*!50003 SET sql_mode              = 'STRICT_TRANS_TABLES,NO_AUTO_CREATE_USER,NO_ENGINE_SUBSTITUTION' */ ;
DELIMITER ;;
CREATE DEFINER=`root`@`localhost` FUNCTION `GetPlayerSelectedRoundHolesPlayedBack9Total`(iSelectedID BIGINT) RETURNS int(11)
    READS SQL DATA
    DETERMINISTIC
BEGIN
declare retCount int default 0;
declare retResult int default 0;

SELECT count(*) into retCount FROM golf.courseholes sc,golf.shots s  where sc.idcourseholes=s.holeid and   s.idscore = iSelectedID and HoleStatus=2  and sc.HoleNumber between 10 and 18;

if retCount <9 then 
return 0;
end if;
SELECT sum(s.strokes) into retResult FROM golf.courseholes sc,golf.shots s  where sc.idcourseholes=s.holeid and   s.idscore = iSelectedID and HoleStatus=2  and sc.HoleNumber between 10 and 18;
RETURN retResult;
END ;;
DELIMITER ;
/*!50003 SET sql_mode              = @saved_sql_mode */ ;
/*!50003 SET character_set_client  = @saved_cs_client */ ;
/*!50003 SET character_set_results = @saved_cs_results */ ;
/*!50003 SET collation_connection  = @saved_col_connection */ ;
/*!50003 DROP FUNCTION IF EXISTS `GetPlayerSelectedRoundHolesPlayedFront9` */;
/*!50003 SET @saved_cs_client      = @@character_set_client */ ;
/*!50003 SET @saved_cs_results     = @@character_set_results */ ;
/*!50003 SET @saved_col_connection = @@collation_connection */ ;
/*!50003 SET character_set_client  = utf8mb4 */ ;
/*!50003 SET character_set_results = utf8mb4 */ ;
/*!50003 SET collation_connection  = utf8mb4_general_ci */ ;
/*!50003 SET @saved_sql_mode       = @@sql_mode */ ;
/*!50003 SET sql_mode              = 'STRICT_TRANS_TABLES,NO_AUTO_CREATE_USER,NO_ENGINE_SUBSTITUTION' */ ;
DELIMITER ;;
CREATE DEFINER=`root`@`localhost` FUNCTION `GetPlayerSelectedRoundHolesPlayedFront9`(iSelectedID BIGINT) RETURNS int(11)
    READS SQL DATA
    DETERMINISTIC
BEGIN
declare retResult int default 0;

SELECT count(*) into retResult  FROM golf.courseholes sc,golf.shots s  where sc.idcourseholes=s.holeid and   s.idscore = iSelectedID and HoleStatus=2  and sc.HoleNumber between 1 and 9;

RETURN retResult;
END ;;
DELIMITER ;
/*!50003 SET sql_mode              = @saved_sql_mode */ ;
/*!50003 SET character_set_client  = @saved_cs_client */ ;
/*!50003 SET character_set_results = @saved_cs_results */ ;
/*!50003 SET collation_connection  = @saved_col_connection */ ;
/*!50003 DROP FUNCTION IF EXISTS `GetPlayerSelectedRoundHolesPlayedFront9Total` */;
/*!50003 SET @saved_cs_client      = @@character_set_client */ ;
/*!50003 SET @saved_cs_results     = @@character_set_results */ ;
/*!50003 SET @saved_col_connection = @@collation_connection */ ;
/*!50003 SET character_set_client  = utf8mb4 */ ;
/*!50003 SET character_set_results = utf8mb4 */ ;
/*!50003 SET collation_connection  = utf8mb4_general_ci */ ;
/*!50003 SET @saved_sql_mode       = @@sql_mode */ ;
/*!50003 SET sql_mode              = 'STRICT_TRANS_TABLES,NO_AUTO_CREATE_USER,NO_ENGINE_SUBSTITUTION' */ ;
DELIMITER ;;
CREATE DEFINER=`root`@`localhost` FUNCTION `GetPlayerSelectedRoundHolesPlayedFront9Total`(iSelectedID BIGINT) RETURNS int(11)
    READS SQL DATA
    DETERMINISTIC
BEGIN
declare retCount int default 0;
declare retResult int default 0;

SELECT count(*) into retCount FROM golf.courseholes sc,golf.shots s  where sc.idcourseholes=s.holeid and   s.idscore = iSelectedID and HoleStatus=2  and sc.HoleNumber between 1 and 9;

if retCount < 9 then 
return 0;
end if;
SELECT sum(s.strokes) into retResult FROM golf.courseholes sc,golf.shots s  where sc.idcourseholes=s.holeid and   s.idscore = iSelectedID and HoleStatus=2  and sc.HoleNumber between 1 and 9;
RETURN retResult;
END ;;
DELIMITER ;
/*!50003 SET sql_mode              = @saved_sql_mode */ ;
/*!50003 SET character_set_client  = @saved_cs_client */ ;
/*!50003 SET character_set_results = @saved_cs_results */ ;
/*!50003 SET collation_connection  = @saved_col_connection */ ;
/*!50003 DROP FUNCTION IF EXISTS `GetPlayerSelectedRoundHolesPlayedPar` */;
/*!50003 SET @saved_cs_client      = @@character_set_client */ ;
/*!50003 SET @saved_cs_results     = @@character_set_results */ ;
/*!50003 SET @saved_col_connection = @@collation_connection */ ;
/*!50003 SET character_set_client  = utf8mb4 */ ;
/*!50003 SET character_set_results = utf8mb4 */ ;
/*!50003 SET collation_connection  = utf8mb4_general_ci */ ;
/*!50003 SET @saved_sql_mode       = @@sql_mode */ ;
/*!50003 SET sql_mode              = 'STRICT_TRANS_TABLES,NO_AUTO_CREATE_USER,NO_ENGINE_SUBSTITUTION' */ ;
DELIMITER ;;
CREATE DEFINER=`root`@`localhost` FUNCTION `GetPlayerSelectedRoundHolesPlayedPar`(iSelectedID BIGINT) RETURNS int(11)
    READS SQL DATA
    DETERMINISTIC
BEGIN
declare retPar int default 0;
SELECT ifnull(sum(c.par),0) into retPar FROM golf.shots s,golf.courseholes c where s.idscore = iSelectedID and HoleStatus=2 and c.idcourseholes = holeid;

RETURN retPar;
END ;;
DELIMITER ;
/*!50003 SET sql_mode              = @saved_sql_mode */ ;
/*!50003 SET character_set_client  = @saved_cs_client */ ;
/*!50003 SET character_set_results = @saved_cs_results */ ;
/*!50003 SET collation_connection  = @saved_col_connection */ ;
/*!50003 DROP FUNCTION IF EXISTS `GetPlayerSelectedRoundHolesPlayedStrokes` */;
/*!50003 SET @saved_cs_client      = @@character_set_client */ ;
/*!50003 SET @saved_cs_results     = @@character_set_results */ ;
/*!50003 SET @saved_col_connection = @@collation_connection */ ;
/*!50003 SET character_set_client  = utf8mb4 */ ;
/*!50003 SET character_set_results = utf8mb4 */ ;
/*!50003 SET collation_connection  = utf8mb4_general_ci */ ;
/*!50003 SET @saved_sql_mode       = @@sql_mode */ ;
/*!50003 SET sql_mode              = 'STRICT_TRANS_TABLES,NO_AUTO_CREATE_USER,NO_ENGINE_SUBSTITUTION' */ ;
DELIMITER ;;
CREATE DEFINER=`root`@`localhost` FUNCTION `GetPlayerSelectedRoundHolesPlayedStrokes`(iSelectedID BIGINT) RETURNS int(11)
    READS SQL DATA
    DETERMINISTIC
BEGIN
declare retStrokes int default 0;
SELECT ifnull(sum(s.strokes),0) into retStrokes FROM golf.shots s where s.idscore = iSelectedID and HoleStatus=2;

RETURN retStrokes;
END ;;
DELIMITER ;
/*!50003 SET sql_mode              = @saved_sql_mode */ ;
/*!50003 SET character_set_client  = @saved_cs_client */ ;
/*!50003 SET character_set_results = @saved_cs_results */ ;
/*!50003 SET collation_connection  = @saved_col_connection */ ;
/*!50003 DROP FUNCTION IF EXISTS `GetPlayerSelectedRoundLastCompletedHole` */;
/*!50003 SET @saved_cs_client      = @@character_set_client */ ;
/*!50003 SET @saved_cs_results     = @@character_set_results */ ;
/*!50003 SET @saved_col_connection = @@collation_connection */ ;
/*!50003 SET character_set_client  = utf8mb4 */ ;
/*!50003 SET character_set_results = utf8mb4 */ ;
/*!50003 SET collation_connection  = utf8mb4_general_ci */ ;
/*!50003 SET @saved_sql_mode       = @@sql_mode */ ;
/*!50003 SET sql_mode              = 'STRICT_TRANS_TABLES,NO_AUTO_CREATE_USER,NO_ENGINE_SUBSTITUTION' */ ;
DELIMITER ;;
CREATE DEFINER=`root`@`localhost` FUNCTION `GetPlayerSelectedRoundLastCompletedHole`(iSelectedID BIGINT) RETURNS int(11)
    READS SQL DATA
    DETERMINISTIC
BEGIN
declare retResult int default 0;


SELECT HoleNumber  into retResult
FROM golf.shots s,golf.score sc,golf.courseholes c where s.holeid=c.idcourseholes and sc.idscore = s.idscore and  s.idscore = iSelectedID and s.HoleStatus=2

order by if(sc.back9start=1, if(c.HoleNumber>9,(c.HoleNumber-9),c.HoleNumber+9),c.HoleNumber) desc
limit 1;

#SELECT HoleNumber into retResult  FROM golf.courseholes where idcourseholes =
#(SELECT holeid FROM golf.shots WHERE shotsid= (SELECT MAX(shotsid) FROM golf.shots s,golf.uiselected u where s.idscore = iSelectedID and s.HoleStatus=2));

RETURN retResult;
END ;;
DELIMITER ;
/*!50003 SET sql_mode              = @saved_sql_mode */ ;
/*!50003 SET character_set_client  = @saved_cs_client */ ;
/*!50003 SET character_set_results = @saved_cs_results */ ;
/*!50003 SET collation_connection  = @saved_col_connection */ ;
/*!50003 DROP FUNCTION IF EXISTS `GetPlayerSelectedRoundScore` */;
/*!50003 SET @saved_cs_client      = @@character_set_client */ ;
/*!50003 SET @saved_cs_results     = @@character_set_results */ ;
/*!50003 SET @saved_col_connection = @@collation_connection */ ;
/*!50003 SET character_set_client  = utf8mb4 */ ;
/*!50003 SET character_set_results = utf8mb4 */ ;
/*!50003 SET collation_connection  = utf8mb4_general_ci */ ;
/*!50003 SET @saved_sql_mode       = @@sql_mode */ ;
/*!50003 SET sql_mode              = 'STRICT_TRANS_TABLES,NO_AUTO_CREATE_USER,NO_ENGINE_SUBSTITUTION' */ ;
DELIMITER ;;
CREATE DEFINER=`root`@`localhost` FUNCTION `GetPlayerSelectedRoundScore`(iSelectedID BIGINT) RETURNS varchar(45) CHARSET latin1
    READS SQL DATA
    DETERMINISTIC
BEGIN
declare retscore int default 0;
declare retStrokesPlayed int default 0;
declare retHolesPlayedPar int default 0;
declare retResult varchar(45) default '';

SELECT   GetPlayerSelectedRoundHolesPlayedStrokes(iSelectedID) into retStrokesPlayed; 
SELECT   GetPlayerSelectedRoundHolesPlayedPar(iSelectedID) into retHolesPlayedPar;

if retStrokesPlayed=0 and retHolesPlayedPar=0 then
return '';
end if;

select (retStrokesPlayed - retHolesPlayedPar) into retscore;
select case  SIGN(retscore)  when 1 then concat('+',retscore) when 0 then 'E' else retscore end into retResult;

RETURN retResult;
END ;;
DELIMITER ;
/*!50003 SET sql_mode              = @saved_sql_mode */ ;
/*!50003 SET character_set_client  = @saved_cs_client */ ;
/*!50003 SET character_set_results = @saved_cs_results */ ;
/*!50003 SET collation_connection  = @saved_col_connection */ ;
/*!50003 DROP FUNCTION IF EXISTS `GetPlayerSelectedStrokeDescription` */;
/*!50003 SET @saved_cs_client      = @@character_set_client */ ;
/*!50003 SET @saved_cs_results     = @@character_set_results */ ;
/*!50003 SET @saved_col_connection = @@collation_connection */ ;
/*!50003 SET character_set_client  = utf8mb4 */ ;
/*!50003 SET character_set_results = utf8mb4 */ ;
/*!50003 SET collation_connection  = utf8mb4_general_ci */ ;
/*!50003 SET @saved_sql_mode       = @@sql_mode */ ;
/*!50003 SET sql_mode              = 'STRICT_TRANS_TABLES,NO_AUTO_CREATE_USER,NO_ENGINE_SUBSTITUTION' */ ;
DELIMITER ;;
CREATE DEFINER=`root`@`localhost` FUNCTION `GetPlayerSelectedStrokeDescription`(iSelectedID BIGINT) RETURNS varchar(45) CHARSET latin1
    READS SQL DATA
    DETERMINISTIC
BEGIN

declare retResult varchar(45) default '';


RETURN retResult;
END ;;
DELIMITER ;
/*!50003 SET sql_mode              = @saved_sql_mode */ ;
/*!50003 SET character_set_client  = @saved_cs_client */ ;
/*!50003 SET character_set_results = @saved_cs_results */ ;
/*!50003 SET collation_connection  = @saved_col_connection */ ;
/*!50003 DROP FUNCTION IF EXISTS `GetPlayerSelectedStrokesFromHoleParDescription` */;
/*!50003 SET @saved_cs_client      = @@character_set_client */ ;
/*!50003 SET @saved_cs_results     = @@character_set_results */ ;
/*!50003 SET @saved_col_connection = @@collation_connection */ ;
/*!50003 SET character_set_client  = utf8mb4 */ ;
/*!50003 SET character_set_results = utf8mb4 */ ;
/*!50003 SET collation_connection  = utf8mb4_general_ci */ ;
/*!50003 SET @saved_sql_mode       = @@sql_mode */ ;
/*!50003 SET sql_mode              = 'STRICT_TRANS_TABLES,NO_AUTO_CREATE_USER,NO_ENGINE_SUBSTITUTION' */ ;
DELIMITER ;;
CREATE DEFINER=`root`@`localhost` FUNCTION `GetPlayerSelectedStrokesFromHoleParDescription`(iSelectedID BIGINT) RETURNS varchar(45) CHARSET latin1
    READS SQL DATA
    DETERMINISTIC
BEGIN

declare retResult varchar(45) default '';
declare varStrokes int default -1;
declare varPar int default -1;
declare VarTotal int;

SELECT s.strokes into varStrokes FROM golf.shots s where s.shotsid =iSelectedID;

SELECT Par into varPar  FROM golf.courseholes sc,golf.shots s ,golf.uiselected u where sc.idcourseholes=s.holeid   and s.shotsid=u.SelectedHole;

select (varStrokes - varPar) into VarTotal;

case VarTotal 

when -2 then
select 'FOR EAGLE' into retResult;
when -1 then
select 'FOR BIRDIE' into retResult;
when 0 then
select 'FOR PAR' into retResult;
when 1 then
select 'FOR BOGEY' into retResult;
when 2 then
select 'FOR DOUBLE BOGEY' into retResult;
when 3 then
select '3 OVER PAR' into retResult;
when 4 then
select '4 OVER PAR' into retResult;
else
select case varStrokes 
when 1 then '1st SHOT'
when 2 then '2nd SHOT' 
end into retResult;
end case;


RETURN retResult;
END ;;
DELIMITER ;
/*!50003 SET sql_mode              = @saved_sql_mode */ ;
/*!50003 SET character_set_client  = @saved_cs_client */ ;
/*!50003 SET character_set_results = @saved_cs_results */ ;
/*!50003 SET collation_connection  = @saved_col_connection */ ;
/*!50003 DROP FUNCTION IF EXISTS `GetPlayerSelectedStrokesFromHoleParFlag` */;
/*!50003 SET @saved_cs_client      = @@character_set_client */ ;
/*!50003 SET @saved_cs_results     = @@character_set_results */ ;
/*!50003 SET @saved_col_connection = @@collation_connection */ ;
/*!50003 SET character_set_client  = utf8mb4 */ ;
/*!50003 SET character_set_results = utf8mb4 */ ;
/*!50003 SET collation_connection  = utf8mb4_general_ci */ ;
/*!50003 SET @saved_sql_mode       = @@sql_mode */ ;
/*!50003 SET sql_mode              = 'STRICT_TRANS_TABLES,NO_AUTO_CREATE_USER,NO_ENGINE_SUBSTITUTION' */ ;
DELIMITER ;;
CREATE DEFINER=`root`@`localhost` FUNCTION `GetPlayerSelectedStrokesFromHoleParFlag`(iSelectedID BIGINT) RETURNS int(11)
    READS SQL DATA
    DETERMINISTIC
BEGIN

declare varStrokes int default -1;
declare varPar int default -1;
declare VarTotal int;
declare retResult int default 0;

SELECT s.strokes into varStrokes FROM golf.shots s where s.shotsid =iSelectedID;

SELECT Par into varPar  FROM golf.courseholes sc,golf.shots s where sc.idcourseholes=s.holeid   and s.shotsid=iSelectedID;

select (varStrokes - varPar) into VarTotal;

case VarTotal 

when -2 then
select 	1 into retResult;
when -1 then
select 2 into retResult;
when 0 then
select 3 into retResult;
when 1 then
select 4 into retResult;
when 2 then
select 5 into retResult;
when 3 then
select 5 into retResult;
when 4 then
select 5 into retResult;
else
select case varStrokes 
when 1 then 0
when 2 then 0 
end into retResult;
end case;


RETURN retResult;
END ;;
DELIMITER ;
/*!50003 SET sql_mode              = @saved_sql_mode */ ;
/*!50003 SET character_set_client  = @saved_cs_client */ ;
/*!50003 SET character_set_results = @saved_cs_results */ ;
/*!50003 SET collation_connection  = @saved_col_connection */ ;
/*!50003 DROP FUNCTION IF EXISTS `GetPlayerSelectedTournamentPosition` */;
/*!50003 SET @saved_cs_client      = @@character_set_client */ ;
/*!50003 SET @saved_cs_results     = @@character_set_results */ ;
/*!50003 SET @saved_col_connection = @@collation_connection */ ;
/*!50003 SET character_set_client  = utf8mb4 */ ;
/*!50003 SET character_set_results = utf8mb4 */ ;
/*!50003 SET collation_connection  = utf8mb4_general_ci */ ;
/*!50003 SET @saved_sql_mode       = @@sql_mode */ ;
/*!50003 SET sql_mode              = 'STRICT_TRANS_TABLES,NO_AUTO_CREATE_USER,NO_ENGINE_SUBSTITUTION' */ ;
DELIMITER ;;
CREATE DEFINER=`root`@`localhost` FUNCTION `GetPlayerSelectedTournamentPosition`(iSelectedID BIGINT) RETURNS varchar(200) CHARSET latin1
    READS SQL DATA
    DETERMINISTIC
BEGIN

	declare Pos int default 0;
	declare retResult varchar(45) default '';

		SELECT s.Position into Pos FROM golf.score s where s.idscore = iSelectedID;

		select concat(convert(Pos,char(11)),
		case 
		when Pos%100 BETWEEN 11 AND 13 THEN 'th' 
		when Pos%10 = 1 THEN 'st' 
		WHEN Pos%10 = 2 THEN 'nd' 
		WHEN Pos%10 = 3 THEN 'rd'  
		ELSE 'th' end   )  into retResult;

RETURN retResult;
END ;;
DELIMITER ;
/*!50003 SET sql_mode              = @saved_sql_mode */ ;
/*!50003 SET character_set_client  = @saved_cs_client */ ;
/*!50003 SET character_set_results = @saved_cs_results */ ;
/*!50003 SET collation_connection  = @saved_col_connection */ ;
/*!50003 DROP FUNCTION IF EXISTS `GetPlayerSelectedTournamentScore` */;
/*!50003 SET @saved_cs_client      = @@character_set_client */ ;
/*!50003 SET @saved_cs_results     = @@character_set_results */ ;
/*!50003 SET @saved_col_connection = @@collation_connection */ ;
/*!50003 SET character_set_client  = utf8mb4 */ ;
/*!50003 SET character_set_results = utf8mb4 */ ;
/*!50003 SET collation_connection  = utf8mb4_general_ci */ ;
/*!50003 SET @saved_sql_mode       = @@sql_mode */ ;
/*!50003 SET sql_mode              = 'STRICT_TRANS_TABLES,NO_AUTO_CREATE_USER,NO_ENGINE_SUBSTITUTION' */ ;
DELIMITER ;;
CREATE DEFINER=`root`@`localhost` FUNCTION `GetPlayerSelectedTournamentScore`(iSelectedID BIGINT) RETURNS varchar(45) CHARSET latin1
    READS SQL DATA
    DETERMINISTIC
BEGIN
declare retscore int default 0;
declare retResult varchar(45) default '';
declare playerShotsExist int default 0;

SELECT count(*) into playerShotsExist FROM golf.score sc,golf.shots s where sc.idscore = s.idscore and playerid=iSelectedID
and s.holestatus=2
group by playerid ;
#select count(*) into playerShotsExist FROM golf.shots s where s.idscore = (select max(idscore) from golf.score where playerid=iSelectedID) and s.holestatus=2;

if playerShotsExist=0 then
return '';
end if;

SELECT 
sum((GetPlayerSelectedRoundHolesPlayedStrokes(sc.idscore)-GetPlayerSelectedRoundHolesPlayedPar(sc.idscore))) into retscore
 FROM golf.score sc
where sc.playerid = iSelectedID and sc.Playerid <> -1;


select case  SIGN(retscore)  when 1 then concat('+',retscore) when 0 then 'E' else retscore end into retResult;

RETURN retResult;
END ;;
DELIMITER ;
/*!50003 SET sql_mode              = @saved_sql_mode */ ;
/*!50003 SET character_set_client  = @saved_cs_client */ ;
/*!50003 SET character_set_results = @saved_cs_results */ ;
/*!50003 SET collation_connection  = @saved_col_connection */ ;
/*!50003 DROP FUNCTION IF EXISTS `GetPlayerSelectedTournamentScoreFromSelectedHole` */;
/*!50003 SET @saved_cs_client      = @@character_set_client */ ;
/*!50003 SET @saved_cs_results     = @@character_set_results */ ;
/*!50003 SET @saved_col_connection = @@collation_connection */ ;
/*!50003 SET character_set_client  = utf8mb4 */ ;
/*!50003 SET character_set_results = utf8mb4 */ ;
/*!50003 SET collation_connection  = utf8mb4_general_ci */ ;
/*!50003 SET @saved_sql_mode       = @@sql_mode */ ;
/*!50003 SET sql_mode              = 'STRICT_TRANS_TABLES,NO_AUTO_CREATE_USER,NO_ENGINE_SUBSTITUTION' */ ;
DELIMITER ;;
CREATE DEFINER=`root`@`localhost` FUNCTION `GetPlayerSelectedTournamentScoreFromSelectedHole`(iSelectedID BIGINT) RETURNS varchar(45) CHARSET latin1
    READS SQL DATA
    DETERMINISTIC
BEGIN
declare retscore int default 0;
declare retParStrokes int default 0;
declare retRoundsScore int default 0;
declare retResult varchar(45) default '';
declare returnTournamentScore int default 0;
declare playerShotsExist int default 0;
declare BackStart int default 0;

select count(*) into playerShotsExist FROM golf.shots s where s.idscore = (select max(idscore) from golf.score where playerid=iSelectedID) and s.holestatus=2;

if playerShotsExist=0 then
return '';
end if;


SELECT sc.back9start into BackStart
 FROM golf.score sc,golf.uiselected u
where sc.playerid = (Select Playerid FROM golf.score s where s.idscore=u.SelectedScoreEntry);

if BackStart=1 then
return GetPlayerSelectedTournamentScoreFromSelectedHoleBack9Start((Select Playerid FROM golf.score s,golf.uiselected u where s.idscore=u.SelectedScoreEntry));
end if;


SELECT (sum(s.strokes) - sum(c.Par) )Score into retscore
FROM golf.shots s,golf.score sc,golf.courseholes c,golf.uiselected u
 where s.holeid=c.idcourseholes and sc.idscore = s.idscore and  s.idscore =  u.SelectedScoreEntry  and s.HoleStatus=2
 
 and HoleNumber < (SELECT HoleNumber FROM golf.shots s,golf.courseholes h,golf.uiselected u where s.holeid=h.idcourseholes and s.shotsid = u.SelectedHole)

order by if(sc.back9start=1, if(c.HoleNumber>9,(c.HoleNumber-9),c.HoleNumber+9),c.HoleNumber) desc;


if retRoundsScore is not null then
select (retRoundsScore -(-1*retscore)) into returnTournamentScore;
else
select retscore into returnTournamentScore;
end if;

select case  SIGN(returnTournamentScore)  when 1 then concat('+',returnTournamentScore) when 0 then 'E' else returnTournamentScore end into retResult;

RETURN retResult;
END ;;
DELIMITER ;
/*!50003 SET sql_mode              = @saved_sql_mode */ ;
/*!50003 SET character_set_client  = @saved_cs_client */ ;
/*!50003 SET character_set_results = @saved_cs_results */ ;
/*!50003 SET collation_connection  = @saved_col_connection */ ;
/*!50003 DROP FUNCTION IF EXISTS `GetPlayerSelectedTournamentScoreFromSelectedHoleBack9Start` */;
/*!50003 SET @saved_cs_client      = @@character_set_client */ ;
/*!50003 SET @saved_cs_results     = @@character_set_results */ ;
/*!50003 SET @saved_col_connection = @@collation_connection */ ;
/*!50003 SET character_set_client  = utf8mb4 */ ;
/*!50003 SET character_set_results = utf8mb4 */ ;
/*!50003 SET collation_connection  = utf8mb4_general_ci */ ;
/*!50003 SET @saved_sql_mode       = @@sql_mode */ ;
/*!50003 SET sql_mode              = 'STRICT_TRANS_TABLES,NO_AUTO_CREATE_USER,NO_ENGINE_SUBSTITUTION' */ ;
DELIMITER ;;
CREATE DEFINER=`root`@`localhost` FUNCTION `GetPlayerSelectedTournamentScoreFromSelectedHoleBack9Start`(iSelectedID BIGINT) RETURNS varchar(45) CHARSET latin1
    READS SQL DATA
    DETERMINISTIC
BEGIN
declare retscore int default 0;
declare retscoreBack9 int default 0;
declare retscoreFront9 int default 0;
declare retParStrokes int default 0;
declare retRoundsScore int default 0;
declare retResult varchar(45) default '';
declare retSelectedHole int default 0;
declare returnTournamentScore int default 0;
declare playerShotsExist int default 0;

select count(*) into playerShotsExist FROM golf.shots s where s.idscore = (select max(idscore) from golf.score where playerid=iSelectedID) and s.holestatus=2;

if playerShotsExist=0 then
return '';
end if;



SELECT 
sum((GetPlayerSelectedRoundHolesPlayedStrokes(sc.idscore)-GetPlayerSelectedRoundHolesPlayedPar(sc.idscore))) into retRoundsScore
 FROM golf.score sc,golf.uiselected u
where sc.playerid = (Select Playerid FROM golf.score s where s.idscore=u.SelectedScoreEntry) and sc.Playerid <> -1 and sc.roundid<u.SelectedRound and sc.roundid<>u.SelectedRound;


SELECT (sum(s.strokes) - sum(c.Par) )Score into retscoreBack9
FROM golf.shots s,golf.score sc,golf.courseholes c,golf.uiselected u
 where s.holeid=c.idcourseholes and sc.idscore = s.idscore and  s.idscore =  u.SelectedScoreEntry  and s.HoleStatus=2
 
 and HoleNumber > 9 and HoleNumber <= 18;


SELECT HoleNumber into retSelectedHole FROM golf.shots s,golf.courseholes h,golf.uiselected u where s.holeid=h.idcourseholes and s.shotsid = u.SelectedHole;

case  retSelectedHole 

when 1 then 

select retscoreBack9 into retscore;

 when 2 then 

SELECT (sum(s.strokes) - sum(c.Par) )Score into retscoreFront9
FROM golf.shots s,golf.score sc,golf.courseholes c,golf.uiselected u
 where s.holeid=c.idcourseholes and sc.idscore = s.idscore and  s.idscore =  u.SelectedScoreEntry  and s.HoleStatus=2
 
and HoleNumber=1;

select (retscoreBack9 -(-1*retscoreFront9)) into retscore;
 
 
 when 3 then 

SELECT (sum(s.strokes) - sum(c.Par) )Score into retscoreFront9
FROM golf.shots s,golf.score sc,golf.courseholes c,golf.uiselected u
 where s.holeid=c.idcourseholes and sc.idscore = s.idscore and  s.idscore =  u.SelectedScoreEntry  and s.HoleStatus=2
 
 and HoleNumber >= 1 and HoleNumber < 3;

select (retscoreBack9 -(-1*retscoreFront9)) into retscore;
 
 
when 4 then 

SELECT (sum(s.strokes) - sum(c.Par) )Score into retscoreFront9
FROM golf.shots s,golf.score sc,golf.courseholes c,golf.uiselected u
 where s.holeid=c.idcourseholes and sc.idscore = s.idscore and  s.idscore =  u.SelectedScoreEntry  and s.HoleStatus=2
 
 and HoleNumber >= 1 and HoleNumber < 4;

select (retscoreBack9 -(-1*retscoreFront9)) into retscore;
 
 
when 5 then 

SELECT (sum(s.strokes) - sum(c.Par) )Score into retscoreFront9
FROM golf.shots s,golf.score sc,golf.courseholes c,golf.uiselected u
 where s.holeid=c.idcourseholes and sc.idscore = s.idscore and  s.idscore =  u.SelectedScoreEntry  and s.HoleStatus=2
 
 and HoleNumber >= 1 and HoleNumber < 5;

select (retscoreBack9 -(-1*retscoreFront9)) into retscore;
 
 
 when 6 then 

SELECT (sum(s.strokes) - sum(c.Par) )Score into retscoreFront9
FROM golf.shots s,golf.score sc,golf.courseholes c,golf.uiselected u
 where s.holeid=c.idcourseholes and sc.idscore = s.idscore and  s.idscore =  u.SelectedScoreEntry  and s.HoleStatus=2
 
 and HoleNumber >= 1 and HoleNumber < 6;

select (retscoreBack9 -(-1*retscoreFront9)) into retscore;
 
 
  when 7 then 

SELECT (sum(s.strokes) - sum(c.Par) )Score into retscoreFront9
FROM golf.shots s,golf.score sc,golf.courseholes c,golf.uiselected u
 where s.holeid=c.idcourseholes and sc.idscore = s.idscore and  s.idscore =  u.SelectedScoreEntry  and s.HoleStatus=2
 
 and HoleNumber >= 1 and HoleNumber < 7;

select (retscoreBack9 -(-1*retscoreFront9)) into retscore;
 
 
   when 8 then 

SELECT (sum(s.strokes) - sum(c.Par) )Score into retscoreFront9
FROM golf.shots s,golf.score sc,golf.courseholes c,golf.uiselected u
 where s.holeid=c.idcourseholes and sc.idscore = s.idscore and  s.idscore =  u.SelectedScoreEntry  and s.HoleStatus=2
 
 and HoleNumber >= 1 and HoleNumber < 8;

select (retscoreBack9 -(-1*retscoreFront9)) into retscore;
 
 
 when 9 then 

SELECT (sum(s.strokes) - sum(c.Par) )Score into retscoreFront9
FROM golf.shots s,golf.score sc,golf.courseholes c,golf.uiselected u
 where s.holeid=c.idcourseholes and sc.idscore = s.idscore and  s.idscore =  u.SelectedScoreEntry  and s.HoleStatus=2
 
 and HoleNumber >= 1 and HoleNumber < 9;

select (retscoreBack9 -(-1*retscoreFront9)) into retscore;

when 10 then 

return '';

 when 11 then 

SELECT (sum(s.strokes) - sum(c.Par) )Score into retscore
FROM golf.shots s,golf.score sc,golf.courseholes c,golf.uiselected u
 where s.holeid=c.idcourseholes and sc.idscore = s.idscore and  s.idscore =  u.SelectedScoreEntry  and s.HoleStatus=2
 
and HoleNumber > 9 and HoleNumber < 11;
 
 
 when 12 then 

SELECT (sum(s.strokes) - sum(c.Par) )Score into retscore
FROM golf.shots s,golf.score sc,golf.courseholes c,golf.uiselected u
 where s.holeid=c.idcourseholes and sc.idscore = s.idscore and  s.idscore =  u.SelectedScoreEntry  and s.HoleStatus=2
 
 and HoleNumber > 9 and HoleNumber < 12;
 
 
when 13 then 

SELECT (sum(s.strokes) - sum(c.Par) )Score into retscore
FROM golf.shots s,golf.score sc,golf.courseholes c,golf.uiselected u
 where s.holeid=c.idcourseholes and sc.idscore = s.idscore and  s.idscore =  u.SelectedScoreEntry  and s.HoleStatus=2
 
 and HoleNumber > 9 and HoleNumber < 13;
 
 
when 14 then 

SELECT (sum(s.strokes) - sum(c.Par) )Score into retscore
FROM golf.shots s,golf.score sc,golf.courseholes c,golf.uiselected u
 where s.holeid=c.idcourseholes and sc.idscore = s.idscore and  s.idscore =  u.SelectedScoreEntry  and s.HoleStatus=2
 
 and HoleNumber > 9 and HoleNumber < 14;
 
 
 when 15 then 

SELECT (sum(s.strokes) - sum(c.Par) )Score into retscore
FROM golf.shots s,golf.score sc,golf.courseholes c,golf.uiselected u
 where s.holeid=c.idcourseholes and sc.idscore = s.idscore and  s.idscore =  u.SelectedScoreEntry  and s.HoleStatus=2
 
 and HoleNumber > 9 and HoleNumber < 15;
 
 
  when 16 then 

SELECT (sum(s.strokes) - sum(c.Par) )Score into retscore
FROM golf.shots s,golf.score sc,golf.courseholes c,golf.uiselected u
 where s.holeid=c.idcourseholes and sc.idscore = s.idscore and  s.idscore =  u.SelectedScoreEntry  and s.HoleStatus=2
 
 and HoleNumber > 9 and HoleNumber < 16;
 
 
   when 17 then 

SELECT (sum(s.strokes) - sum(c.Par) )Score into retscore
FROM golf.shots s,golf.score sc,golf.courseholes c,golf.uiselected u
 where s.holeid=c.idcourseholes and sc.idscore = s.idscore and  s.idscore =  u.SelectedScoreEntry  and s.HoleStatus=2
 
 and HoleNumber > 9 and HoleNumber < 17;
 
 
 when 18 then 

SELECT (sum(s.strokes) - sum(c.Par) )Score into retscore
FROM golf.shots s,golf.score sc,golf.courseholes c,golf.uiselected u
 where s.holeid=c.idcourseholes and sc.idscore = s.idscore and  s.idscore =  u.SelectedScoreEntry  and s.HoleStatus=2
 
 and HoleNumber > 9 and HoleNumber < 18;
 
 
end case;


if retRoundsScore is not null then
select (retRoundsScore -(-1*retscore)) into returnTournamentScore;
else
select retscore into returnTournamentScore;
end if;

select case  SIGN(returnTournamentScore)  when 1 then concat('+',returnTournamentScore) when 0 then 'E' else returnTournamentScore end into retResult;

RETURN retResult;
END ;;
DELIMITER ;
/*!50003 SET sql_mode              = @saved_sql_mode */ ;
/*!50003 SET character_set_client  = @saved_cs_client */ ;
/*!50003 SET character_set_results = @saved_cs_results */ ;
/*!50003 SET collation_connection  = @saved_col_connection */ ;
/*!50003 DROP FUNCTION IF EXISTS `GetPlayerSurNameFromID` */;
/*!50003 SET @saved_cs_client      = @@character_set_client */ ;
/*!50003 SET @saved_cs_results     = @@character_set_results */ ;
/*!50003 SET @saved_col_connection = @@collation_connection */ ;
/*!50003 SET character_set_client  = utf8mb4 */ ;
/*!50003 SET character_set_results = utf8mb4 */ ;
/*!50003 SET collation_connection  = utf8mb4_general_ci */ ;
/*!50003 SET @saved_sql_mode       = @@sql_mode */ ;
/*!50003 SET sql_mode              = 'STRICT_TRANS_TABLES,NO_AUTO_CREATE_USER,NO_ENGINE_SUBSTITUTION' */ ;
DELIMITER ;;
CREATE DEFINER=`root`@`localhost` FUNCTION `GetPlayerSurNameFromID`(iSelectedId bigint) RETURNS varchar(400) CHARSET latin1
    READS SQL DATA
    DETERMINISTIC
BEGIN
declare retname varchar(400) default '';
select c.lastname into retname from players c where PlayerID = iSelectedId;

RETURN retname;
END ;;
DELIMITER ;
/*!50003 SET sql_mode              = @saved_sql_mode */ ;
/*!50003 SET character_set_client  = @saved_cs_client */ ;
/*!50003 SET character_set_results = @saved_cs_results */ ;
/*!50003 SET collation_connection  = @saved_col_connection */ ;
/*!50003 DROP FUNCTION IF EXISTS `GetPlayerSurnameIncludeInitialIfDupInTeamFromID` */;
/*!50003 SET @saved_cs_client      = @@character_set_client */ ;
/*!50003 SET @saved_cs_results     = @@character_set_results */ ;
/*!50003 SET @saved_col_connection = @@collation_connection */ ;
/*!50003 SET character_set_client  = utf8mb4 */ ;
/*!50003 SET character_set_results = utf8mb4 */ ;
/*!50003 SET collation_connection  = utf8mb4_general_ci */ ;
/*!50003 SET @saved_sql_mode       = @@sql_mode */ ;
/*!50003 SET sql_mode              = 'STRICT_TRANS_TABLES,NO_AUTO_CREATE_USER,NO_ENGINE_SUBSTITUTION' */ ;
DELIMITER ;;
CREATE DEFINER=`root`@`localhost` FUNCTION `GetPlayerSurnameIncludeInitialIfDupInTeamFromID`(iSelectedId BIGINT) RETURNS varchar(400) CHARSET latin1
    READS SQL DATA
    DETERMINISTIC
BEGIN
declare retSurname varchar(400);

select if((select a.lastname not in(SELECT s.lastname FROM golf.players s where s.playerid<> iSelectedId)),a.lastname,concat(left(a.firstname,1),'. ',a.lastname)) into retSurname
from golf.players a where a.playerid = iSelectedId;

RETURN retSurname;
END ;;
DELIMITER ;
/*!50003 SET sql_mode              = @saved_sql_mode */ ;
/*!50003 SET character_set_client  = @saved_cs_client */ ;
/*!50003 SET character_set_results = @saved_cs_results */ ;
/*!50003 SET collation_connection  = @saved_col_connection */ ;
/*!50003 DROP FUNCTION IF EXISTS `GetTournamentSelectedCourseHolesNumber` */;
/*!50003 SET @saved_cs_client      = @@character_set_client */ ;
/*!50003 SET @saved_cs_results     = @@character_set_results */ ;
/*!50003 SET @saved_col_connection = @@collation_connection */ ;
/*!50003 SET character_set_client  = utf8mb4 */ ;
/*!50003 SET character_set_results = utf8mb4 */ ;
/*!50003 SET collation_connection  = utf8mb4_general_ci */ ;
/*!50003 SET @saved_sql_mode       = @@sql_mode */ ;
/*!50003 SET sql_mode              = 'STRICT_TRANS_TABLES,NO_AUTO_CREATE_USER,NO_ENGINE_SUBSTITUTION' */ ;
DELIMITER ;;
CREATE DEFINER=`root`@`localhost` FUNCTION `GetTournamentSelectedCourseHolesNumber`(iSelectedID BIGINT) RETURNS int(11)
    READS SQL DATA
    DETERMINISTIC
BEGIN
declare retResult int default 0;

SELECT Holes into retResult  FROM golf.course WHERE courseid = iSelectedID;

RETURN retResult;
END ;;
DELIMITER ;
/*!50003 SET sql_mode              = @saved_sql_mode */ ;
/*!50003 SET character_set_client  = @saved_cs_client */ ;
/*!50003 SET character_set_results = @saved_cs_results */ ;
/*!50003 SET collation_connection  = @saved_col_connection */ ;
/*!50003 DROP PROCEDURE IF EXISTS `GetTournamentSelectedLeaderBoard` */;
/*!50003 SET @saved_cs_client      = @@character_set_client */ ;
/*!50003 SET @saved_cs_results     = @@character_set_results */ ;
/*!50003 SET @saved_col_connection = @@collation_connection */ ;
/*!50003 SET character_set_client  = utf8mb4 */ ;
/*!50003 SET character_set_results = utf8mb4 */ ;
/*!50003 SET collation_connection  = utf8mb4_general_ci */ ;
/*!50003 SET @saved_sql_mode       = @@sql_mode */ ;
/*!50003 SET sql_mode              = 'STRICT_TRANS_TABLES,NO_AUTO_CREATE_USER,NO_ENGINE_SUBSTITUTION' */ ;
DELIMITER ;;
CREATE DEFINER=`root`@`localhost` PROCEDURE `GetTournamentSelectedLeaderBoard`(iColumn int,limitstart int, limitCount int)
BEGIN

case 

iColumn

when 0 then
SELECT s.GraphicPos,GetplayerNameFromID(s.playerid)PlayerName,GetplayerSurnameFromID(s.playerid)PlayerSurName,GetPlayerSelectedTournamentScore(s.playerid) TournamentScore,
if(GetTournamentSelectedCourseHolesNumber(s.courseid)=GetPlayerSelectedRoundHolesPlayed(s.idscore) ,
			ifnull(GetPlayerSelectedRoundHolesPlayedStrokes(s.idscore),'--'),ifnull(if(s.back9start=1,concat(GetPlayerSelectedRoundLastCompletedHole(s.idscore),'*'),if(GetPlayerSelectedRoundLastCompletedHole(s.idscore)=0,s.teetime,GetPlayerSelectedRoundLastCompletedHole(s.idscore))),'--')) TotalParORCompletedHole,
GetplayerCountryFlagFromID(s.playerid)PlayerName FROM golf.score s,golf.uiselected u 
where roundid =u.SelectedRound and tournamentid = u.SelectedTournament order by cast(if(TournamentScore='E',0,TournamentScore) as signed) asc,
cast(if(GetPlayerSelectedRoundScore(s.idscore)='E',0,GetPlayerSelectedRoundScore(s.idscore)) as signed) asc,GetPlayerSelectedRoundHolesPlayed(s.idscore) desc,
s.teetime,GetPlayerNameAndSurnameFromID(playerid) asc,s.playerid  limit limitstart,limitCount;

when 6 then

SELECT GetPlayerSelectedTournamentScore(s.playerid) TournamentScore
 FROM golf.score s,golf.uiselected u 
where roundid =u.SelectedRound and tournamentid = u.SelectedTournament order by cast(if(TournamentScore='E',0,TournamentScore) as signed) asc,
cast(if(GetPlayerSelectedRoundScore(s.idscore)='E',0,GetPlayerSelectedRoundScore(s.idscore)) as signed) asc,GetPlayerSelectedRoundHolesPlayed(s.idscore) desc,
s.teetime,GetPlayerNameAndSurnameFromID(playerid) asc,s.playerid limit  limitstart,limitCount;


when 12 then
SELECT s.Ranking,GetplayerNameFromID(s.playerid)PlayerName,GetplayerSurnameFromID(s.playerid)PlayerSurName,GetPlayerSelectedTournamentScore(s.playerid) TournamentScore,
if(GetTournamentSelectedCourseHolesNumber(s.courseid)=GetPlayerSelectedRoundHolesPlayed(s.idscore) ,
			ifnull(GetPlayerSelectedRoundHolesPlayedStrokes(s.idscore),'--'),ifnull(if(s.back9start=1,concat(GetPlayerSelectedRoundLastCompletedHole(s.idscore),'*'),if(GetPlayerSelectedRoundLastCompletedHole(s.idscore)=0,s.teetime,GetPlayerSelectedRoundLastCompletedHole(s.idscore))),'--')) TotalParORCompletedHole,
GetplayerCountryFlagFromID(s.playerid)PlayerName FROM golf.score s,golf.uiselected u 
where roundid =u.SelectedRound and tournamentid = u.SelectedTournament order by cast(if(TournamentScore='E',0,TournamentScore) as signed) asc,
cast(if(GetPlayerSelectedRoundScore(s.idscore)='E',0,GetPlayerSelectedRoundScore(s.idscore)) as signed) asc,GetPlayerSelectedRoundHolesPlayed(s.idscore) desc,
s.teetime,GetPlayerNameAndSurnameFromID(playerid) asc,s.playerid  limit limitstart,limitCount;
                
              
when 13 then
SELECT s.GraphicPos,GetplayerNameFromID(s.playerid)PlayerName,GetplayerSurnameFromID(s.playerid)PlayerSurName,GetPlayerSelectedRoundScore(s.idscore) PlayerScore,GetPlayerSelectedTournamentScore(s.playerid) TournamentScore,
if(GetTournamentSelectedCourseHolesNumber(s.courseid)=GetPlayerSelectedRoundHolesPlayed(s.idscore) ,
			ifnull(GetPlayerSelectedRoundHolesPlayedStrokes(s.idscore),'--'),ifnull(if(s.back9start=1,concat(GetPlayerSelectedRoundLastCompletedHole(s.idscore),'*'),if(GetPlayerSelectedRoundLastCompletedHole(s.idscore)=0,s.teetime,GetPlayerSelectedRoundLastCompletedHole(s.idscore))),'--')) TotalParORCompletedHole,
GetplayerCountryFlagFromID(s.playerid)PlayerName FROM golf.score s,golf.uiselected u where roundid =u.SelectedRound and tournamentid = u.SelectedTournament 
order by cast(if(TournamentScore='E',0,TournamentScore) as signed) asc,cast(if(PlayerScore='E',0,PlayerScore) as signed) asc,
GetPlayerSelectedRoundHolesPlayed(s.idscore) desc,s.teetime,GetPlayerNameAndSurnameFromID(playerid) asc,s.playerid  limit limitstart,limitCount;
                
when 14 then
SELECT s.Ranking,GetplayerNameFromID(s.playerid)PlayerName,GetplayerSurnameFromID(s.playerid)PlayerSurName,GetPlayerSelectedRoundScore(s.idscore) PlayerScore,GetPlayerSelectedTournamentScore(s.playerid) TournamentScore,
if(GetTournamentSelectedCourseHolesNumber(s.courseid)=GetPlayerSelectedRoundHolesPlayed(s.idscore) ,
			ifnull(GetPlayerSelectedRoundHolesPlayedStrokes(s.idscore),'--'),ifnull(if(s.back9start=1,concat(GetPlayerSelectedRoundLastCompletedHole(s.idscore),'*'),if(GetPlayerSelectedRoundLastCompletedHole(s.idscore)=0,s.teetime,GetPlayerSelectedRoundLastCompletedHole(s.idscore))),'--')) TotalParORCompletedHole,
GetplayerCountryFlagFromID(s.playerid)PlayerName FROM golf.score s,golf.uiselected u where roundid =u.SelectedRound and tournamentid = u.SelectedTournament 
order by cast(if(TournamentScore='E',0,TournamentScore) as signed) asc,cast(if(PlayerScore='E',0,PlayerScore) as signed) asc,
GetPlayerSelectedRoundHolesPlayed(s.idscore) desc,s.teetime,GetPlayerNameAndSurnameFromID(playerid) asc,s.playerid  limit limitstart,limitCount;

                
end case;
END ;;
DELIMITER ;
/*!50003 SET sql_mode              = @saved_sql_mode */ ;
/*!50003 SET character_set_client  = @saved_cs_client */ ;
/*!50003 SET character_set_results = @saved_cs_results */ ;
/*!50003 SET collation_connection  = @saved_col_connection */ ;
/*!40103 SET TIME_ZONE=@OLD_TIME_ZONE */;

/*!40101 SET SQL_MODE=@OLD_SQL_MODE */;
/*!40014 SET FOREIGN_KEY_CHECKS=@OLD_FOREIGN_KEY_CHECKS */;
/*!40014 SET UNIQUE_CHECKS=@OLD_UNIQUE_CHECKS */;
/*!40101 SET CHARACTER_SET_CLIENT=@OLD_CHARACTER_SET_CLIENT */;
/*!40101 SET CHARACTER_SET_RESULTS=@OLD_CHARACTER_SET_RESULTS */;
/*!40101 SET COLLATION_CONNECTION=@OLD_COLLATION_CONNECTION */;
/*!40111 SET SQL_NOTES=@OLD_SQL_NOTES */;

-- Dump completed on 2021-03-06  8:41:32
